uf;date;median;lower_50;upper_50;lower_80;upper_80;lower_90;upper_90;lower_95;upper_95
AC;2024/10/06;44;25;187;11;1917;7;1917;6;1917
AC;2024/10/13;60;27;1917;20.7;1917;9;1917;7;1917
AC;2024/10/20;56.5;27;1917;18;1917;10;1917;5.975;1917
AC;2024/10/27;67.5;35;1381;20;1917;13;1917;6;1917
AC;2024/11/03;75;35;487;18;1917;12;1917;8;1917
AC;2024/11/10;58;30;300;18;1917;8.95;1917;4;1917
AC;2024/11/17;82;30.75;300;20;849;12.95;1917;8;1917
AC;2024/11/24;82;30;300;20;849;11;1917;4;1917
AC;2024/12/01;195;40;679;21;1196;12;1399.99999999998;4;1917
AC;2024/12/08;258;52.75;896;22;1174;12;1399.99999999998;4;1917
AC;2024/12/15;231.5;69;514;20;1105;12;1791;5;1917
AC;2024/12/22;195;51.75;474;20;914;10;1791;4;1917
AC;2024/12/29;153;59;531;27;1105;11.95;1831;8;1917
AC;2025/01/05;116;56;512;27;1459;13;2060;7;3213
AC;2025/01/12;116;75.75;374;30;1013;16;1950.95;8;3409
AC;2025/01/19;126;67;445.75;30;1192.5;13;2078;8;3409
AC;2025/01/26;191;79;386;30;1013;13;1459;9;3409
AC;2025/02/02;220;71;477;30;1013;13;1459;9;3217
AC;2025/02/09;213;85;656;30;1028;12;1457;4;2535.675
AC;2025/02/16;195;85;658;38;1013;19;1189;4;2337.625
AC;2025/02/23;170.5;85;481.25;38;938;17;1189;7;2114
AC;2025/03/02;194.5;85;689;40;981;14.9;1458.8;4;3217.9
AC;2025/03/09;132;86;506.75;47.9;938;21.95;1493;5;2078.9
AC;2025/03/16;86;70;231;39;696.2;18;1218.05;5;1899.3
AC;2025/03/23;83;50;222;25;602;9;1149.3;5;2078.9
AC;2025/03/30;86;44;222;24;573;8;1213.4;5;2114
AC;2025/04/06;127.5;65;321;24;595;15.95;1537.95;5;2114
AC;2025/04/13;97;59.75;236;24;595;16;1494.6;6;2114
AC;2025/04/20;104;64;222;24;595;13;1429.05;4;2114
AC;2025/04/27;97;68;195;24;595;14.9;1450.25;5;2255.35
AL;2024/10/06;95;39;208;19;688;18;688;15;688
AL;2024/10/13;111;39;243;19;688;18;688;13;690.899999999999
AL;2024/10/20;125;44;271;21;688;18;688;13;805
AL;2024/10/27;123;47;271;21;688;16;688;11;805
AL;2024/11/03;121;66;271;30;751;20.95;751;16.975;889
AL;2024/11/10;106;62;198;31;605;20;805;17;1203.55
AL;2024/11/17;113;62;401.5;26.9;864.2;22;1297;18;1297
AL;2024/11/24;115;77;380.75;32;825;23;1009.79999999999;17;1297
AL;2024/12/01;95;33;383.25;19;726;15;1006;15;1882
AL;2024/12/08;134;35;486;15;738;15;1761;13.975;2611
AL;2024/12/15;175;35;486;19;772;15;1882;11;4185
AL;2024/12/22;136;40.25;486;20.9;726;10;1126.74999999999;8;1934.34999999998
AL;2024/12/29;71;58;387;31;693.600000000001;14.95;1041;8;1761.55
AL;2025/01/05;148;60;607;45;687;37.9;1459;34;4512
AL;2025/01/12;169;60;607;45;1238;34;4512;34;4512
AL;2025/01/19;178;60;607;34;1468.1;30;4512;30;4512
AL;2025/01/26;148;34;607;21;1238;14;4226.99999999999;14;4512
AL;2025/02/02;88;51;217;38.9;784.200000000001;28;2531;15.975;4512
AL;2025/02/09;88;54;238;31;2114;15;2770;15;6444
AL;2025/02/16;136;45;257;37.8;2114;28;4226.99999999999;16;10651
AL;2025/02/23;110;34;565;16;2114;16;2531;16;4219.49999999999
AL;2025/03/02;124;68;459;28;2114;20;2531;16;2780.47499999999
AL;2025/03/09;166;74;565;40;2114;20;2770;16;10651
AL;2025/03/16;192;103;441;34;2114;16;2114;6;2770
AL;2025/03/23;192;70;455;16;1897;6;2114;6;2587
AL;2025/03/30;347;124;710;31;2114;16;2114;6;2587
AL;2025/04/06;528;217;1192;57.6;2114;44;2770;26;7540
AL;2025/04/13;616.5;236;1430;86;2114;44;2587;26;7540
AL;2025/04/20;581;236;1801.75;91;2114;48;2587;30;7595.52499999995
AL;2025/04/27;581;261;1430;79;2114;52;2533.8;40.975;7540
AM;2024/10/06;65;39;78;23;187;9;250;6;1917
AM;2024/10/13;65;36;79;21;228;8;1917;5;1917
AM;2024/10/20;65;41;93;18;202;8;274.799999999997;4;1917
AM;2024/10/27;65;31;107;9;161;4;238;3;1917
AM;2024/11/03;54;30;78;12.9;140;4;228;2;1917
AM;2024/11/10;41;26;103;6.90000000000001;138.2;2;216;0;389
AM;2024/11/17;53;28;118;4;204;2;353;2;436
AM;2024/11/24;53;26;118;4;204;2;389;2;506
AM;2024/12/01;54;19;134;3;204;1;436;1;440
AM;2024/12/08;45;16.75;134;3;204;1;353;0;440
AM;2024/12/15;81;16.75;156;3;196.2;2;325;0;440.949999999999
AM;2024/12/22;84;24;158.5;5;256;2;389;0;597
AM;2024/12/29;59;17;194;5;415;2;597.5;0;786.799999999999
AM;2025/01/05;96;32.5;198;8.90000000000001;607.8;6;1457;3.975;1509.24999999999
AM;2025/01/12;105;29.75;231;8;687;4;1457;3;3409
AM;2025/01/19;131;50.75;231;9;687;4;1457;0;3213
AM;2025/01/26;131;34.75;234.75;9;1013;6;1457;2.95;3409
AM;2025/02/02;225;55;519;11.9;3409;8;3409;4;4629
AM;2025/02/09;180;54;484.5;8;2333;1;3409;1;3409
AM;2025/02/16;141;54;430.75;6;1525;3.95;3409;1;3409
AM;2025/02/23;120;44.5;276;8;1014.7;4;3409;2;3409
AM;2025/03/02;140;65;348;8;2114;4;5353;0;5353
AM;2025/03/09;185;85;342;13;1183;4;3213;1;4629
AM;2025/03/16;186;81;342;10;811;4;2114;1;3409
AM;2025/03/23;136;68;307;8;666;4;1863;2;3409
AM;2025/03/30;106;59.75;304;8;533.400000000001;4;1691;2;3409
AM;2025/04/06;106;55;300;9;595;4;1389;2;2114
AM;2025/04/13;103;52.75;267;9;595;4;982.599999999999;2;2114
AM;2025/04/20;94;53;410;8;596;4;935.399999999998;2;2077
AM;2025/04/27;92;47;229;7.90000000000001;595;4;982.599999999999;2;2077.925
AP;2024/10/06;23;9;54;5;164;1;228;1;1917
AP;2024/10/13;14;5;54;1;204.600000000001;1;1917;1;1917
AP;2024/10/20;19;5;62.5;1;193;1;257;0;1917
AP;2024/10/27;28;8;65;3;133;1;238;0;1917
AP;2024/11/03;33;22;59;8;107;3;228;2;364.45
AP;2024/11/10;36;9;46;3;74;2;117.25;0;228
AP;2024/11/17;28;9;46;5;53;2;70.05;2;140.225
AP;2024/11/24;28;8;53;5;53;2;59.1499999999999;2;177
AP;2024/12/01;19;4;32;1;53;1;53;1;159
AP;2024/12/08;18;4;30.5;2;53;1;59;1;176
AP;2024/12/15;18;6;26;2;53;1;63;0;161
AP;2024/12/22;19;10;32;2;59;1;72.5499999999995;1;157.075
AP;2024/12/29;11;6;59;2;144.1;1;260.2;0;597
AP;2025/01/05;18;8;63;3;268;1;938;1;1459
AP;2025/01/12;23;8;74;3;375.8;3;788;1;1459
AP;2025/01/19;22;11;68;3;526.5;0;938;0;1459
AP;2025/01/26;33;13;68;9;226.8;6;607;2;938
AP;2025/02/02;13;6;75;2;471;1;1013;1;2520.425
AP;2025/02/09;19.5;4;87;1;458.4;1;1013.85;0;2114
AP;2025/02/16;19;4;102;1;351;1;832.199999999996;0;1529.15
AP;2025/02/23;27;4;102;2;342;1;680;0;1390
AP;2025/03/02;17;8;113;4;350.700000000001;0;1013;0;1721
AP;2025/03/09;17;8;178;5;520;1.95;1359;0;2078
AP;2025/03/16;27;8;222;4;425;1;1361.5;0;2078.9
AP;2025/03/23;17.5;5;164.25;3;425;2;1459.45;1;2114.6
AP;2025/03/30;30;8;161;4;425;2;1429.95;1;2119.82499999999
AP;2025/04/06;29;8;117;4;425;2;1279.8;1.975;2078
AP;2025/04/13;39.5;8;100;4;342;2;940.149999999998;2;2078.9
AP;2025/04/20;26;8;117;5;304;3;671;2;2077
AP;2025/04/27;27.5;7;131.75;5;453;2;1061;2;2114
BA;2024/10/06;134;74;197;35;325.6;20;437;14.95;504
BA;2024/10/13;136;71;194.25;25;378;16.95;462;11;574
BA;2024/10/20;137;84.5;196.25;34;378;18;462;13;605
BA;2024/10/27;138;85;238;34;372;17.9;462;11;605
BA;2024/11/03;132;71;232;35.9;462;18;504;11;605
BA;2024/11/10;139;80;248.25;32;563;20;605;17;805
BA;2024/11/17;191;93;443.5;33.9;719;23;889;17.975;890.374999999999
BA;2024/11/24;160;82;403;36;719;26;891.649999999998;20;1331
BA;2024/12/01;177;92;380;34.9;847;26;1044;19;1882
BA;2024/12/08;266;107.25;548;42;1044;26;1761;18;2909
BA;2024/12/15;324;141;772;38;1044;29;2909;22;4185
BA;2024/12/22;307;103.75;772;38;1044;28;2909;19;2909
BA;2024/12/29;229;66;756.75;37;1044;26.95;1783;11;2290
BA;2025/01/05;264;127;649;60;1570.7;42;2531;36;4512
BA;2025/01/12;524;148;761;71;2531;46;4425;34;4512
BA;2025/01/19;445;148;1016;71;2531;37.95;4512;34;4512
BA;2025/01/26;472;155;1238;43;2840;34;4512;14;4512
BA;2025/02/02;1238;259.5;2770;110;4425;65.65;4512;34;6432
BA;2025/02/09;1612;477;3189;121;6034.20000000001;84.75;6432;36;6444
BA;2025/02/16;1612;465.75;3689;131;6444;103;10651;73.85;10651
BA;2025/02/23;1031;335;2770;171.8;3922.60000000001;103;6444;84.9;10651
BA;2025/03/02;1160;407;1797;212;2770;178.45;5365;117.9;10651
BA;2025/03/09;1435;421.5;2034;246;2783.9;205;5199;160;10651
BA;2025/03/16;1406;415.5;2233;259;2770;206;4359;160;7540
BA;2025/03/23;1819;1079.5;2495;407;3402;240.7;4968;191;7595.52499999995
BA;2025/03/30;1852;952;2587;372;3552;245;5562.59999999997;204.75;14719.8499999999
BA;2025/04/06;1534;1145;3086;268;3552;201.5;5218.9;162.95;10651
BA;2025/04/13;1534;1145;2595;235.9;3402;202;5274;164.95;10651
BA;2025/04/20;1534;572;2342;206;3258;191.95;5846.64999999996;164.95;12492
BA;2025/04/27;1534;654;2180;202;2965;192;4309.15;142;10651
CE;2024/10/06;191;76;271;34;445;29;605;18;605
CE;2024/10/13;128;71;271;29;414;26.95;605;17;605
CE;2024/10/20;128;71;271;61;372;27;605;19.95;605
CE;2024/10/27;128;76;290;66;414;33.75;605;20;605
CE;2024/11/03;121;76;443.5;34;605;17;605;13;605
CE;2024/11/10;176;80;605;34;605;17;605;14;605
CE;2024/11/17;130;66;484.5;24;605;20;605;16;944
CE;2024/11/24;103;48;266;40;605;22;605;16;777
CE;2024/12/01;266;92;303;48;847;31.95;847;24;847
CE;2024/12/08;194;74;266;64;303;27;847;18;847
CE;2024/12/15;161;71;266;38;303;22;605;15.95;847
CE;2024/12/22;175;71;196;28;303;23;605;14;847
CE;2024/12/29;98;77;182;37;454;19.95;1131;14;3670
CE;2025/01/05;130;60;148;41;472;41;1459;33;4031
CE;2025/01/12;157;77;589;41;868;41;1456;38.875;4212
CE;2025/01/19;472;130;607;52;1456;41;1456;19;1550
CE;2025/01/26;217;148;552;52;901.000000000001;34;1456;33.825;2432.525
CE;2025/02/02;317;184;542;110;1131;39;1459;34;2531
CE;2025/02/09;384;215;604;110;1060;41;2114;34;2580
CE;2025/02/16;478;245;629;155;1060;45;1615.9;37;2580
CE;2025/02/23;335;245;629;122;1148;41.95;1690;32;2580
CE;2025/03/02;897;298;1826;113.9;3600.8;62.9;9761;39;12596
CE;2025/03/09;1063;378;1826;149;4306;74;11994;42;18217
CE;2025/03/16;958;341;1826;192;2770;107;10651;57.925;12596
CE;2025/03/23;984;444;1852;202;3402;117;9761;64.95;12596
CE;2025/03/30;1150.5;477.75;1970;202;3552;117;10651;55;12596
CE;2025/04/06;1514;630;3319.5;222;12596;111;12596;93.95;12596
CE;2025/04/13;1430;586;3210.25;192.8;12596;100;12596;94;12596
CE;2025/04/20;1299.5;572;3258;164.6;12596;94;12596;85.975;12596
CE;2025/04/27;1151;476;2663;111;12596;94;12596;84.85;12596
DF;2024/10/06;33;26;125;14;359;13;435;11;469
DF;2024/10/13;33;20;125;13;365;13;469;11;469
DF;2024/10/20;33;13;125;13;365;10.95;365;8;469
DF;2024/10/27;50;21;125;11;236;10;365;10;469
DF;2024/11/03;103;24;133;17;174;10;319;10;365
DF;2024/11/10;103;24;140;22;216;17;373;11;590
DF;2024/11/17;50;26;128;22;216;16;380.099999999999;13.975;766
DF;2024/11/24;67;24;166;22;316;11;382;11;599
DF;2024/12/01;78;38.75;259;26;944;21.95;2468;16;2468
DF;2024/12/08;161;43;784;32;2468;18;2611;18;2611
DF;2024/12/15;161;43;548;30.5;2468;18;2468;18;2611
DF;2024/12/22;161;56;548;33;2468;18;2611;18;3680
DF;2024/12/29;216.5;70;1694.25;29;5545;11;8565;3.95;18361
DF;2025/01/05;404;162;833;45.7;1752;7;3884.79999999999;0;8713
DF;2025/01/12;483;214;878;62;1752;18.8;3890.89999999998;0;8617
DF;2025/01/19;345;205.5;880;43;1752;0;3288.35;0;7644
DF;2025/01/26;629;214;1646;31;2936.10000000001;0;9794;0;10445
DF;2025/02/02;386.5;253;1405;48;4443;0;21745;0;22583
DF;2025/02/09;531;293;1379;76;2509;48.95;4025.79999999999;5;8149
DF;2025/02/16;468;202.5;1379;64;2908;7;4443;0;18462
DF;2025/02/23;293;177;1099.25;76;2908;48;4443;0;15977.575
DF;2025/03/02;519;176;1989;52;3027;1.90000000000001;5766.74999999997;0;11654
DF;2025/03/09;519;130;2088;52;3874;0;8266.94999999994;0;11994
DF;2025/03/16;718;207;2088;53;4743.00000000001;6.90000000000001;10347;0;15684.1
DF;2025/03/23;1086;296;2908;78;9539;52;10347;1.975;15589.45
DF;2025/03/30;1086;341;3178;78;9539;39;10354.3;0;15736.0499999999
DF;2025/04/06;919;296;1363;78;3305;78;5581;49;12510.025
DF;2025/04/13;907;296;1237;78;3305;60;5581;39;6901.69999999999
DF;2025/04/20;722;167.75;1363;60;5581;0;5581;0;11921.625
DF;2025/04/27;630;195;1363;60;4417;8;5581;0;9928.12499999997
ES;2024/10/06;85;30.75;159;0;391.8;0;660;0;791
ES;2024/10/13;92.5;23.75;163;0;437;0;631;0;660
ES;2024/10/20;117;42;182;13;401.2;0;631;0;685.349999999998
ES;2024/10/27;128;37.5;182;11;437;0;633.199999999998;0;842
ES;2024/11/03;103;41.5;199;13;411.4;9.85000000000001;730;0;889
ES;2024/11/10;133.5;52;289;17;805;0;889;0;960.124999999999
ES;2024/11/17;155;65.25;469;18;889;0;999;0;1120
ES;2024/11/24;166;70;430;23;915.6;15.9;1120;0;1313
ES;2024/12/01;156.5;70;454;13;931;13;1321.89999999999;13;1783
ES;2024/12/08;215;94;546;26;1683;13;1882;12;2091.725
ES;2024/12/15;263.5;107;676;43;1683;13;1882;11.975;2833
ES;2024/12/22;277;102;676;32;1683;14.95;1882.65;11;3759
ES;2024/12/29;312.5;92;1783;29;4432;11;7395;2.975;18361
ES;2025/01/05;649;213.5;1459;26.1;2435;0;4419;0;8713
ES;2025/01/12;717;214;1752;1;2963.10000000001;0;6218.24999999998;0;13135
ES;2025/01/19;629;137;1548.75;0;1992.2;0;3655.6;0;5771.89999999999
ES;2025/01/26;960;198;1752;0;2483;0;3883.49999999999;0;6467.95
ES;2025/02/02;1839;304;2718;153.1;4015.7;34;5744.94999999999;0;12608.9
ES;2025/02/09;1476.5;327;2739;191;4064;134.85;5918.04999999998;74;8162.97499999999
ES;2025/02/16;476;192;2718;158;4015;112;5737;70.275;8708
ES;2025/02/23;448;247;2078;161;4015;156;5665;76;8708
ES;2025/03/02;519;137;1568;0;4310;0;7397;0;11438
ES;2025/03/09;420;4.75;1989;0;4792;0;7272.54999999999;0;8529.22499999999
ES;2025/03/16;611.5;206.5;2078;0;5632;0;7397;0;9674.24999999998
ES;2025/03/23;1691;255;3635;0;7397;0;8889;0;10350.65
ES;2025/03/30;1691;387;3635;71.7;8889;0;10347;0;15220
ES;2025/04/06;1477;366;3305;207;12251;161;17751;77.225;17751
ES;2025/04/13;1213;366;3305;242.9;12507.8;161;17751;85;17751
ES;2025/04/20;1212;326.75;4968;195;13213;161;17751;85;17751
ES;2025/04/27;981;327;3227;201;12492;161;17751;124.9;17751
GO;2024/10/06;417;357;528;229;762;193;860;154.925;860
GO;2024/10/13;503;384;578;229;762;193;860;128;867
GO;2024/10/20;478;376;673;193;762;132.8;762;20;860
GO;2024/10/27;390;204;606;193;762;128;762;31;762
GO;2024/11/03;480;323;658;242;723;193;949;140;949
GO;2024/11/10;480;242;676;242;723;193;949;133;999
GO;2024/11/17;599;260;999;231.7;1083;67;1083;40;1565
GO;2024/11/24;480;260;661;166;968;104;1013;40;1332
GO;2024/12/01;548;260;893;78;1446;32;2047;26;2611
GO;2024/12/08;680;242;968;64.7;1761;43;2611;18;2611
GO;2024/12/15;680;260;968;81.6;1754;38;2611;18;3129
GO;2024/12/22;565;263;1203;87.9000000000001;1783;43;2615.5;21.9;3670
GO;2024/12/29;546;122;1783;38;4689;11;7395;11;18361
GO;2025/01/05;1306;411.5;1973;95;4919;33.8;8713;2;23289
GO;2025/01/12;1425.5;520;2643;126;6622;33.8;8621.8;0;15671.2499999999
GO;2025/01/19;1194;492.25;2567;122;5401;12;8753.54999999996;0;19823.1749999999
GO;2025/01/26;1338;520;2896;95;6845;12;9794;0;21601.675
GO;2025/02/02;1520.5;561.75;3095.75;138.8;5896;48;10217;0;16496
GO;2025/02/09;2202;841.5;3264;192;6952;112;10690.35;77;16496
GO;2025/02/16;1497;448;3528;161;6952;112;11653;77;19208
GO;2025/02/23;1721;448;5665;192;6952;155;10217;82.85;12524.95
GO;2025/03/02;2134;591;4037;194.9;11007;49;15788.3;1.95;24482.5749999999
GO;2025/03/09;2250;591;3868.75;130;10217;12;11666.65;0;21595.7
GO;2025/03/16;2078;617;3686;210.6;11007;33.85;15220;0;21584
GO;2025/03/23;2476.5;598;6124;228.3;11247.2;59.95;24491.1499999999;5;37136
GO;2025/03/30;2970;817;6454;250;15875.1;136.7;28373;33.8;37136
GO;2025/04/06;3305;1503;6056;462.4;13310;244.7;26050.65;121.25;37136
GO;2025/04/13;3104;1438;7397;296;13310;201;25885;35.95;37136
GO;2025/04/20;2974;1080;9894;272;13310;122;35194.1999999999;6;60440
GO;2025/04/27;2642;973;9894;201.9;11654;77;26122.7499999998;0;45496
MA;2024/10/06;36;16;103;9;201;7;228;5;238
MA;2024/10/13;44;19;107;8;228;6;238;5;617.32499999997
MA;2024/10/20;52;19;75.5;8;228;5;238;5;302.924999999997
MA;2024/10/27;41;18;74;5;216;5;237;5;273.425
MA;2024/11/03;74;28;103;13;160.4;8;238;8;319
MA;2024/11/10;76;34.75;103;19;114;14;195.849999999999;10;320.624999999999
MA;2024/11/17;72;26;103;21;160;14.95;417.799999999998;9;491
MA;2024/11/24;41;22;103;18;160;8;226;4;367.375
MA;2024/12/01;84;22;160;11;178.8;4;227;3.975;452
MA;2024/12/08;133;41;160;17;226;10;227;4;319
MA;2024/12/15;84;23;160;15;226;5;805;4.975;805
MA;2024/12/22;54.5;23;160;14;226;13;805;5;805
MA;2024/12/29;81;32;168;13;576;11;576;5;1784.375
MA;2025/01/05;425;82;699;63;938;43;1459;20.95;4031
MA;2025/01/12;621;100.5;938;63;938;51;1456;28;2185.27499999999
MA;2025/01/19;828;175.5;938;70.5;938;35;1224;21.975;1667.12499999999
MA;2025/01/26;828;160.75;938;52;938;28;957.899999999997;20.95;1459
MA;2025/02/02;162;59;214;51;792.000000000001;34;1233;17;1459
MA;2025/02/09;207.5;125;397;59;1233;43;1380;16.925;2523.525
MA;2025/02/16;208;161;602;59;1233;37;1921;19.95;2982.3
MA;2025/02/23;175;71;602;38.8;1233;24;1897;12;2518
MA;2025/03/02;204;77.75;339;31;1013;21;1493;4;3053
MA;2025/03/09;197;79.5;375.5;30;1248;21;1687;7.95;3319.04999999999
MA;2025/03/16;162;77.75;266;24;1013;21;1525;5;2347
MA;2025/03/23;190;87;245.25;24;1119;21;1721;5;3528
MA;2025/03/30;162;96;255;24;1214.4;21;1902;5;3542.22499999999
MA;2025/04/06;194;96;313.25;28.8;1151.4;20;2077;5;3636.225
MA;2025/04/13;167;83;285;24;1262.7;20;2077;5;3550.175
MA;2025/04/20;150;83;294.5;24;1314;20;2077;5;2435.82499999999
MA;2025/04/27;145.5;71;260;24;1251;20;2077;5;2663
MG;2024/10/06;147;112;255;84.8;371;32;437;19;627
MG;2024/10/13;147;112;255;86;377.7;34;467;19;627
MG;2024/10/20;151;135;220;86;365.6;34;467;19;497.275
MG;2024/10/27;162;139;220;86;365.6;32;467;18;606.125
MG;2024/11/03;270;185;320;125.9;437;37.95;617.899999999997;25;928.4
MG;2024/11/10;270;185;300;145.4;607;48;1004;26;1581.17499999997
MG;2024/11/17;279;188;534;110.2;1004;28;1004;23;2611
MG;2024/11/24;341;188;445;131.3;1004;37.85;1122.5;23;1851
MG;2024/12/01;367;188;632;66.9;1313.8;32;1916.99999999997;26;3016
MG;2024/12/08;367;202;742;70;1952.00000000002;39;3131.15;19.875;6086
MG;2024/12/15;408.5;202;887.5;70;2611;38;4185;11;4440.09999999999
MG;2024/12/22;368;178;1024;50;3020;28.9;4185;10.975;6086
MG;2024/12/29;330;93;1783;11;5545;11;18361;6;18361
MG;2025/01/05;797;370;2580;77.9;8617;22.95;12775;6;23148.6
MG;2025/01/12;834.5;397;3650;97;9794;35;14330;10.9;23145
MG;2025/01/19;807;332;3650;43;9794;33.95;14330;3.975;23145
MG;2025/01/26;1249;370;6845;55;9794;26.7;14330;3;23145
MG;2025/02/02;1409.5;293;9794;48;26548;1;75435;0;89803
MG;2025/02/09;2856;625;11654;267;38014;55.95;89803;14;102825
MG;2025/02/16;2627;678;18462;221.9;34344;74;42453;7;42453
MG;2025/02/23;3213;1090;20320;327;25738;147.9;34344;48.975;42453
MG;2025/03/02;2002;828.25;4756.25;206;22052;45;36697;7;60440
MG;2025/03/09;2055;843;4859.75;130;25014;42.7;36697;7;60440
MG;2025/03/16;2078;886;6415;166.7;31468;37;44527;5;106759
MG;2025/03/23;3035;886;25995;207;37136;36;103743;3;106759
MG;2025/03/30;3635;903;34344;130;55118;41;106759;5;106759
MG;2025/04/06;2773;1138;3640;628;15947;224.95;30909.7499999998;80.925;35663.75
MG;2025/04/13;1991;947;3902;556;23762;195;30623;91.825;34344
MG;2025/04/20;1212;942.25;3902;245;20812;190;24494;60;35663.75
MG;2025/04/27;1158;821;3902;195;15947;190;22034.15;80.95;35626
MS;2024/10/06;86;39.5;113;29;190;24.95;303.2;24;437
MS;2024/10/13;55;37;108;31;190;25;307;24;437
MS;2024/10/20;55;38;110.25;31;198.6;24;333;16.975;437
MS;2024/10/27;64;46;112;26;213.5;24;333;21;437
MS;2024/11/03;85;57;112;47;196;29;323;24.975;463.425
MS;2024/11/10;85;57;116;47;242;29;382;22;553
MS;2024/11/17;85;48;178.5;22;475.5;22;771.199999999995;20;1004
MS;2024/11/24;149;59;248;28;493;22;747.949999999999;20;999.125
MS;2024/12/01;112;60;293;38;851.200000000001;26;1783;22;2022.09999999999
MS;2024/12/08;108;60;369;40.9;1761;32;2611;18;2611
MS;2024/12/15;140;49.5;706;38;1754;30.95;2611;18;2611
MS;2024/12/22;212;50;828;38;1568;11.95;2611;5;2618.44999999999
MS;2024/12/29;312.5;62;1783;32;3670;11;5545;7.95;7307.25
MS;2025/01/05;764;179.5;3319.5;79;5280;51.9;8713;18;23289
MS;2025/01/12;617;155.75;2739;82;6006;43;7594;18;18471.125
MS;2025/01/19;617;144.75;2567;70;7305;37;7305;11.975;15660.8249999999
MS;2025/01/26;795.5;151;2718;66.7;6464;34;7594;12;18471.125
MS;2025/02/02;476;135;1564;74;4212;58.9;7305;21.975;9840.47499999996
MS;2025/02/09;476;173;1811;79;4087.1;74;7594;55.95;17751
MS;2025/02/16;580;173;2518;102.7;4080;74;11653;52;18472.425
MS;2025/02/23;853;234;2518;122;4080;76;13213;52;27235
MS;2025/03/02;951;363.25;1759;130;3468;76;4613.09999999997;44.95;13281.3499999999
MS;2025/03/09;1191;540;2247;158.7;3528;85;5737;55.725;11994
MS;2025/03/16;1031;366;1745;100;3099.6;85;4080;55.725;5776.39999999996
MS;2025/03/23;1013;354.5;1409;130;2552;85;4151;40.95;5216
MS;2025/03/30;955;201;1409;121;3485;66;3528;4.975;7970.92499999989
MS;2025/04/06;1167;282;2228;102.7;9657;66;13213;41;17922.2
MS;2025/04/13;1266;369;2510.5;165.9;11950.8;84.95;13879;41;17754.7
MS;2025/04/20;1363;564;2728;181.7;11994;99.6;13213;66;17751
MS;2025/04/27;1316;475;2788;195;4968;85.95;13213;42.95;18989.2499999999
MT;2024/10/06;98;65;193;55.9;228;50.9;238;26.875;238
MT;2024/10/13;155;65;228;59;238;53;238;31;238
MT;2024/10/20;127;63;228;56;238;48;238;25;238
MT;2024/10/27;102;57;228;54;238;36.8;238;14;238
MT;2024/11/03;83;83;135;54;319;14;319;8;319
MT;2024/11/10;84;83;137;57.9;228;29;384;11;465
MT;2024/11/17;107;83;237;29.9;491;22.95;491;10.975;565.25
MT;2024/11/24;96;83;178;29;491;10;576.1;8;805
MT;2024/12/01;107;52;240;22;575;11;969.549999999998;4;1120
MT;2024/12/08;107;55;227;21;805;11;1120;3;1120
MT;2024/12/15;113.5;54;273;16;805;9;1091;4;1120
MT;2024/12/22;115;54;280;16;805;12;967;5;1120
MT;2024/12/29;128;58;411.75;24.9;843.3;11;1550;3;1831.175
MT;2025/01/05;309;127;621;56.9;1459;21;1499.35;13;4212
MT;2025/01/12;374;148;1013;58.9;1498;22;1895.4;11.975;4212
MT;2025/01/19;371.5;162;938;59;1498;27;1941;13;4212
MT;2025/01/26;304;153;968.5;54;1671;27;1959;12;3226.22499999999
MT;2025/02/02;370;175;1049;63;1890.3;30;2030;14;2962.8
MT;2025/02/09;459;220;1746;85.9;1893;47.75;2262;15;3189
MT;2025/02/16;451;231;1493;86;1921;42;2347;13;3217
MT;2025/02/23;360;231;1045;79.9;1915.6;30.8;2347;13;3189
MT;2025/03/02;339;208;1014;79.9;1771;24;2077.05;5;2912.6
MT;2025/03/09;424;214;1053.25;69;1687;24;2077;9.95;3313.24999999999
MT;2025/03/16;388;208;1053;69;1687.4;24;2077;7.925;3313.24999999999
MT;2025/03/23;441;208;1227;51;1768;21.95;2347;5;3960.475
MT;2025/03/30;441;207.75;1221;59;1808;22;2347;5;4206.425
MT;2025/04/06;497;189.5;1119;69;1902;24;2347;5;4099.6
MT;2025/04/13;523;180.75;1119;69;1925;24;2347;5;3778.17499999999
MT;2025/04/20;435;145;1200;66.6;2040.1;22;2347;6;2416.52499999998
MT;2025/04/27;393;168;1200;69;2077;24;2347;5.975;2664.45
PA;2024/10/06;35;13;65;12;193;12;228;6.975;238
PA;2024/10/13;45;14;97;12;228;12;238;8;257
PA;2024/10/20;45;14;106;12;236.2;8;257;5.95;257
PA;2024/10/27;48;16;127;12;228;10;257;4;303.099999999997
PA;2024/11/03;56;28;114;14;287;7;351;2;382
PA;2024/11/10;75;25;159;12;287;5.95;388.049999999996;2;578
PA;2024/11/17;75;28;159;7;491;3;578;2;635
PA;2024/11/24;75;24;159;4;578;3;635;3;635
PA;2024/12/01;64;24;159;3;491;3;635;2;635
PA;2024/12/08;75;24;176;3;240;3;635;2;635
PA;2024/12/15;49;15;176;3;240;2;578;2;635
PA;2024/12/22;49;15;141.75;3;227;2;576;2;635
PA;2024/12/29;73;32;181;6;218;2;395;2;577.474999999999
PA;2025/01/05;234;91;374;18;443;4;1429.55;1;1459
PA;2025/01/12;369;131;383;38;567;18;1030.95;6;1459
PA;2025/01/19;374;129.75;443;38;788;18;1066;4;1459
PA;2025/01/26;374;68;443;34;786;10;938;0;1460.575
PA;2025/02/02;218;137;394;34;868.600000000001;11;1243;4.975;4067.7
PA;2025/02/09;211;125;523.75;22;961.200000000001;10;1246.65;4;3189
PA;2025/02/16;211;137;567;37;994.500000000001;10;1257.2;4;3189
PA;2025/02/23;211;137;464;27;817;10;1245.8;4;2347
PA;2025/03/02;204;119;430;8;764;1;1213.55;0;2205.625
PA;2025/03/09;211;101.75;349;12;786.2;4;1495.55;0;2147.4
PA;2025/03/16;193;88;328;12;720.800000000001;3;1215.05;0.975000000000001;2055.55
PA;2025/03/23;177;87.75;331;8;694;4;1493;1;3528
PA;2025/03/30;177;86;340;8;764;4.95;1687;2;3530.675
PA;2025/04/06;168;83.75;270;12;642.7;4.95;1203.5;2;2359.87499999999
PA;2025/04/13;169;83.25;321;12;603.5;4;1243.15;2;2873.07499999999
PA;2025/04/20;141;78;239;12;484;5;1412.95;2;2077
PA;2025/04/27;138;78;239;12;541;4;1341;2;2083.74999999999
PB;2024/10/06;62;24.75;107;14;182;9;276;9;333
PB;2024/10/13;62;36.75;94.25;17;182;9;276;9;364.025
PB;2024/10/20;62;43;94;22;193;15;276;9;333.799999999999
PB;2024/10/27;61;36;102;20.9;182.5;15;276;9;373.624999999999
PB;2024/11/03;63;34;119;18;225;15;276;11.975;417.5
PB;2024/11/10;64;34;125;17;235.8;15;455.4;13;605
PB;2024/11/17;54;24;115;17;232;17;334.949999999998;13;738
PB;2024/11/24;81;34;232;22;276;17;738;13;1321
PB;2024/12/01;92;48;180;26;475;16;738;13;847
PB;2024/12/08;83;47;192;27;738;17.95;738;11;828
PB;2024/12/15;96;59;207;30.9;738;23;738;16;828
PB;2024/12/22;95;58;196;30;738;20.9;828;12;828.475
PB;2024/12/29;94;55;192;32;368.5;14;739.699999999998;12;1131
PB;2025/01/05;148;98;350;46;1428;37;4212;19;4512
PB;2025/01/12;257;101;1428;46;4212;37;4212;19;4512
PB;2025/01/19;472;108;1428;40.8;4212;19;4512;19;4512
PB;2025/01/26;203;130;1428;39;2580;32;4512;19;4512
PB;2025/02/02;230.5;138;1269;56;2580;36.95;4425;21.975;4512
PB;2025/02/09;195;128;604.75;56;1690;39;4212;34;4512
PB;2025/02/16;217;120;568;39;1428;39;3562.19999999997;36;4512
PB;2025/02/23;155;94;258;52;1428;39;2580;32;4219.49999999999
PB;2025/03/02;312.5;131;934;78;1576.6;38.75;3536.04999999999;21;4512
PB;2025/03/09;335;142;938.75;97.7;1786.2;39.95;3528;21;4512
PB;2025/03/16;310;149.5;643;103;1400;40.9;2770;30;4512
PB;2025/03/23;326;185;746;116;1428;68.95;2531;30;4369
PB;2025/03/30;482.5;222;936;137;1564;85.95;2261.19999999999;30;4512
PB;2025/04/06;806;317;1785;162.8;5274;117;5274;79;5274
PB;2025/04/13;715.5;287;1448;174.8;3567.2;117;5274;79;7540
PB;2025/04/20;472;204;1222;181;2085.2;117;5274;81;7540
PB;2025/04/27;530.5;239;1306;172.2;1897;117;5274;69;7540
PE;2024/10/06;118;70;166;25;364;21.95;605;15;1264
PE;2024/10/13;115;67.5;172;26.9;410;21;1264;15.975;1264
PE;2024/10/20;121.5;62;270;27.9;733.600000000001;22;1264;15.975;1264
PE;2024/10/27;116;62;270;26;630.000000000006;22;1264;16.95;1287.79999999998
PE;2024/11/03;95;43;157.25;24;374.500000000001;21;1294.89999999997;15;2979
PE;2024/11/10;115;43;162;24;605;23.95;1004;16;3568
PE;2024/11/17;135;43;301;28;2916;20;4203;13;4203
PE;2024/11/24;148;72.25;755;32;3568;24;3568;18;4203
PE;2024/12/01;130.5;65;232;30;847;19;2909;13;4185
PE;2024/12/08;150;65;324;30;2611;22;4185;11;4185
PE;2024/12/15;170;67;738;34;3032.80000000003;24;4185;16.975;4185
PE;2024/12/22;143;38;738;30;2909;22;4185;13;4185
PE;2024/12/29;100;58;229;38;738;22;880.449999999998;12.975;3136.02499999999
PE;2025/01/05;264;126.5;4212;64;4512;45.8;4512;19;4512
PE;2025/01/12;1428;157;4512;69.8;4512;46;4512;40.95;4512
PE;2025/01/19;1620;223;4512;75;4512;46;4512;38.95;4512
PE;2025/01/26;1269;155;4512;64;4512;43;4512;34;4535
PE;2025/02/02;211.5;119;934;71.8;4512;39;4512;34;4512
PE;2025/02/09;217;115;477;56;4212;38.85;4512;31.8;4512
PE;2025/02/16;240;121;477;63;2418;39;4512;36;4512
PE;2025/02/23;170;98;371;81;1708;39;4512;32;4512
PE;2025/03/02;395;239;1314.5;123;2531;74;4512;33.975;5274
PE;2025/03/09;395;207;1331;139.8;3319;83;4512;38.775;7396.44999999992
PE;2025/03/16;389;231;1181.75;143;3319;100;4512;71.9;5274
PE;2025/03/23;499;287;1447;153.9;4369;117;5274;78.95;5274
PE;2025/03/30;740.5;317;1782;172;4528.3;117;5274;83;5274
PE;2025/04/06;707;358;1785;207;2587;153;4371.45;117;5274
PE;2025/04/13;647;355;1448;207;1994.4;181.85;3408.29999999999;138.95;5274
PE;2025/04/20;598;287;1447;204;1785;178.9;3258;117;5274
PE;2025/04/27;574.5;332;1447;201;1785;139;2587;98.9;4374.025
PI;2024/10/06;24;11;33;4;55.1;4;70;4;112
PI;2024/10/13;24;11;38;4;55;4;70;4;104.075
PI;2024/10/20;25;11;38;6;66.4000000000001;4;70;4;104
PI;2024/10/27;29;12;55;6;70;6;93;4;111.025
PI;2024/11/03;29;21;38;10;53;6;82;6;107
PI;2024/11/10;34;24;53;11;53;10;82;10;93
PI;2024/11/17;29;20;53;14;82;11;82;10;93
PI;2024/11/24;28;19;56;11;93;7;103;7;103
PI;2024/12/01;28;17.75;56;4;77;4;77;1;112
PI;2024/12/08;27;23;30;1;56;1;77;1;104
PI;2024/12/15;23;23;28;14;34;10;56;1;77
PI;2024/12/22;23;16;28;12;41.2;12;77;1;122.275
PI;2024/12/29;34;16;80;14;168;14;193;12;229
PI;2025/01/05;63.5;19;137;19;168;19;205;19;266
PI;2025/01/12;66;43;137;19;217;19;589;19;1456.075
PI;2025/01/19;66;43;137;19;217;19;604.15;19;1690
PI;2025/01/26;130;52;180;19;232.5;19;1269;19;2580
PI;2025/02/02;115;49;217;36;332;19;643;19;1690
PI;2025/02/09;121;56;184;36;393.700000000001;34;643;19;1428.775
PI;2025/02/16;97;39;180;36;477;36;643;32;681
PI;2025/02/23;81;47;161;36;307;32;643;32;959.824999999996
PI;2025/03/02;477;201;1351;99.5;3053;55;4784.8;12;9761
PI;2025/03/09;601;226;1406.25;107;3319;61;5216;19;11096.775
PI;2025/03/16;616;241;1785;115;3319;72;5274;30.975;12492
PI;2025/03/23;806;328;2131;137;4369;81;5274;45.95;12492
PI;2025/03/30;883;357.25;2082;135.7;4512;71.9;5274;46;12596
PI;2025/04/06;719;304;1977;153.7;5221.8;87.85;5274;43;12492
PI;2025/04/13;661;261.75;1448;165;3528;107;5274;76.875;12492
PI;2025/04/20;471;239;1177;160.6;2429.3;107;5274;78.975;12492
PI;2025/04/27;467;239;1186;118;2131;106;5274;69;10697.025
PR;2024/10/06;56;30;128;13;184.2;13;331;13;365.025
PR;2024/10/13;61;34;124;17;241;13;314.1;13;365.025
PR;2024/10/20;74;37;160;20;276;13;344.199999999998;13;497
PR;2024/10/27;69;34;151;23;316;17;464.45;13;497
PR;2024/11/03;51;31;107;24;198;22;260;14.95;437
PR;2024/11/10;69;40;175;26;273.800000000001;24;730;18;730
PR;2024/11/17;75;46;228;24;730;20;942;13;1004
PR;2024/11/24;148;50;543;26;942;22;1004;18;1327
PR;2024/12/01;151;60;536;32;1031.2;16;1882;5;1882
PR;2024/12/08;262;66.75;565;25;1882;15;1882;4;1882
PR;2024/12/15;162;40;543;15.9;1756;15;1882;4;4185
PR;2024/12/22;162;64;420;20;1558;11;1882;4;4185
PR;2024/12/29;204;45;1558;11;5545;10;5545;1;5779.07499999997
PR;2025/01/05;420;97;1558;29.9;4432;7;5147;6;7114.875
PR;2025/01/12;429.5;97;1558;29;4251;15;6622;6;8617
PR;2025/01/19;332;84.5;807;34;3650;9;4671;4;6710.24999999999
PR;2025/01/26;332;80;1078.5;34;4212;9;8675.84999999995;5;11276
PR;2025/02/02;483;137;1558;28.9;5291.2;7;15589;3;17780
PR;2025/02/09;697.5;165.5;1974;31;5412;7;11907;3;20882.125
PR;2025/02/16;834.5;137;2979;28;12492;7.95;18499.3;3;25328
PR;2025/02/23;1274;178.5;4736;32;18462;8;25328;3;27235
PR;2025/03/02;1300.5;236;5737;113;15947;47.85;27235;6;33358
PR;2025/03/09;1189;236;4418;92;12578;48;21564;15.95;27388.0749999999
PR;2025/03/16;1824.5;236;5454.25;48;14560;26;22023;3;42983
PR;2025/03/23;1620;236;4418;26;15463;26;42983;9;42983
PR;2025/03/30;2640;236;6199;41.8;14560;26;34344;6;42983
PR;2025/04/06;1800;132;9657;34;17899;8;24535.7;2;37136
PR;2025/04/13;1869;190;9657;34;14587.6;8;21584;2;30640
PR;2025/04/20;1008;125;4418;34;13310;7.95;18693;0;30640
PR;2025/04/27;828;125;3962;34;11907;6.95;15856;0;21584
RJ;2024/10/06;93.5;37;340;22;367.1;17;463;14;503
RJ;2024/10/13;93;56;274;23;366;20.95;463;17;503
RJ;2024/10/20;93;72;182;23;392.8;20;497;11;529
RJ;2024/10/27;92;72;274;22.8;463;20.9;497;3;546.55
RJ;2024/11/03;110;70;140;25;437;22;730;11;730
RJ;2024/11/10;135;80;289;25;730;22;730;21;766
RJ;2024/11/17;119;69;543;22;766;10.7;789;3;951.749999999997
RJ;2024/11/24;149;68;543;22;757;21.95;942;7;1882
RJ;2024/12/01;249;81;559;28;1409;15;1882;4;1882
RJ;2024/12/08;204;94;753;22;1882;12;1882;4;1882
RJ;2024/12/15;151;45;672.25;15;1882;11;2073.84999999999;4;4185
RJ;2024/12/22;187.5;75.5;556;15;1882;6;2204;3;4185
RJ;2024/12/29;228.5;57;2109;11;5545;8.95;5545;1;7395
RJ;2025/01/05;370;194;1558;29;3819;11;6622;6;10616.025
RJ;2025/01/12;557.5;195.5;3027;29;5160.3;20.9;9524;6.975;14330
RJ;2025/01/19;499;180;1554;37;3650;10.9;7838.89999999999;4;9524
RJ;2025/01/26;593;228;1558;43;4575.50000000001;10.9;9082;4;10446.2
RJ;2025/02/02;404;195;1459;27.3;4544;3;10493;0;17780
RJ;2025/02/09;404;215;1752;21;7178;7;11907;1;21584.35
RJ;2025/02/16;389;118;2248.5;15.6;12492;2;18462;0;24277
RJ;2025/02/23;410.5;166;4326;30;15220;9;22757;2;27235
RJ;2025/03/02;857;209.25;4336;35;11202;9;15236.45;7;21564
RJ;2025/03/09;1516;179;6515.5;21;11907;7;18903;2;21584
RJ;2025/03/16;1985;201;8097;31;15549;7;20525;2;21584
RJ;2025/03/23;2334;179;11202;8;17598;2;21584;2;30640
RJ;2025/03/30;3639;250;14361;34;17899;2.95;27959;2;30640
RJ;2025/04/06;2004.5;282;12492;109;15549;12;17899;7.95;18827
RJ;2025/04/13;1897;282;13213;125;13879;36;15553.85;9;17899
RJ;2025/04/20;713;282;5216;135.8;13310;84.8;13879;6;17899
RJ;2025/04/27;856;282;2788;122;12492;6;13879;6;17899
RN;2024/10/06;76;52;162;28;182;17;201;9;276
RN;2024/10/13;78;42;162;28;180;17;251;11;331
RN;2024/10/20;94;51;158;28;180;17;193;11;364.05
RN;2024/10/27;94;51;137;25;176;17;193;12;365
RN;2024/11/03;55;32;103.25;22;167.9;15;192;10;438.499999999999
RN;2024/11/10;60;37;117;25;180;17;207.15;12;605
RN;2024/11/17;70;44;115.25;25;180;17;209.05;13;605
RN;2024/11/24;102.5;65;180;31;192;22;233.399999999999;14;738
RN;2024/12/01;107;65;176;27;192;20;207;13;303.05
RN;2024/12/08;101;59;176;25;192;18;207;14;303
RN;2024/12/15;101;83;192;32;207;22;261;13.975;738
RN;2024/12/22;98;82.75;192;32;207;16;229;12;828
RN;2024/12/29;117;91;192;37;229;14;229;11;324.474999999999
RN;2025/01/05;122;98;180;49;341;19;1428;19;1690
RN;2025/01/12;137;98;216;48.9;1428;19;1690;19;4212
RN;2025/01/19;142.5;98;607;31;1690;19;1690;19;4212
RN;2025/01/26;180;98;472;32;2580;18.6;2580;11;2580
RN;2025/02/02;195;72;237;28;643;27.7;1690;11;2580
RN;2025/02/09;195;58;306;36;643;28;1459;15;2531
RN;2025/02/16;217;104;380;37;643;32;767;28;1690
RN;2025/02/23;203;81;308;32;643;32;958.149999999997;28;1690
RN;2025/03/02;366;188;1019.75;54.9;1428;20;2418;11;4523.14999999999
RN;2025/03/09;408;209;1175;77.6;1588;21;2418.6;11;4512
RN;2025/03/16;383;202.5;1065;73;1495.8;30;2131;15;2777.07499999999
RN;2025/03/23;546;211;1133;73;1874;30;2131;11;2591.575
RN;2025/03/30;672.5;259;1252;81.7;1977;30;2131;11;2591.575
RN;2025/04/06;694;287;1772;91;2082;55.9;3146.84999999999;30;7540
RN;2025/04/13;632;200;1457;91;2082;56;2596.14999999999;30;7595.52499999995
RN;2025/04/20;476.5;176;1175;91;2082;79;2533.8;30;9783.24999999998
RN;2025/04/27;520;191;1104;91;2082;53.9;2531;19.975;7540
RO;2024/10/06;22;10;33;5;35;3;42;3;75
RO;2024/10/13;31;22;35;9;56;5;114;3;114
RO;2024/10/20;37;24;50;7;104;5;114;3;151
RO;2024/10/27;35;12;66;5;133.4;4;151;3;152
RO;2024/11/03;26;12;55;5;76.1;3;132;3;161.599999999999
RO;2024/11/10;29;12;57;12;94;6.90000000000001;133.1;3;179
RO;2024/11/17;53;20.75;93;10;111.3;3;215;2;386.274999999998
RO;2024/11/24;45;18;94;8;193;3;299;3;1091
RO;2024/12/01;62.5;30;159.25;11;307;4;389;2;896.124999999997
RO;2024/12/08;54;22;154;8;299;3;437;3;1120
RO;2024/12/15;78;22;154;7.90000000000001;227;3;325.55;2;771
RO;2024/12/22;81;22;165;10;227;3;308.449999999999;2;805
RO;2024/12/29;69;30;177.5;11;370.9;5.95;787.199999999999;3;1100.5
RO;2025/01/05;99;63;417;21;841.600000000001;7;1013;7;1501
RO;2025/01/12;124;63;537;22;806;15;1013;7;1695.075
RO;2025/01/19;148;86;537;34.9;806;18;941.749999999997;8;1695.075
RO;2025/01/26;148;69;474.75;27;658;12;938;7.975;1459.85
RO;2025/02/02;155;71;537;21.9;668.3;10.95;1013;4;1890.075
RO;2025/02/09;301;99;658;28.8;658;12;939.649999999998;4;1874
RO;2025/02/16;295;88;552;27;658;11.8;781.299999999999;3;1190.35
RO;2025/02/23;249;69;503;17;666;12;781.299999999999;4;1249.24999999999
RO;2025/03/02;159;57;477;15;716;8.95;823.25;4;2370.49999999998
RO;2025/03/09;123;18;398;13;658;11.95;940.549999999998;4;1722.175
RO;2025/03/16;86.5;19.5;336.75;15;642.5;12;933.1;4;1773.525
RO;2025/03/23;143;39;222;13;524;9;719.199999999997;4;2370.49999999998
RO;2025/03/30;109;34.75;251.25;15;507;9;935.15;4;5216
RO;2025/04/06;85.5;37.75;228.5;12;477;9.95;833.249999999995;3;3287
RO;2025/04/13;87.5;39.75;197;14;486;9.95;1075.54999999999;3.975;3287
RO;2025/04/20;69;22;185.25;12;477;10;1152.5;3.975;2077
RO;2025/04/27;69;22;170;16.9;477;11.95;1058.8;4;2083.74999999999
RR;2024/10/06;10;3;17;2;35.1;1;62;1;99
RR;2024/10/13;10;3;18;1;54;1;66;1;114
RR;2024/10/20;13;5;19.25;2;54;1;66;0;114.025
RR;2024/10/27;13;4;18;2;49;1;72;1;114.025
RR;2024/11/03;4;3;20;2;69;1;114;0;152.025
RR;2024/11/10;4;3;19;2;55;1;106.2;0;153.15
RR;2024/11/17;4;2;19;0;40.1;0;86;0;180.3
RR;2024/11/24;4;2;19;0;39.1;0;96;0;212.075
RR;2024/12/01;6;2;19;0;64;0;165;0;307.45
RR;2024/12/08;4;3;18;0;82;0;207.999999999999;0;330.399999999999
RR;2024/12/15;7;3;18;0;82;0;165.05;0;325
RR;2024/12/22;5;2;18;0;85.4000000000001;0;165;0;302.575
RR;2024/12/29;10;3;39;0;165;0;336;0;810
RR;2025/01/05;18;2;40;1;148;0;604.15;0;1459
RR;2025/01/12;21;13;40;2;157.500000000001;1;597.35;0;1459
RR;2025/01/19;21;13;45;1;142.3;1;547.25;0;1459
RR;2025/01/26;20;11;56;2;138.2;0;370.2;0;1125.525
RR;2025/02/02;15;8;22;1;77.2;0;237.25;0;825.075
RR;2025/02/09;15;8;22;1;63;0;228;0;656
RR;2025/02/16;14;6;22;0;56;0;182;0;625
RR;2025/02/23;17;7;27;0;56;0;133;0;479.174999999998
RR;2025/03/02;17;12;21;4;56;0;56;0;56
RR;2025/03/09;19;12;47;4;56;1;56;0;98.1999999999989
RR;2025/03/16;21;10;56;1;56;0;56;0;56
RR;2025/03/23;12;4;21;0;56;0;56;0;85
RR;2025/03/30;12;4;21;1;56;0;56;0;3528
RR;2025/04/06;5;2;19;1;56;0;86.099999999999;0;3528.5
RR;2025/04/13;5;2;21;1;56;0;229;0;4974.19999999999
RR;2025/04/20;9;2;22;1;56;0;207.5;0;849.175
RR;2025/04/27;12;2;28.25;1;56;0;204.15;0;607.699999999998
RS;2024/10/06;4;2;14;0;37;0;110;0;205
RS;2024/10/13;6;3;20;1;45;0;110.3;0;205.275
RS;2024/10/20;5;2;19.25;0;45;0;110.3;0;254
RS;2024/10/27;3;1;14;0;45;0;166;0;254
RS;2024/11/03;3;1;20;0;176.8;0;327.2;0;463.025
RS;2024/11/10;4;2;27;0;287;0;553.1;0;730
RS;2024/11/17;4;3;27;1;254;0;543.5;0;766
RS;2024/11/24;5;3;79;0;543;0;742;0;949
RS;2024/12/01;5;1;81.25;0;543;0;949;0;1100
RS;2024/12/08;5;2;27;0;467.400000000001;0;1071.85;0;1331.99999999999
RS;2024/12/15;7;2;96.25;1;499.7;0;1067;0;1331.99999999999
RS;2024/12/22;5.5;2;91;0;673;0;1100;0;1772
RS;2024/12/29;25;8;344;2;1100;0;4432;0;5545
RS;2025/01/05;14;6;76;2;718.3;0;1459;0;3655.6
RS;2025/01/12;19;7;76;2;547;1;1071.8;1;1562.85
RS;2025/01/19;17;6;76;2;271.3;2;552.449999999995;1;1459
RS;2025/01/26;17;6;76;2;524;2;1068;2;2580
RS;2025/02/02;14;4;118.25;3;1601.1;2;4347;1;7139.92499999997
RS;2025/02/09;30;5;188.25;2;2087.6;2;5536;1;7260.64999999995
RS;2025/02/16;44.5;7;784;2;5536;2;10493;1;10572.475
RS;2025/02/23;86.5;7;1629;3;7110;2;11654;1;15549
RS;2025/03/02;335.5;148;1603;9;4430;5;11654;3;15549
RS;2025/03/09;258;118;1598;16;4445;6;11259;2;15549
RS;2025/03/16;258;31;3445.5;9;7550;5;15549;2;15549
RS;2025/03/23;236;26;3104;8;11259;2;15549;2;28025.5999999999
RS;2025/03/30;507;33.25;5710;5;12502.1;2;17739;2;30640
RS;2025/04/06;507;26;7397;4;15549;2;17899;2;24412
RS;2025/04/13;564;44;8417;6;15463;2.95;19548.1499999999;2;21584
RS;2025/04/20;253;36;3305;6;14125;3;16860.65;2;19459.825
RS;2025/04/27;253;35.5;3198;6;13310;3;15463;1.975;18827
SC;2024/10/06;6;2;27;0;205;0;205;0;205
SC;2024/10/13;10;2;45;0;205;0;205;0;216
SC;2024/10/20;10;2;24;0;202.3;0;205;0;216
SC;2024/10/27;4;1;20;0;202;0;205;0;254
SC;2024/11/03;3;0;27;0;211;0;364.05;0;503
SC;2024/11/10;6;2;62.25;0;287;0;730;0;730
SC;2024/11/17;8;3;60;0.900000000000006;366;0;757;0;789
SC;2024/11/24;8;3;85.25;0;543;0;766;0;1100
SC;2024/12/01;8;1;113;0;536;0;1027;0;1100
SC;2024/12/08;9;2;158;0;546.9;0;1100;0;1100
SC;2024/12/15;11;4;165;0;563;0;1100;0;1128.075
SC;2024/12/22;11;3;165;0;742;0;1100;0;1324.45
SC;2024/12/29;25;6;784;2;815.000000000001;0;2326.14999999999;0;5545
SC;2025/01/05;17;6;98;3;1071.2;2;3212.04999999998;0;4215.375
SC;2025/01/12;21;6;110;3;1294;1;3650;1;4351.125
SC;2025/01/19;12;4;76;2;561.000000000003;2;1752;1;4212
SC;2025/01/26;9;4;76;2;741;1;2637.99999999997;0;5280
SC;2025/02/02;8;3;162.5;1;2100.1;1;7110;1;10493
SC;2025/02/09;30.5;4;316;2;4704.00000000001;1;10493;1;10493
SC;2025/02/16;38;3;322;2;6778.80000000001;1;10493;1;10568
SC;2025/02/23;44;7;884;2;10493;2;13489;1;16367.7
SC;2025/03/02;337;18;2550;5;5556.1;2;10493;2;15549
SC;2025/03/09;253;17;554.25;6;5544.2;2;10493;2;15549
SC;2025/03/16;171;16;1735.5;2;10493;2;15549;2;16565
SC;2025/03/23;49;3;5216;2;15549;2;15549;2;27959
SC;2025/03/30;337.5;16;7083;2;13347.1;2;18827;2;28010.2
SC;2025/04/06;250;8;5216;4;21584;2;30640;2;32598
SC;2025/04/13;179;6;3365.75;4;21584;2;25988.6999999999;2;31375
SC;2025/04/20;81;8;1409.25;5;12516.1;4;21584;2;24412
SC;2025/04/27;109;8;1887.5;4;12822;3;21584;2;24412
SE;2024/10/06;31;11;73;3;265;3;295.3;3;412.15
SE;2024/10/13;37;14;73;3;265;3;301;2;463
SE;2024/10/20;37;16;94;8;265;3;301;3;463
SE;2024/10/27;37;13;98;6.90000000000001;265;3;301;1;464.125
SE;2024/11/03;16;9;82;5;301;3;441;1;730
SE;2024/11/10;12;9;79;6;301;4;605;3;730
SE;2024/11/17;27.5;11;138;7;441;4;766;3;952.624999999997
SE;2024/11/24;31;10;148;7;595;3;766;2;1100
SE;2024/12/01;43.5;10;86;5;254;3;852.099999999995;2.975;1882
SE;2024/12/08;20;10;86;4;464;2;1321.5;1;1882
SE;2024/12/15;21;10;83.75;4;465.8;3;1100;3;1882
SE;2024/12/22;37;10;77;3;254;3;1100;3;1882
SE;2024/12/29;59;10;150;6;229;2;390.049999999997;1;1100
SE;2025/01/05;79;62;205;11;607;7.95;1459;5;4512
SE;2025/01/12;110;51;205;11;1029;6;4212;5;4512
SE;2025/01/19;110;25;213;9;1690;5;4512;5;4512
SE;2025/01/26;68;11;205;5;1083.6;5;4512;3;4512
SE;2025/02/02;16;11;110;7;264;4;1470.54999999999;4;4219.49999999999
SE;2025/02/09;15.5;9;110;5;258.6;4;668.299999999977;4;3545.09999999998
SE;2025/02/16;12;5;115;4;224.4;4;643;2;2114
SE;2025/02/23;12;6;122;4;161;3;566.099999999999;3;1428
SE;2025/03/02;55;15;122;8;202;5;408;4;1451.2
SE;2025/03/09;55;14;130;7;219;6;524.349999999998;4;2254.09999999999
SE;2025/03/16;55.5;14;122;10.9;259.5;6;281;5;1897
SE;2025/03/23;69;17;184;7;277;5.95;445.15;4;2131
SE;2025/03/30;99;30;184;11;281;6;855.699999999998;4;2114.425
SE;2025/04/06;85;32;113;11;277;8;647.599999999996;7;2114
SE;2025/04/13;85.5;25.5;113;11;204;7;583.049999999998;6.975;2082.8
SE;2025/04/20;76;24;115;11;204;8;569.4;6;1899
SE;2025/04/27;79;22;115;11;204;9;564.649999999999;5.975;1899
SP;2024/10/06;295;104;418;89;742;89;742;55.8;742.125
SP;2024/10/13;130;108;418;89;718.600000000001;89;742;82.975;742
SP;2024/10/20;208;114;418;89;742;89;742;82.925;747
SP;2024/10/27;208;126;418;94;742;89;742;63.175;749
SP;2024/11/03;235;161;306;94;582;89;742;52.95;834
SP;2024/11/10;235;206.5;582;104;742;85.95;1004;47.975;1362
SP;2024/11/17;289;161;748;94;1321;28;1397;22;2007
SP;2024/11/24;571;289;1321;132;1321;73.8;1560;23.975;2007
SP;2024/12/01;397;231;1321;162;1714;103.9;2420.04999999999;32;3170
SP;2024/12/08;949;262;1624;192.9;2090;101.35;3170;25.95;3610
SP;2024/12/15;1160;286;1624;197;2050;115.6;2948.64999999999;29.9;4265.24999999993
SP;2024/12/22;1137;242;1624;176.9;2607;71;3610;21.775;7395
SP;2024/12/29;1473;215;3556;38;7395;11;7395;5.95;7395
SP;2025/01/05;1814;412.25;4922;234;9320;208;13819.4999999999;90;22956
SP;2025/01/12;1398;424.75;6805;220;11464;220;18705.5;155.475;34116
SP;2025/01/19;1752;415;7914;220;15490.2;208;19738;58.6;34116
SP;2025/01/26;2765;652.5;9082;272;18581;220;22956;122.7;34116
SP;2025/02/02;3380;394;11659.5;280;21703.2;259;34116;102.9;70482
SP;2025/02/09;4267;522.5;12801;282;22956;280;27826;236;52604
SP;2025/02/16;7125;1160.25;13163;297;26487;280;52604;236;60261
SP;2025/02/23;8564.5;3725;13732;359;40325;258;56898;211.95;70482
SP;2025/03/02;11558;5707.25;18693;1398;52604;280;52604;236;70482
SP;2025/03/09;11558;6128;18693;1398;27826;391.85;54926.7499999999;236;70482
SP;2025/03/16;11558;6366;22956;1398;27826;280;70482;236;124453.275
SP;2025/03/23;10534.5;1398;23368;455;47711;241;124266;236;124266
SP;2025/03/30;11558;1398;27108;241;54823;236;141429;227;141429
SP;2025/04/06;11200;1876;27108;236;54018;236;124266;224;124453.275
SP;2025/04/13;10955;5178;27826;236;29820;236;70482;227;124266
SP;2025/04/20;13732;1876;27826;528.6;44101;236;60261;144;70482
SP;2025/04/27;8527;1714;18693;236;44101;144;52674.6999999999;144;70482
TO;2024/10/06;34;13;73;4;85;3;91;3;91
TO;2024/10/13;42;20;71.5;6;91;4;91;3;110
TO;2024/10/20;42;18;66;4;82;3;94;3;97
TO;2024/10/27;42;4;73;4;74;3;91;3;97.2499999999998
TO;2024/11/03;22;14;60;4;82.1;3;95;3;95
TO;2024/11/10;29;14;94;11;95;11;95;3;133
TO;2024/11/17;29;29;97.25;14;138;8;227;4;227
TO;2024/11/24;38;22;138;8;227;5;227;4.975;227
TO;2024/12/01;31.5;23;133;5;227;4;227;3;227
TO;2024/12/08;84;24;227;11;227;5;227;3;227
TO;2024/12/15;38;23;226;14;227;5;227;4.975;805
TO;2024/12/22;48.5;23;210;13;227;5;227;3;805
TO;2024/12/29;88;33.75;227;13;297.3;8.95;810.4;3;1917
TO;2025/01/05;67;42;129;18;464;13;938;11;1459
TO;2025/01/12;61;21;157.5;15.7;592;11;810;11;1459
TO;2025/01/19;61;21;171;21;464;13;810;10.975;1224
TO;2025/01/26;94;26.25;463;21;656;13;741;2;1457.05
TO;2025/02/02;129;49;513;30;656;21;864;13;3241.87499999998
TO;2025/02/09;207;99;611;30;656;21;656;21;1566.25
TO;2025/02/16;173.5;49;489;37;656;21;1756.79999999996;20.925;40325
TO;2025/02/23;197;49;423;45;656;21;13732;13.975;45273.0749999997
TO;2025/03/02;241;122;451;58;716;33;11558;13.975;22956
TO;2025/03/09;244;123;451;58;740.1;38;11558;15;18693
TO;2025/03/16;259;123;513;64;716;37.9;9527.04999999995;13;18693
TO;2025/03/23;259;129;507;66;716;38;9527.04999999995;11.975;18693
TO;2025/03/30;305.5;122;631.5;64;740;29.95;10616.6;11.975;18695.5
TO;2025/04/06;236;118;518;69;749;53;8696.74999999991;21;18693
TO;2025/04/13;320.5;139;656;81;749;58;8696.74999999991;21;18693
TO;2025/04/20;227;122;636;81;749;58;8602;21;18838.45
TO;2025/04/27;236;122;513;88.8;749;58;8527;21;18693
AC;2025/05/03;91;54;128;21;477;11;1065.75;5;2114
AL;2025/05/03;607;285;1897;67.7;2128;42;7540;42;9761
AM;2025/05/03;92;50;250;16;573;4;758.749999999997;2;2077
AP;2025/05/03;40;8;128;4;342;2;610.199999999997;0;1762.875
BA;2025/05/03;1778.5;1083;2321;263.1;3089.5;202;4601.44999999997;190.725;7540
CE;2025/05/03;1205;366;2774.5;100;11063;94;12596;70.85;12596
DF;2025/05/03;564;195;1324.75;79;3305;0;5199;0;5821
ES;2025/05/03;981;255;1721;172;4231;6;5199;0;9657
GO;2025/05/03;1511;777;3528;195;5986.7;155;15524;85;17751
MA;2025/05/03;153;69;304;23;658;18.8;1511.7;5;2347
MG;2025/05/03;1158;678;4430;556;11654;191;22023;125;25738
MS;2025/05/03;955;332;1459;165.9;2430;85;5821;79;40183
MT;2025/05/03;589;171;1150;69;2077;24;2347;9.87500000000001;3239
PA;2025/05/03;134;78;239;12;484;5;983.999999999997;2;2077
PB;2025/05/03;530;287;1131;143;1981.2;106.75;4512;68.975;12492
PE;2025/05/03;683;358;1447;204;2082.7;142;3553;116.825;7540
PI;2025/05/03;545;239;1065;107;2160.2;76;7540;39;12494.6
PR;2025/05/03;1710.5;228;5821;137;12512;78.9;21564;31;40183
RJ;2025/05/03;856;125;3198;81;11907;8;14125;4;21564
RN;2025/05/03;607;200;1065;107;2114;54;9761;29;17754.7
RO;2025/05/03;69;28;114;12;477;10;1054.55;7.95;2347
RR;2025/05/03;12;3;22.25;0;56;0;219;0;858.474999999998
RS;2025/05/03;593.5;103;3198;8;11907;6;24412;2.975;24412
SC;2025/05/03;125;34;1065;3.90000000000001;9737.30000000002;1;12733;1;24412
SE;2025/05/03;101.5;37.75;140;11;228;9;985.199999999996;7.95;2782.09999999999
SP;2025/05/03;5178;1837.5;22956;488;124266;228;159561;144;159561
TO;2025/05/03;273;149;636;95;730;53;5178;21;18693
AC;2025/05/10;77;39;131;16;477;11;1238.85;5;2114
AL;2025/05/10;776;443;1430;125;2128;90;7540;54;7540
AM;2025/05/10;83;31;166;12.9;485.2;4;817.3;2;2114
AP;2025/05/10;40;13;111;4;304.5;2;755.05;0;1723.825
BA;2025/05/10;1468;724;2180;205;3258;191;7540;163;7540
CE;2025/05/10;1111.5;448.75;2595;111;9761;94;12596;75;12596
DF;2025/05/10;782;267;1815;155;3201;49.95;4231;0;5774.2
ES;2025/05/10;632;272;2057;137;4231;6;4968;0;5799.55
GO;2025/05/10;1537;777;3189;193;5773;155;7313;125;16237.625
MA;2025/05/10;153;77;337;23;656.2;20;1385.64999999999;8.90000000000001;2347
MG;2025/05/10;2282;678;6561;556;16231;213.1;16231;125;25738
MS;2025/05/10;955;224;1409;155;2145;79;3528;73.725;10651
MT;2025/05/10;598;179;1150;69;1823;24;2347;11.95;2347
PA;2025/05/10;135;78;192;20;496;5;956.299999999999;2;1834
PB;2025/05/10;503.5;289.25;1043;142;2158;95;7540;54;7617.77499999993
PE;2025/05/10;542;328;1390;191;3553;136.7;3553;77;7540
PI;2025/05/10;530;239;1043;107;2158;81.75;7540;39;10651
PR;2025/05/10;1537;224;5821;125;12492;67;21564;31;33762
RJ;2025/05/10;1065;125;3198;117.9;11907;34;13310;6;21564
RN;2025/05/10;562;169;1065;101;2158;45.9;7540;11;12596
RO;2025/05/10;55;26;114;11;484;9;1054.55;8;1834
RR;2025/05/10;15;3;28;0;57.2000000000003;0;284;0;757.674999999998
RS;2025/05/10;532.5;103;3082;8;11907;4;16231;3;21654.6999999999
SC;2025/05/10;253;34;1834;2;10493;1;12504.05;1;21564
SE;2025/05/10;108;44;147;14;222;10;684.499999999999;8;2117.9
SP;2025/05/10;4774;1720;14588;488;56898;252.6;149098;162.8;159561
TO;2025/05/10;227.5;139;636;101;707;48.95;4774;23.925;18693
AC;2025/05/17;68.5;21;117.25;16;401.700000000001;11;892.399999999998;6;1725.9
AL;2025/05/17;688;439.25;1313;163;2114;85.95;3254;68;7540
AM;2025/05/17;81;35;154;16;477;4;670.499999999996;2.975;1721.5
AP;2025/05/17;35;13;91;3;304.5;1;955.349999999999;1;1599.275
BA;2025/05/17;1293;655;1852;266.8;2587;191;5799;161;7540
CE;2025/05/17;1153;434;2198.25;111;6752;94;12596;65;12596
DF;2025/05/17;770;267;2253;155;2253;49;3489;0;5585.8
ES;2025/05/17;656;193;1721;5.80000000000001;3489;0;4189;0;4968
GO;2025/05/17;1511;993.75;2606;162;4159;155;5737;85;8040
MA;2025/05/17;129;54;326;20;719;20;1054;5;1773.075
MG;2025/05/17;2606;947;10976;267;10976;155;16231;49;25746.975
MS;2025/05/17;860;165;1459;85;1759;79;2518;62.9;4064
MT;2025/05/17;605;138.75;939;77;1203;37.85;2089.89999999999;18.95;2347
PA;2025/05/17;96;62;192;20;524.8;4;859.799999999996;2;1760.875
PB;2025/05/17;374;246;840;117;1785;82;3869.24999999999;43.925;7540
PE;2025/05/17;450;328;1192;155;1897;86;3553;67.65;4512
PI;2025/05/17;382;165;868.5;102.9;2082;77;4512;39;7540
PR;2025/05/17;1495;187.25;4171.25;93;12512;66.8;21564;35.9;24277
RJ;2025/05/17;828;125;2253;63;11907;10.95;21564;1;21564
RN;2025/05/17;366.5;137;870;82;1970;39;4512;11;9761
RO;2025/05/17;40;20;114;13;309.000000000001;9;823;6;1525
RR;2025/05/17;18;3;26;0;77;0;414;0;858.474999999998
RS;2025/05/17;260;101.75;2382;8;11323.8;4;21564;2;21564
SC;2025/05/17;709;53;4347;3;10493;1;13398.55;1;21564
SE;2025/05/17;108;44;126;12;288;10;956.299999999999;5;2274
SP;2025/05/17;3772;741;11464;394;29820;224;70482;120;149285
TO;2025/05/17;176;104;513;79.8;656;36;823;21;8649.27499999996
AC;2025/05/24;61.5;39;101;18;276;13;672;7.975;1224
AL;2025/05/24;776;432;1553;155.9;2114;90;3232.54999999999;65;4512
AM;2025/05/24;76;44;162;19;276;9;573;4;1225.725
AP;2025/05/24;48;17;106;5;276;3;709.25;1.975;1243.25
BA;2025/05/24;1195.5;458;1772;265;2404.4;179.6;4064;112.9;4512
CE;2025/05/24;998;388;1970;130.5;3967;93.95;4707;65;12596
DF;2025/05/24;782;267;1821;195;2606;58.85;3787;0;8742.52499999997
ES;2025/05/24;368;214;1340.25;79;2963.9;0;4064;0;4835
GO;2025/05/24;1414;860;2701;227.4;4064;155;4159;79;6755.05
MA;2025/05/24;174;68;337;20;719;20;938;13;1759.325
MG;2025/05/24;2542;847;2606;267;10976;162;16342.5499999999;92.75;23145
MS;2025/05/24;165;85;1044;79;1564;42;2430;34;4064
MT;2025/05/24;565;143;780;77;939;48;1150;20;1918.05
PA;2025/05/24;125;63;193.5;20;536.8;11;756;3;1069.375
PB;2025/05/24;382;211;939;103.7;2152;79;4064;47;4512
PE;2025/05/24;450;267;981;137;2152;86;4064;64.85;4512
PI;2025/05/24;336.5;162;847;97;2041.8;63.75;4212;34;4512
PR;2025/05/24;534;137;2606;79;12512;37.95;12512;13;16154
RJ;2025/05/24;772.5;137;1598;59;5785;13;12493;4.975;18505.3
RN;2025/05/24;248.5;148;781;89.8;1970;35.9;2877;11;4512
RO;2025/05/24;38;20;75;13;276;10.95;685.899999999997;8;1054.275
RR;2025/05/24;18;4;26;2;139;0;513;0;955.649999999999
RS;2025/05/24;135;59;1530.5;7;3793;3;12512;2;21564
SC;2025/05/24;534;52.5;3342;2;6745;1;10493;1;12512
SE;2025/05/24;99;37.5;137.5;11;371.2;5;1224;5;4064
SP;2025/05/24;1027;733.75;9346.25;289;57234.3000000001;139;70482;106;70482
TO;2025/05/24;142;116;513;44;636;29;780;20.975;5310.87499999988
AC;2025/05/31;75;32;210;20;551.5;14;989;10;1766.85
AL;2025/05/31;680.5;211;1452;65;2038;65;2114.7;37;4064
AM;2025/05/31;61;32.75;143;13;280;2;668;0;1297.15
AP;2025/05/31;45;16;90.5;4;276;0;630.949999999998;0;1123.575
BA;2025/05/31;935;388;1522;173;2194.1;65;3967;47;4425
CE;2025/05/31;935;336.75;1970;97;2723.2;65;4064;38.95;5799
DF;2025/05/31;594;214;1547;172.8;2253;146;2606;71.8;4064
ES;2025/05/31;592;173;1656.5;42.8;3147;0;4851;0;10445
GO;2025/05/31;1224;348;1842.5;191;3569;129.8;4835;47;8448
MA;2025/05/31;129;32;276;20;714.2;20;1013;14;1612.75
MG;2025/05/31;629;307;1426.5;56;4365;6.85000000000001;8363;1;10976
MS;2025/05/31;294;135;1049.75;29.9;2253;13;3219.94999999999;12;11907
MT;2025/05/31;276;101;668;52;939;35.9;1395.75;20;2347.45
PA;2025/05/31;129;62;191;23;519.4;11;756;4;1069.375
PB;2025/05/31;314;165;849;82;1970;47;4212;31.875;4512
PE;2025/05/31;384;211;948;94.8;1835;58.95;4212;37;4512
PI;2025/05/31;287;145;588;79;1224;39;2434.7;19;4212
PR;2025/05/31;419;137;1068;13;2270;2.95;4651.49999999999;1;5781
RJ;2025/05/31;582;107;1840.25;9;3838.00000000001;1;5781;0;10445
RN;2025/05/31;288;165;766.25;78.8;1068.9;31.8;1970;11;2532.225
RO;2025/05/31;62.5;30;214;13;506;8;810;7;1944.125
RR;2025/05/31;33;12.75;135.5;2;525;1;668.2;0;1988
RS;2025/05/31;31;3;275.5;1;828;1;1151;0;1898
SC;2025/05/31;31;2;419;0;2270;0;6745;0;10493
SE;2025/05/31;108;47;248;13;552.1;8;1228.6;5;4064
SP;2025/05/31;1586;674;4292;280;10226;120;22956;89;34116
TO;2025/05/31;139;60;325.5;29;546;27;741;13;1224.475
AC;2025/06/07;38;27;98;14;316;11;714;8;1917.6
AL;2025/06/07;688;249;1123;90;2038;77.65;2038;37;2531
AM;2025/06/07;61;30;148;17;276;8;373.099999999999;4;757.424999999999
AP;2025/06/07;33;17.75;66;7;219.2;4;412.699999999998;3;1121
BA;2025/06/07;731;283;1048;151;2004;104.25;2431.9;37;3569
CE;2025/06/07;776;362;1505;135.5;2038;78.95;2533.8;37;4512
DF;2025/06/07;214;146;1004;126;2381;85.65;2582;37;3116.4
ES;2025/06/07;674;146;1358;4;3116.4;1;6140;0;7644
GO;2025/06/07;868;348;2430;146;3569;47;3569;37;4835
MA;2025/06/07;99;34;185;22;395;16;845;14;1224
MG;2025/06/07;687;307;1199;12;2582;1;4835.3;1;6140
MS;2025/06/07;194;47;475;19;1199;12.95;1492;2;3576.49999999999
MT;2025/06/07;232;67;493;52;641;30;871.499999999997;22;1991.87499999999
PA;2025/06/07;104;52.75;165;17;351.1;8;611;3;841.1
PB;2025/06/07;314;179.5;728;79;1130.2;37;2430;22;4512
PE;2025/06/07;370;167;728;79;1713;37;2430;22;4512
PI;2025/06/07;289;131;542;79;948;37;1507.1;22;2620.79999999996
PR;2025/06/07;301;96.75;688;15.7;1415;2;1898;1;2525.45
RJ;2025/06/07;631;156;1949.5;11.7;4365;1;4796;1;4796
RN;2025/06/07;288;177;684.25;79;948;28;1230.54999999999;22;2038
RO;2025/06/07;36;22;87.5;8;288;8;504;4.975;838.324999999998
RR;2025/06/07;33;15.5;63;2;196.2;1;450.299999999998;0;719.55
RS;2025/06/07;4;2;280;1;415;1;1100.3;0;1401.35
SC;2025/06/07;4;2;301;1;869;0;1415;0;4080
SE;2025/06/07;120;63;278;21;443;12.9;948;7.925;2038
SP;2025/06/07;1176;487;1879;258;4841;92;9527;56;34116
TO;2025/06/07;95;50;208.75;27;395;27;668.3;21;1176
AC;2025/06/14;33;18;71;14;280;7;518.45;4;1710
AL;2025/06/14;701;392.25;927;136;1819;78;2038;38.95;3569
AM;2025/06/14;47;27;108;15;202.7;7;362.4;4;688.325
AP;2025/06/14;27;15;71;6.90000000000001;201.5;4;373.099999999999;4;1006.925
BA;2025/06/14;600.5;197;982;188.9;1514.4;120.9;2430;80.95;3569
CE;2025/06/14;720;362;1355;151;1865;86.85;2430;50.875;3585.07499999999
DF;2025/06/14;594;146;1068;90;2430;31;2582;21.75;3569
ES;2025/06/14;440;90;1334;0;3569;0;6140;0;6140
GO;2025/06/14;1107;440;2430;146;3569;37;3569;37;4835
MA;2025/06/14;82;29;152;17;395;16;608.599999999999;15;939.649999999998
MG;2025/06/14;843;307;1286;47;5421;12;5421;1;5421
MS;2025/06/14;196;70.5;586;24;1620;12;5421;1.975;5421
MT;2025/06/14;175;65;445;47;639;30;841;18.975;1077.04999999999
PA;2025/06/14;96;53.75;179;25;395;8;518;3.975;756.799999999999
PB;2025/06/14;245;188;475.5;95;949.5;59;2057.59999999998;37;4212
PE;2025/06/14;326;167;592;81;1295;46;2057.59999999998;37;4212
PI;2025/06/14;245;157.5;432;81;868;46;1463.4;36.975;3569
PR;2025/06/14;262;71.25;1068;12;1493;2;1898;1;3944.84999999997
RJ;2025/06/14;491.5;114;1249.5;4;2863;1;3907;0;4796
RN;2025/06/14;277;188;432;81;792;39;1298;24;2038
RO;2025/06/14;32;18;76;8;210.4;6;349.799999999999;4;569.924999999999
RR;2025/06/14;31;9;58;2;196;1;370.1;1;584
RS;2025/06/14;4;1;213;1;459;0;1068;0;1728
SC;2025/06/14;4;1;219;1;878;0;1315.4;0;2525
SE;2025/06/14;92;33;274.75;21;448;12.95;1176.1;4;2038
SP;2025/06/14;1176;626;1524;241;3879;194;34116;46;34116
TO;2025/06/14;105;51;288;31;394;21;636;21;1176
AC;2025/06/21;29;16;47.25;14;334;9;387.4;6;606
AL;2025/06/21;671;387;858;196.9;1355;78;1751;39;1832.275
AM;2025/06/21;54;29;175;14;194.6;8;349;6;482.749999999999
AP;2025/06/21;27;11;71;6;196.4;3;349;2;431.175
BA;2025/06/21;602;283.75;840;145.4;1751;72.9;1751;33.95;1783.95
CE;2025/06/21;688;387;1197;240;1751;122.95;1880;53;2325
DF;2025/06/21;513;146;765;41;1821;24.9;2337;22;2478
ES;2025/06/21;513;101;843;11.4;1963;0;2478;0;2487
GO;2025/06/21;754;328;1286;210;1963;96.65;2430;41;3569
MA;2025/06/21;61;33;145;16;349;14.95;431;12;606.025
MG;2025/06/21;702;254;893;97;1286;27;2596.59999999999;22;3569
MS;2025/06/21;196;95;372;35;727;20;878;16;1286
MT;2025/06/21;177;60.75;365;33;445;18;606;16;652
PA;2025/06/21;104;43;167;17;335.2;9;431;6;552.425
PB;2025/06/21;466;240;648;95.9;927;53;927;39;1355
PE;2025/06/21;351;192.75;927;80;927;42;1114.85;34;1559.5
PI;2025/06/21;245;142;610;76.8;765;39;927;34;948
PR;2025/06/21;227;99;577;29;878;16;1493;10;1499
RJ;2025/06/21;577;153;703;29;878;20;1499;2;1757.24999999999
RN;2025/06/21;306;187;610;96;702.1;47.8;927;34;927
RO;2025/06/21;33;17;84.25;8;254;6;359;4;395.375
RR;2025/06/21;25;4;56;2;254;1;359;0;395.375
RS;2025/06/21;18;4;254;1;615;0;1088.6;0;1100
SC;2025/06/21;18;3;244;1;742;0;1100;0;1222.325
SE;2025/06/21;123;22;353;21;648;13.95;927;4;1100
SP;2025/06/21;712;489;1267;240.2;2112;208;2389;91.95;3225
TO;2025/06/21;68;33;177;30.9;288;17.95;383.55;10;515.324999999998
AC;2025/06/28;37;20;119;12;235.7;9;527;7;929.225
AL;2025/06/28;479;106;858;56.9;1532;21.9;1649.4;14;2038.05
AM;2025/06/28;70;30;181;10;242;8;321;6;527
AP;2025/06/28;46;17;99;6;189;3;279.549999999999;0;431
BA;2025/06/28;513;129.5;946;69;1593;22;2047;10.975;2325.3
CE;2025/06/28;513.5;194;946;70;1593;24;2038;13.95;2325
DF;2025/06/28;507;103;1009;24;2239.6;13.95;2337;3;2478.225
ES;2025/06/28;551;195;1088;25;2337;14.95;2337;3;2487
GO;2025/06/28;606;219;1491;47.9;2337;18;3167;8;3728
MA;2025/06/28;59;25;128.25;12;222;8.95;334.599999999999;6;606
MG;2025/06/28;606;188.75;1766;25.9;3167;15;4689;5.975;4692.65
MS;2025/06/28;257;69;610;20;1453.5;12;2063.2;6;2856
MT;2025/06/28;90;33;187;16;346;9;431;6;606
PA;2025/06/28;65;28.75;163;11;240.2;6;334;3;431
PB;2025/06/28;265;98.25;631;29;1212;15;1533.25;9;1919
PE;2025/06/28;282;102.75;745;29;1342.4;15;1657;8;2067
PI;2025/06/28;216;87;528;29;1183;15;1429.1;8;1750.325
PR;2025/06/28;154;34.5;589;11;1326.4;2.95;2067;1;2856
RJ;2025/06/28;302;95;791;24;1500.4;9;2233;1;3167
RN;2025/06/28;248;98;606.25;29;1212;14;1386.35;8;1765.975
RO;2025/06/28;31;18;95;8;195.1;6;242;4;336.325
RR;2025/06/28;26;12;86.75;4;221;2;349;1;411
RS;2025/06/28;24;3;254;1;878;0;1100;0;1641.35
SC;2025/06/28;24;2.75;421;1;1100;0;1117.99999999998;0;1919
SE;2025/06/28;111;25;353;8;688;3;1100;1;1527.125
SP;2025/06/28;933;193;3610;43;3879;20;6183;8.95;7434
TO;2025/06/28;47;29;97;12;195;8;258;6;411.924999999999
AC;2025/07/05;40.5;19;160;10;242;9;527;7;1794.15
AL;2025/07/05;331;106;1016;52;1331;19.95;1504.45;12;1593
AM;2025/07/05;105;43;221;16;242;9;264.3;6.975;431.974999999999
AP;2025/07/05;44;16;94.25;6;175;3;242;1;306.375
BA;2025/07/05;341;121;1022.25;61;1331;19;1593;10;1666
CE;2025/07/05;400;175;986;69;1331;33;1582;15.975;1593
DF;2025/07/05;228.5;55.5;551;19;1194.1;8;1703;2.95;1854
ES;2025/07/05;275;85;859;19;1666;3;1703;0;1761.125
GO;2025/07/05;423;117;970;33;1444;15;1703;7;1963
MA;2025/07/05;67;26;165;12;235.7;9;274;6;504.35
MG;2025/07/05;302;107;955.5;19;1594;12;1769.6;7;3167
MS;2025/07/05;195;52;436;19;1120.8;11.95;1443;7;1754
MT;2025/07/05;91.5;42.5;195;17;274;10;330;6.975;365
PA;2025/07/05;72.5;37;165;14;221;8;263.1;4;292.05
PB;2025/07/05;241.5;99;646;33;1186;15;1383;10;1532.625
PE;2025/07/05;257;99;715;21;1326;14;1484;9.975;1657
PI;2025/07/05;201;90.75;391;33.9;1183;15;1255;10;1384
PR;2025/07/05;144.5;39.75;448;10.9;918;8;1326;3.975;1666.925
RJ;2025/07/05;241;58;489;19;960;10;1326;7;1882
RN;2025/07/05;243;99;539.25;37.9;1183;15;1326;9.975;1383
RO;2025/07/05;35.5;14;92;8;197;6;231;5;254
RR;2025/07/05;26;10;62.75;4;209;2;231;1;254
RS;2025/07/05;18.5;2;254;0;891.900000000001;0;1100;0;1100
SC;2025/07/05;20;2;421;0;1100;0;1100;0;1100
SE;2025/07/05;111;21;329;9;646;4;1100;1.975;1183.05
SP;2025/07/05;231;78;1164;29.9;2759;14;3610;2;3967
TO;2025/07/05;35;24;94;9;174;7;221;5;242
AC;2025/07/12;43;17;160;10;221;9;527;7;1917
AL;2025/07/12;301.5;96;970;52;1331;29;1331;14.975;1532
AM;2025/07/12;93;42;186;14;242;9;242;7;294.075
AP;2025/07/12;44;16;101;7;175;3;221;2;264
BA;2025/07/12;340.5;106;1016;60;1331;32;1408;15;1609
CE;2025/07/12;389;141.25;1013;70;1331;42;1331;18.975;1383.625
DF;2025/07/12;177;49;474;16.9;1088;7;1185;0.975000000000001;1703
ES;2025/07/12;241;69.25;1018;15;1185;0;1331;0;1703
GO;2025/07/12;416.5;117;1016;42;1326.1;17.95;1612.1;8;1882.125
MA;2025/07/12;64;23;168;12;221;9;252;6;484.849999999999
MG;2025/07/12;260;96;832;19;1185;8;1359.55;6.975;1839.1
MS;2025/07/12;165;51;428.5;19;1016;10;1187.3;7;1657.475
MT;2025/07/12;83;41.75;200;14.9;261.1;10;330;8;365
PA;2025/07/12;75;37;165;14;219;9;235;6;274
PB;2025/07/12;227;93.5;593.5;39;1096;18.95;1331;11;1383
PE;2025/07/12;231;96;643;36;1186;15;1356;10;1594
PI;2025/07/12;187;85;358;34.9;1016;15.95;1183;10;1356
PR;2025/07/12;87;22;352;8;703;7;882.099999999996;2;1102.6
RJ;2025/07/12;198.5;51;389;19;812;9;1326;7;1772
RN;2025/07/12;202;98;489;38.9;1089;15;1186.75;10;1383
RO;2025/07/12;38;14;92.25;9;176;5.95;219;5;242
RR;2025/07/12;26;10;68;4;174;2;221;1;231
RS;2025/07/12;7;2;254;0;536;0;1100;0;1100
SC;2025/07/12;7;1.75;254;0;878;0;1100;0;1100
SE;2025/07/12;105;22;329;9;589.300000000001;6;1100;2;1130.35
SP;2025/07/12;216;78;1067;30.5;2429;10.95;3610;2;3879
TO;2025/07/12;34;21;94;10;168.6;8;219;5.975;242
AC;2025/07/19;41;17;138.5;9;221;7;527;7;1917
AL;2025/07/19;282;98.75;812.25;49.8;1129;28;1331;14.975;1331
AM;2025/07/19;89;42;168.5;15;242;9;242;7;306
AP;2025/07/19;43;17;91.25;6;175;3;221;1;247
BA;2025/07/19;320;111.75;877;52;1186;22.95;1331;14.975;1408
CE;2025/07/19;346;163.75;986;60;1136.2;42;1331;19.975;1331
DF;2025/07/19;177;42;521;18.9;1023;8;1120.4;3;1200.9
ES;2025/07/19;231;71;877;16;1088;7;1185;0;1703
GO;2025/07/19;387.5;151;877;43.9;1185.1;19;1603.3;9;1967.9
MA;2025/07/19;53;23;165;12;221;8;247;5.975;484.849999999999
MG;2025/07/19;251;104;789;19;1035;9;1185;7;1703
MS;2025/07/19;140;48;397.75;19;893;12;1132.45;7;1532.025
MT;2025/07/19;77;43;193.5;15;242;9;317;7;334
PA;2025/07/19;68;36;150.75;15;214.5;8;235;5;265
PB;2025/07/19;201;96;539.25;36;1055.6;18.95;1183;10;1331
PE;2025/07/19;209;99;583;36;1035;15;1331;9;1356.7
PI;2025/07/19;164;75;361.5;34.9;1015;16;1096;10;1186
PR;2025/07/19;118.5;20;352;8;658;8;775;7;881.424999999997
RJ;2025/07/19;201;85.75;536;18;775;8;878;7;1326
RN;2025/07/19;180;94;536;41;1079;16;1129;9;1326
RO;2025/07/19;33;13;75;8;174;5;219;4;231
RR;2025/07/19;22;8;49.5;4;174;2;221;1;231
RS;2025/07/19;8;3;130.25;0;464;0;878;0;1100
SC;2025/07/19;12.5;2;207.25;0;486;0;1100;0;1100
SE;2025/07/19;94;26.25;329;9;472.5;4;982.699999999998;1;1100
SP;2025/07/19;208;122.5;1028.25;45;1772;12.95;3610;7;3881.2
TO;2025/07/19;32;18;85;8;165;8;219;5;242
AC;2025/07/26;52;25;183;10;243;8;527;6;1917
AL;2025/07/26;226;77;761;42;1035;27;1186;15;1331
AM;2025/07/26;89;42;165;17;242;9;245;7;353
AP;2025/07/26;44;18;102;7;175;3;221;1;264.45
BA;2025/07/26;268;99.75;761;42.9;1035;28.85;1258.8;15.975;1331
CE;2025/07/26;294.5;151;798.25;54;1058;42;1188.8;21.95;1331
DF;2025/07/26;170;36;526;18;1023;8.95;1088;3;1185.2
ES;2025/07/26;249;84.75;789;18;1088;8;1119;0.975000000000001;1202.15
GO;2025/07/26;382;151;789;43.9;1120;22.95;1525;11.975;2159
MA;2025/07/26;58.5;29;153;12;221;8;264;5;527
MG;2025/07/26;301;107;741;25;1035;10;1163;7;1703
MS;2025/07/26;134;49;383.25;21;877.1;15;1096;8;1525
MT;2025/07/26;77;42;192;17.9;242;10;317;7.975;338
PA;2025/07/26;72.5;35;139;15;219;9;257.15;5;265
PB;2025/07/26;174;78;543;36;1016;20;1096;10;1195.425
PE;2025/07/26;195;98;554;36;1022.1;17.95;1096;10;1331
PI;2025/07/26;139;72;397.75;34.9;981;24;1089;11;1183
PR;2025/07/26;144.5;25;480.5;9;701;8;775;7;1027
RJ;2025/07/26;201;85.75;537.75;18.9;775;10;878;7.975;1326
RN;2025/07/26;170;96;554;41;1079;22.95;1096;10;1326
RO;2025/07/26;29;14;62;8;174;5;219;3;242
RR;2025/07/26;22;10;49;3;174;2;221;1;231
RS;2025/07/26;6;2;109;0;464;0;781;0;1100
SC;2025/07/26;7;2;134;0;464;0;1027;0;1100
SE;2025/07/26;78;19;268;9;513;1;914;1;1100
SP;2025/07/26;215;120;816;50;1772;15;3088.3;6.975;3869.25
TO;2025/07/26;30;18;83;9;165;7;219;4.975;247
AC;2025/08/02;29;10;114;7;247;6;527;4;1917
AL;2025/08/02;190.5;60.75;700.25;37;821;18;1022.05;10;1088
AM;2025/08/02;67;33;116;11;188;8;242;6;367.699999999999
AP;2025/08/02;44;15.75;91;5;139;2;216.15;1;290.1
BA;2025/08/02;226;77;761;37;877;18;1035;11.975;1088
CE;2025/08/02;261;112;761;54;931.5;30.95;1083;18.975;1236.15
DF;2025/08/02;143;37;318;14;728.6;11;927.15;3;1035
ES;2025/08/02;165.5;77;653;17.9;924.3;10;1023.2;2;1088
GO;2025/08/02;350.5;155;663;49;1018;14.95;1128;6;1730
MA;2025/08/02;51;27;128;10;221;6;270.949999999999;3.975;527
MG;2025/08/02;190;107;527;22;795;12;1035;5.975;1730
MS;2025/08/02;103;36.75;331.25;18;728;11.95;981;7;1120.2
MT;2025/08/02;70;34.75;138;12.9;251;8;317;4;338
PA;2025/08/02;74.5;37;160;16;233;8;265;3;294.075
PB;2025/08/02;170;75;529;30;813;18;1002;12.975;1096
PE;2025/08/02;184;80;633.75;29.9;981;18;1079;10;1264
PI;2025/08/02;117;52;357.25;26;914;19;1015;12;1096
PR;2025/08/02;128;24;318;12;694;8;775;3;775
RJ;2025/08/02;168;78;543;18;775;11.95;786.35;6.975;887
RN;2025/08/02;149;80;529;26;981;18;1089;10;1236
RO;2025/08/02;22;12;42.25;6;105;3;175.649999999999;1;221
RR;2025/08/02;22;8;54;2;156.1;1;206;1;221.25
RS;2025/08/02;2;0;5;0;84.3000000000001;0;254;0;508
SC;2025/08/02;2;0;8;0;131;0;416.099999999999;0;878
SE;2025/08/02;46;15;127.25;8;301;3;730;1;981
SP;2025/08/02;166;117;571;55;887;17.95;1066;4;1772
TO;2025/08/02;28;18;74;10;155;7;219;3;242
AC;2025/08/09;28;10;105;6;527;5;527;4;1917
AL;2025/08/09;198;66;605;27.9;813;18;877;8.975;1035
AM;2025/08/09;66;36;114;11;174;7;257;6;527
AP;2025/08/09;43;12;91;5;128;2;221;1;384.649999999997
BA;2025/08/09;240;81.5;755;29.9;813;18;945;10.975;1035
CE;2025/08/09;296;111;756.5;44;821;26;981;17.975;1058
DF;2025/08/09;141;32;250;19;589;11;795;4;927.075
ES;2025/08/09;158.5;82;378.25;20.9;705.3;10.95;816.199999999997;3;1035
GO;2025/08/09;330;155;605;48.7;923.5;17.95;1147.95;8;1731.525
MA;2025/08/09;48.5;24;114.5;10;221;6;306;4;527
MG;2025/08/09;209;122;515.25;28;795;15.95;1123.6;7;1730
MS;2025/08/09;100;27;278;18;703.1;11;812;7;1078.025
MT;2025/08/09;66;29;138;11;260;6.95;317;4;423.649999999998
PA;2025/08/09;66;33;149;14;233;7;265;2.975;306
PB;2025/08/09;156.5;65;455.5;24;766.8;18;934;11.975;1016
PE;2025/08/09;167;81.5;544;23;813;17.95;981;11;1132.375
PI;2025/08/09;112;46;345.75;24;789.5;17;981;12;1089
PR;2025/08/09;117;23;295;12;488;8;694;4;775
RJ;2025/08/09;149;80.75;410.75;19;728;11;775;7;795
RN;2025/08/09;136;72.75;418;27;813;17.95;981;10;1096
RO;2025/08/09;19;10;44;4;92;3;149;1;221
RR;2025/08/09;22;8;60.5;3;121;1;174;1;221
RS;2025/08/09;2;0;4;0;64.6000000000001;0;121.5;0;275.874999999998
SC;2025/08/09;2;0;12;0;84;0;254;0;464
SE;2025/08/09;59;18;164;9;301;5;599.949999999995;1;814.599999999999
SP;2025/08/09;153;108;515;50.9;803;14.95;889;3;1362.875
TO;2025/08/09;28;15;73;8;149;5.95;219;3;247.025
AC;2025/08/16;27;11;116.5;6;527;5;527;3;1917
AL;2025/08/16;172;60;402;21;795;15;813;8.975;877.3
AM;2025/08/16;65;36;97;11;162;7;365.2;4.95;527
AP;2025/08/16;44;12;80;4;128;2;257.5;1;527
BA;2025/08/16;197;71;508;22;795;15;847;9.975;891
CE;2025/08/16;260;88;524;43;794;22;821;17;889.05
DF;2025/08/16;129;35;325;20;527;14;689.15;7;795
ES;2025/08/16;157;74;443;20.9;627;14;795;3;854
GO;2025/08/16;330;155;539;52.9;821.9;18;1081.05;7.975;1730
MA;2025/08/16;46.5;21;105;9;235.3;5;527;2.975;527
MG;2025/08/16;232;123;525.5;35.9;796.4;19;1730;11.975;1730
MS;2025/08/16;91;27;278;19;564;15;769;8.975;981
MT;2025/08/16;66;27;138;10;267;5;334.2;2;527
PA;2025/08/16;66;29.75;139;13;242;5;291.05;2;334
PB;2025/08/16;155;64;420.5;24;673;18;795;12;945.899999999999
PE;2025/08/16;159;79;500;23;786;16;981;10;1079
PI;2025/08/16;101.5;46;340;23;650;15;809.2;12;981
PR;2025/08/16;85;27;295;12;503;9;612;7;766.225
RJ;2025/08/16;103;80;365;22;612;16;728;11;775
RN;2025/08/16;122;59;397;26;627;16.95;877.05;10;1015
RO;2025/08/16;18;10;44;4;92;3;128;1;231
RR;2025/08/16;22;7;62;2;99;1;174;1;231
RS;2025/08/16;2;1;4;0;28.1;0;92;0;214.574999999999
SC;2025/08/16;2;0;7;0;84;0;205;0;275.874999999998
SE;2025/08/16;65;18.75;164;6;268;3;488;2;730
SP;2025/08/16;131;102;418;50.9;742;16.9;887;3;1035.775
TO;2025/08/16;23;13;54;7;117.3;3.95;219;3;451.774999999999
AC;2025/08/23;26;10;62;5;527;3;527;3;1917
AL;2025/08/23;213;60;431;19;761;15;847;9;847
AM;2025/08/23;62;37;97;12.8;146.6;8;306;4.95;527
AP;2025/08/23;43;11;83;3;126.1;2;252.25;1;527
BA;2025/08/23;253.5;74;498;20;795;15;847;9;877.3
CE;2025/08/23;268;95.75;443;38;667.7;19;821;15;877.2
DF;2025/08/23;122;36;298.75;18;527;13;627.2;7;795
ES;2025/08/23;155;63.5;366.5;20;585;14;775.749999999999;3;930.35
GO;2025/08/23;309;155;507;51;864;17;1203;7;1730
MA;2025/08/23;50;21;98;8;228;4;527;2;922
MG;2025/08/23;203;113;477.25;36;931.4;18;1730;10;1730
MS;2025/08/23;92;28;292;18;527;14.95;730;9.975;914.35
MT;2025/08/23;66;29;128.25;10;260;4;338;2;527
PA;2025/08/23;65;27;129.5;12;242;4;292;2;440.224999999999
PB;2025/08/23;145;61.75;452.25;24;612;18;795;12;899
PE;2025/08/23;164;76;478.25;25;726;18;899;10.975;1187.95
PI;2025/08/23;92.5;45;308.75;19;565.5;14;809;11;981
PR;2025/08/23;90;27;331;12;470;10;549;4.975;613.174999999999
RJ;2025/08/23;114.5;82;371;22;519;17;704.249999999999;10.975;775
RN;2025/08/23;108;56;369.5;24.9;564;15;821;9.95;1016.6
RO;2025/08/23;15;8;39;4;92;2;112.05;1;221
RR;2025/08/23;22;7;62;2;92.2;1;174;1;221.25
RS;2025/08/23;2;1;4;0;27;0;94;0;237
SC;2025/08/23;2;0;14;0;92;0;205;0;268
SE;2025/08/23;65;27;164;8;265;3;397;1;564
SP;2025/08/23;155;104;454;41;742;16.9;887;3;950.299999999999
TO;2025/08/23;21;13;58;7;110.6;3;219;2;451.774999999999
AC;2025/08/30;25;9;52;5;527;3;1308;3;1917
AL;2025/08/30;208;59.25;414;19;579;13;813;5.95;847
AM;2025/08/30;51;36;79;13;157;8;374.799999999991;6;527
AP;2025/08/30;37.5;10;80;2;121;1;223.299999999998;0;527
BA;2025/08/30;213;68;466;19;629.2;14;847;7;847
CE;2025/08/30;256;96.75;420.75;37;595.1;18;795.899999999999;12.975;847
DF;2025/08/30;115;26;281;17;527;12;627;3;775
ES;2025/08/30;134;37;204;18;529.2;7;585;0;790
GO;2025/08/30;309;155;445;50;805.8;12;1203;3;1730
MA;2025/08/30;49;18.75;109;7;269;4;343.649999999991;2.975;1791
MG;2025/08/30;178;109;381.25;31;1056.5;18;1730;7;1730
MS;2025/08/30;82;27;209;18;488;14;612;6.95;775
MT;2025/08/30;65;29;128.5;8;260;3;411.099999999999;2;527
PA;2025/08/30;62;27;121.5;11.8;233;4;292;1;317.849999999999
PB;2025/08/30;132.5;60;410;25;587.3;18;813;10.975;899
PE;2025/08/30;159;72;463;24;730;14;899;7.975;1264
PI;2025/08/30;92.5;41.75;288;17;605;14;899;10.975;981.849999999999
PR;2025/08/30;52;21;108;12;385;7;463;1;503
RJ;2025/08/30;147;69;369;21;470;17;612;7;775
RN;2025/08/30;102.5;53;298.75;21;527.6;12;899;6.975;1016.6
RO;2025/08/30;15;10;37;4;92;2;99;1;196.225
RR;2025/08/30;18;5;41.25;2;92;1;143;1;206
RS;2025/08/30;3;1;18;0;42;0;161;0;268
SC;2025/08/30;4;1;19;0;94;0;268;0;268
SE;2025/08/30;53;19;164;6;261;3;340.299999999999;1;498
SP;2025/08/30;148;104;418;66;742;14.95;742;3;887
TO;2025/08/30;21;13;56;7;108.1;3;215.15;2;289.225
AC;2025/09/06;25;11;78.5;5;527;3;1791;3;1917
AL;2025/09/06;153;44;367;19;579;14;688;5.95;847
AM;2025/09/06;52;36;79;15;143;10;374.799999999991;6;527
AP;2025/09/06;36;8;76;2;116;1;221;1;527
BA;2025/09/06;158.5;52.75;367;20;568.6;15;694.249999999998;7;847
CE;2025/09/06;179;84.75;348;33;561;18.95;688;10.975;821
DF;2025/09/06;115;28;252;17;549;11;627.1;3;790
ES;2025/09/06;134;42.25;230.5;17;561;7;692;0;795
GO;2025/09/06;332;156.5;514;52.8;864;14;1730;3;1730.1
MA;2025/09/06;47;21;100.5;7;267.2;4;527;2;1794.15
MG;2025/09/06;193;110;464.5;51;1203;18.95;1730;7;1730
MS;2025/09/06;87;35;260.5;18;488;14;586.149999999999;7;730
MT;2025/09/06;60;23;131;7.80000000000001;251;3;418.3;2;527
PA;2025/09/06;61;26;127;8.80000000000001;219;3;269.199999999998;1;317
PB;2025/09/06;123.5;59;367.5;27;553.8;17.95;726.2;12;899
PE;2025/09/06;148;72;377;24;659;14.95;899;9;1264
PI;2025/09/06;86;38;253.5;17;553;13;766.999999999999;6;981
PR;2025/09/06;51;25;131;12;404;4;463;1;508.475
RJ;2025/09/06;144.5;72;365;23;463;17;612;7;775
RN;2025/09/06;101;53;274;21;520;12;766;5.975;981.849999999999
RO;2025/09/06;15;8;32;3;76;1.95;93.05;1;174
RR;2025/09/06;18;5;39;2;92;1;99;0;174
RS;2025/09/06;3;1;18;0;84;0;268;0;268
SC;2025/09/06;4;1;24;0;205;0;268;0;268
SE;2025/09/06;51;18;164;6;268;3;355.45;2;498
SP;2025/09/06;137;104;374;66;742;14;776.249999999999;2.975;887
TO;2025/09/06;21;12;56;6.90000000000001;104;3;195;1;248.525
AC;2025/09/13;27;13;119;5;1732;3;1917;3;1917
AL;2025/09/13;149;47;350;19;662.3;14;688;7;869.2
AM;2025/09/13;52;36;79;15;143.4;10;374.799999999991;7;527
AP;2025/09/13;37;8;76;3;116.3;1;221;1;527
BA;2025/09/13;160;64.5;355;20;585;15.95;726;10;847
CE;2025/09/13;160.5;80;325;33;579;19;692;10;847
DF;2025/09/13;116.5;30;253.25;16;585;10;692;1;835
ES;2025/09/13;137;51;361;16;692;5.85000000000001;790.05;0;835
GO;2025/09/13;340.5;163.75;578;51;929;14.95;1730;3;1730.05
MA;2025/09/13;44;18;97;7;235.3;3;527;2;1917
MG;2025/09/13;195;114;531.25;51;1203;18.95;1730;6.975;1730
MS;2025/09/13;85;35.75;270;18;498;14;659;7;790.025
MT;2025/09/13;60;23;138;7;267;3;527;2;1732
PA;2025/09/13;59;25.75;122;8;219;3;265;1;306.275
PB;2025/09/13;118;59;371;24;608;15.95;794;9;907
PE;2025/09/13;139;72;386;24;690.2;14.95;907;9;1264
PI;2025/09/13;86.5;39;251;17;605;12;814.799999999998;4;981
PR;2025/09/13;50;27;123;12;404;4;463.35;2;527
RJ;2025/09/13;142;72;379;23;470;17;612;10.925;775
RN;2025/09/13;97;51;265;19.9;526;11;794;4;1015
RO;2025/09/13;15;7;32;3;80;2;94;1;206
RR;2025/09/13;17.5;5;35;2;88.3000000000001;1;92;1;174
RS;2025/09/13;3;0;12;0;42;0;205;0;268
SC;2025/09/13;4;1;19;0;205;0;258;0;268
SE;2025/09/13;39;14;164;4;265;3;355;2.975;498
SP;2025/09/13;153;104;374;62;742;16.85;742;2;887
TO;2025/09/13;21;11;43.25;5;102;3;195;2;298
AC;2025/09/20;28;13;205.25;5;1791;3;1917;2.975;2068
AL;2025/09/20;129;39;323.5;20;688;13;688;6.975;877
AM;2025/09/20;49;30;79;15;169;10;527;5;590.199999999943
AP;2025/09/20;36;8;76;2;119;1.95;221.35;1;527
BA;2025/09/20;140;57;332;20.9;585;14;692;10;847
CE;2025/09/20;161;62.75;295.25;32.9;579;18;688;10;821.649999999999
DF;2025/09/20;125;32;323;16;585;9.95;692;0;856
ES;2025/09/20;137;42.25;411;16;662.3;3;795;0;856
GO;2025/09/20;365;155;586;42.8;928;14;1730;3;1732.7
MA;2025/09/20;48.5;17;104;7;247.5;3;1791;2;1917
MG;2025/09/20;203;111.75;585;37;1203;15;1730;3;1730
MS;2025/09/20;82;32;219.5;18;500.3;15;659;8.975;775
MT;2025/09/20;60;23;147.25;7;292;3;527;2;1791
PA;2025/09/20;62;25;112.25;8;219;3;265;1.975;306.275
PB;2025/09/20;111;60.75;308;24;536.6;15;737;9;899.2
PE;2025/09/20;135.5;70;371;24;674.5;15;907;9;1264
PI;2025/09/20;88;33;219;16;553;9.95;737.05;4;915.674999999998
PR;2025/09/20;53;27;128;12;404;4;488;2;527
RJ;2025/09/20;150;72;365;23;498.5;17;612;11;775
RN;2025/09/20;104;52;265;19;520;10;737;4;981.849999999999
RO;2025/09/20;15;7;32;3;80;2;97.05;1;221
RR;2025/09/20;15;4;33.25;2;81;1;92;0;174
RS;2025/09/20;3;0;17;0;35;0;205;0;268
SC;2025/09/20;4;1;19;0;205;0;205;0;268
SE;2025/09/20;39;14;105.25;3;261;3;366.049999999999;3;498
SP;2025/09/20;153;104;394;51;742;13.9;827;3;887
TO;2025/09/20;22.5;10;46.25;4;104;3;218.05;1;423.699999999999
AC;2025/09/27;27.5;14;221;6;1791;3;1917;3;2068
AL;2025/09/27;128;39;320;20;688;13;688;7;877
AM;2025/09/27;49;27;76;14;164;7;311.899999999995;4.95;527
AP;2025/09/27;25.5;6;72;2;119;2;221;1;527
BA;2025/09/27;139.5;53;323;20;587;13.95;692;10;847
CE;2025/09/27;158;62;271;29;574.5;17;688;9;821.649999999999
DF;2025/09/27;131;35;253;15;585;10;692;1.975;835
ES;2025/09/27;141;51;365;14.9;660;7;835;0;900
GO;2025/09/27;332;155;605.75;38;944.8;14;1730;3;1732.7
MA;2025/09/27;43.5;15;103.25;6.90000000000001;247.5;3;1791;2;1917
MG;2025/09/27;195;113;585;46.9;1203;15;1730;4;1730
MS;2025/09/27;82;31;245;15;498;14.95;659;6.95;775
MT;2025/09/27;60.5;23;163;6;292;3;527;2;1791
PA;2025/09/27;60;23;110.5;7;219;2.95;260.25;2;306.275
PB;2025/09/27;111;59;293.5;22;536;14;737;9;899.2
PE;2025/09/27;136;71.75;371;23;688;14;907;7;1264
PI;2025/09/27;88;33;208.25;15;536;6;737;4;981
PR;2025/09/27;57;27;140;12;366;3.95;463.35;1;506.525
RJ;2025/09/27;134;72;364;23;470;15;585;7;775
RN;2025/09/27;103;50.75;228.5;20;507.3;9.95;737;4;1015
RO;2025/09/27;15;7;35.25;2;81;2;99.2999999999997;1;231.4
RR;2025/09/27;14;4;32;2;80;1;92;1;174
RS;2025/09/27;3.5;1;17;0;35;0;205;0;254.35
SC;2025/09/27;4;1;19;0;205;0;205;0;268
SE;2025/09/27;37;14;93.25;3;254.7;3;339;3;503.075
SP;2025/09/27;166;97;412;51;731;6.95;742;2;887
TO;2025/09/27;23;10;46;3;107.1;2.95;219;2;482.774999999999
AC;2025/10/04;46;18;227;9;1917;5;1917;3;1917
AL;2025/10/04;121;43.75;272;25;688;15;688;7.975;877
AM;2025/10/04;58;33.5;114;18.8;242;10;290.4;6;1791
AP;2025/10/04;36;8;80;2;192;1;245;1;1791
BA;2025/10/04;139;57;320.25;27;629;16.95;730.35;11;847.425
CE;2025/10/04;158.5;63;271;30;605;19;692;10;864
DF;2025/10/04;131;35;297.5;17;585;9.95;791;0;864
ES;2025/10/04;134;51;365;16;790;3;835;0;900
GO;2025/10/04;415;165;680;51;1018.5;19;1730;4.975;1921
MA;2025/10/04;35;14;98;6;247;3;1791;2;1917
MG;2025/10/04;203;110;585;37;1730;14;1730;2.975;1921
MS;2025/10/04;94;38;218;20;527;14;730;9;874.624999999999
MT;2025/10/04;65;25.75;187;8;251;3;489.949999999998;2;1791
PA;2025/10/04;55.5;22;104;6;219;2;260;1;317.425
PB;2025/10/04;118;59;285.75;22;553.8;14;738;9;981.575
PE;2025/10/04;142;72;371;23;690.4;15;1025;9;1264
PI;2025/10/04;88;29;210.5;11;536;6;786.4;4;1089
PR;2025/10/04;94;43;361;15;497;10;585;4;728.05
RJ;2025/10/04;139;72;365;22;497;14;612;7;775
RN;2025/10/04;96;49.75;217;17;519.1;5;766.999999999999;4;1079.25
RO;2025/10/04;18.5;7;37;3;92;2;153;1.975;221
RR;2025/10/04;14;3;34;2;92;1;112;0.975000000000001;175
RS;2025/10/04;4;1;22.25;0;94;0;205;0;254
SC;2025/10/04;4;1;47;0;205;0;205;0;268
SE;2025/10/04;37;14;85;6;252.2;3;332.35;3;506.525
SP;2025/10/04;222;104;418;37.9;742;10;791;3;1028.175
TO;2025/10/04;21;9;44;3;107.1;3;219;2;513
AC;2025/10/11;48;21;527;10;1917;5;1917;3;1917
AL;2025/10/11;121;47;351.75;21;688;15;690;9;877.3
AM;2025/10/11;62;36;116;22.6;242;11;527;7;1917
AP;2025/10/11;43;7;89.5;2;219.2;1;527;1;1917
BA;2025/10/11;138;57;365;21;688;15;790;9.975;874
CE;2025/10/11;149;63;276.75;29;605;18;723.699999999999;10.975;864
DF;2025/10/11;119;29;282.75;15;585;10;791;1;864.25
ES;2025/10/11;134;57;365;18;747;7;835;0;874
GO;2025/10/11;443;181.5;762;57;1133.7;24;1730;7;1921
MA;2025/10/11;36;16;104.25;6;305.1;3;1917;2;1917
MG;2025/10/11;199;112;527;45.4;1730;17.9;1730;3;1921
MS;2025/10/11;94;41;276;20;536.6;14;766;7;907.175
MT;2025/10/11;69;28;216.75;8;294;3;527;2;1917
PA;2025/10/11;57;23;122;6;238;2;294;1;527
PB;2025/10/11;113.5;57;292.5;21;605;15;767.199999999999;9;1004.1
PE;2025/10/11;145;70;371;22;737;15;1264;9;1264
PI;2025/10/11;85.5;29;219;12.9;563;6;816.049999999997;4;1098.25
PR;2025/10/11;94;51;361;17;497;10.95;586.149999999999;4;730.175
RJ;2025/10/11;122.5;72;365.25;22;497;14;614.349999999998;4;775
RN;2025/10/11;94;46.75;212.5;17;520.6;9;794;4;1096
RO;2025/10/11;24;8;56;4;114;2;174;1;238
RR;2025/10/11;17;3;44.25;1;92;1;114;1;228.075
RS;2025/10/11;5;1;27;0;92;0;205;0;254
SC;2025/10/11;5;1;34;0;205;0;216;0;268
SE;2025/10/11;37;14;92;6;261.4;3;340.249999999999;3;605.075
SP;2025/10/11;216;107;418;35;739.2;9.90000000000001;791;2.975;1040
TO;2025/10/11;28;12;56;3;114;3;228;1;513