"uf","date","median","lower_50","upper_50","lower_80","upper_80","lower_90","upper_90","lower_95","upper_95"
"AC",2022-10-09,44,25,227,10,1917,6,1917,4.975,1917
"AC",2022-10-16,48,25,1791,11,1917,9,1917,4,1917
"AC",2022-10-23,51.5,25,570.5,11,1917,6,1917,3,1917
"AC",2022-10-30,58,26,1381,13,1917,9,1917,6,1917
"AC",2022-11-06,75,27,575.75,13,1917,10,1917,6,1917
"AC",2022-11-13,75,27,535,16.9,1917,9,1917,6,1917
"AC",2022-11-20,83,31,583,20,1352,12,1917,8,1917
"AC",2022-11-27,95,31,300,16,1287,12,1917,6.975,1917
"AC",2022-12-04,122,39,679,20,1196,11.95,1831,4.975,1917
"AC",2022-12-11,158,40.75,679,21,1550.8,11,1831,4.975,1917
"AC",2022-12-18,152.5,44,531,20,1761,8,1831,3,1917
"AC",2022-12-25,153,51,506,20,1831,10,1831,3,1917
"AC",2023-01-01,153,49,359.5,18,1410,9.95,1917,7,2139
"AC",2023-01-08,157,61,806,27,1410,9,1917.25,4,2060
"AC",2023-01-15,169,75,829.25,30,1410,9,1825.8,4,2060
"AC",2023-01-22,173.5,67,813.75,30,1410,9,1494.85,4,1983
"AC",2023-01-29,281.5,98,1013,41,1410,21.95,1594,8,2169
"AC",2023-02-05,348,164,1013,51.9,1349.2,16,1410,5,1923.3
"AC",2023-02-12,348,135.75,1054,40,1189,9,1410,4,1874.475
"AC",2023-02-19,299,118,912,37,1189,7.95,1189,4,1457
"AC",2023-02-26,261,96.5,759.75,37,1189,5,1189,4,1457
"AC",2023-03-05,186,66,348,25,980,8,1238.85,4.975,1493
"AC",2023-03-12,132,49,391.5,24,980,11,1361.55,4.975,1594
"AC",2023-03-19,157,49,453,24,689,9.95,1189,5,1596.425
"AC",2023-03-26,132,50.75,453,24,651,13,1304,6.975,1917.025
"AC",2023-04-02,127.5,51.75,453,27,548,11,1278,7.975,1888
"AC",2023-04-09,103.5,61.25,321,24,548,18.85,1213.3,8,2025.35
"AC",2023-04-16,90,50,204,24,477,22,941.749999999997,8,1696.9
"AC",2023-04-23,98,64,131,24,477,15.85,595,5.975,1313.275
"AC",2023-04-30,94,68,131,24,453,18,595,7.95,1278.85
"AC",2023-05-07,93,51,127,21,453,13,668.15,5.975,1313.275
"AC",2023-05-14,74,28,127,17,453,10,789.299999999993,4.95,1316.9
"AC",2023-05-21,53,25,103,16,338.800000000002,11,756,8,1201.75
"AC",2023-05-28,57,25,101,17,276,14,610.199999999995,9,1086.79999999999
"AC",2023-06-04,42,18,105,13,280,6,675.399999999999,4,1547
"AC",2023-06-11,33,18,84,9,244,4,658.699999999998,4,1917
"AC",2023-06-18,28,16,50,4,196,4,497.549999999999,4,1333.62499999999
"AC",2023-06-25,26.5,15,46,12.9,221.1,7,527,4,844.799999999995
"AC",2023-07-02,29,15,46,9,189.3,6,334,6,606
"AC",2023-07-09,29,14,47,9,167,6,292,6,527
"AC",2023-07-16,21,12,46,8.80000000000001,167,6,221,6,527
"AC",2023-07-23,14,9,45,7,167,6,221,6,527
"AC",2023-07-30,49,16,114,9,207.4,6,295,4,914.2
"AC",2023-08-06,29,10,56.25,6,295,4,295,4,1308
"AC",2023-08-13,29,13,105,7,295,6,295.55,4,1318.59999999999
"AC",2023-08-20,28,13,65.25,8,295,6,922,3,1732
"AC",2023-08-27,25,10,66.25,6,922,3,1308,3,1791
"AC",2023-09-03,25,6,45,6,131,6,827.699999999954,3,1917
"AC",2023-09-10,25,7,45,6,151,4,1917,3,1917
"AC",2023-09-17,25,10,44,6,161,3,1917,3,1917
"AC",2023-09-24,25,11,44,6,169,3,1917,2,1917
"AC",2023-10-01,27,13,115,9,1917,6,1917,4.975,1917
"AL",2022-10-09,112,36,184,19,515.500000000001,18,688,15,688
"AL",2022-10-16,128,37,241,19,688,17,688,11,690
"AL",2022-10-23,128.5,50,264,21,688,15,688,11,747.1
"AL",2022-10-30,123,52.75,198,27.9,688,15.95,688,9.95,847
"AL",2022-11-06,128,52,232,29,688,17,751,11,879.25
"AL",2022-11-13,123,55,232,24,605,17,751,17,1202
"AL",2022-11-20,128,66,308,24,825,19,1297,17,1297
"AL",2022-11-27,124,78,232,28.8,751,19,1009.79999999999,11,1761
"AL",2022-12-04,90,31,231,19,726,19,1761,15,2618.44999999999
"AL",2022-12-11,99,32,486,21,1234,15,1882,15,4185
"AL",2022-12-18,122,35,700,24,1234,19,2909,15,4185
"AL",2022-12-25,97.5,37,486,19,825.3,18,1917,8,4185
"AL",2023-01-01,177.5,65,604,18,1141.9,18,1783,13,3969.425
"AL",2023-01-08,187,113.75,374,40,695,19,2531,16,4512
"AL",2023-01-15,273,120,604,34,1195,16,4212,16,4512
"AL",2023-01-22,303,136.25,607,35.9,1428,30,4212,14,4512
"AL",2023-01-29,162,73,463,30.9,1355,14,4212,10.975,4512
"AL",2023-02-05,333,139,649,40,2001,34,2718,12,4512
"AL",2023-02-12,370,155,607,46.3,2531,31,2531,14,4212
"AL",2023-02-19,302,144,392,37,1313,16.95,2531,14,3689
"AL",2023-02-26,226,150,392,79.5,1246,28,2531,16,3702
"AL",2023-03-05,252,156,626,95,1431,32.9,2587,17,3773.2
"AL",2023-03-12,263.5,172,632.5,31,1797,17,2770,17,3405.15
"AL",2023-03-19,302,192,850,31,2114,16.85,2770,9,3528
"AL",2023-03-26,419,241,1192,166,2495,31,3402,15.95,4121
"AL",2023-04-02,520,285,1192,64.9,2114,43,2134.35,31,4512
"AL",2023-04-09,478.5,262,1122.25,48,2114,44,2262,29.9,4512
"AL",2023-04-16,577,236,1351.75,84.9,2114,42,2114,26,3695
"AL",2023-04-23,569,285,1430,85.9,2114,48,2114,30,4382.325
"AL",2023-04-30,699,296,1651,131,2290.4,76.95,3695,52,5216
"AL",2023-05-07,885,337,1430,131,2128,70.7,3189.95,42,4519.24999999999
"AL",2023-05-14,827,356,1390,131,2114,90,3060.74999999999,70.85,4516.875
"AL",2023-05-21,827,356,1390,131,2114,73,2965,64.875,4512
"AL",2023-05-28,688,265,1430,109,2114,65,2880.85,60.975,4067.7
"AL",2023-06-04,731,214,1649,90,2287,65,2468.5,36.925,3030
"AL",2023-06-11,688,244,1428.5,90,2287,77,2468,37,2479.325
"AL",2023-06-18,594,198,1355,78.9,2038,53,2430,33.95,2478
"AL",2023-06-25,610,229.75,949,81,2038,53,2337,27,2478
"AL",2023-07-02,405,81,858,69,1331,52.95,1593,20,1854.7
"AL",2023-07-09,609,192,1031,69,1484,56.95,1593,31.95,1610.425
"AL",2023-07-16,566,226,1023,74.9,1331,57,1491,34.95,1593
"AL",2023-07-23,498,192,970,92,1331,57,1331,27,1408
"AL",2023-07-30,314,151,466.5,51,794,35.85,1188.5,25,1331
"AL",2023-08-06,223,95,408,37,679,26,821,22,1016.15
"AL",2023-08-13,297,122,403,42.7,751.4,26,821,20,985
"AL",2023-08-20,177,74,402,28,605,19,847,18.975,847
"AL",2023-08-27,184.5,60,376,19,690.7,19,847,17,847
"AL",2023-09-03,120.5,38,271,19,436.1,17,688,13,698.349999999999
"AL",2023-09-10,140,39,268,20,442,18.95,688,16,688
"AL",2023-09-17,145,44,268.5,23,462.1,18,688,16,688
"AL",2023-09-24,129,38,241,27,509,19,688,17,688
"AL",2023-10-01,99,36,182,25,587,18,688,14,688
"AM",2022-10-09,42,23,65,10,114,4.95,203.299999999999,3,1791
"AM",2022-10-16,47,25,72,10.9,139.4,4,527,3,1917
"AM",2022-10-23,49,25,76,13,152,6,294.1,3,1917
"AM",2022-10-30,54,25,93,9,187,6,239.899999999998,4,1917
"AM",2022-11-06,62,30,95,11,190,6,238,3,511.699999999998
"AM",2022-11-13,55,19,83.25,8,190,4,302,1.975,353
"AM",2022-11-20,54,24,107,7.90000000000001,289,3,353,2,389.649999999999
"AM",2022-11-27,69,23,115,4,194,2,353,2,389
"AM",2022-12-04,79,24,159,3,415,2,440,1,914
"AM",2022-12-11,82,24,159,4,415,2,701.299999999999,1,914
"AM",2022-12-18,82,19,156,4,415,2,651,1,914
"AM",2022-12-25,59,16,156,3,367,2,651,0,772.35
"AM",2023-01-01,59,11,159.25,7,541,4,1418,2,1783
"AM",2023-01-08,80,10,191.25,6,1118,4,1948,1,2356
"AM",2023-01-15,80,8.75,222,5,1034.5,4,1964.94999999998,1,3217.9
"AM",2023-01-22,96,8,222,6,1030,2,1964.94999999998,1,3217.9
"AM",2023-01-29,205,46.75,619,8,3213,4,3409,1.975,3415.02499999999
"AM",2023-02-05,208,51.75,525.75,8,3409,2,4629,1,5555
"AM",2023-02-12,161,33,481.25,4,3217,1.95,4629,1,6171
"AM",2023-02-19,119,33,348,4,3213,2,6171,0,7000
"AM",2023-02-26,94,33,279.5,4,1058,2,3409,0,6171
"AM",2023-03-05,94,33,274.5,5,1953.9,0,3409,0,4382
"AM",2023-03-12,116.5,33,392.25,5,3203,3,3439.29999999997,0,4382
"AM",2023-03-19,115,36.75,477,5,3203,3,3203.5,0,4382
"AM",2023-03-26,101,27,348,5,1938.1,3,3203,0.975000000000001,3409
"AM",2023-04-02,97,42,304,5,827,4,1888,1.975,2123.84999999999
"AM",2023-04-09,83,42,285.25,5,811,3,1316.25,2,2078.9
"AM",2023-04-16,79,41,215,5,596,3,1216,2,2078
"AM",2023-04-23,78,37,410,5.90000000000001,596,3,811.799999999999,1,1493
"AM",2023-04-30,85,40,229,5,573,2,596,1,1431.575
"AM",2023-05-07,97,50,327.75,5,573,2,596,0,981
"AM",2023-05-14,80,28,169,8.90000000000001,573,4,573,1,981.849999999999
"AM",2023-05-21,77,28,162,11,338.9,2.95,573,1,1014.025
"AM",2023-05-28,98,33,162,18,309,5,573,2,951.749999999999
"AM",2023-06-04,58,30,146,14,280,10,348,4,674.35
"AM",2023-06-11,61,30,108,16,210.4,8,309,4,650.6
"AM",2023-06-18,54,27,108,15,186,7,293.2,4,606.125
"AM",2023-06-25,70,30,163,15.9,194,9,334.1,7,611
"AM",2023-07-02,70,29,131,15.9,221,9,276,6,606
"AM",2023-07-09,70,30,139,15,221,8,261,6,442.174999999998
"AM",2023-07-16,76,38,131,14,188,9,234.4,6,354.824999999998
"AM",2023-07-23,69,36,116,12,188,9,221,7,489.949999999999
"AM",2023-07-30,53,29,116,14.9,160,9,192,8,262.05
"AM",2023-08-06,51,29,105,12.9,138,9,188,6,270
"AM",2023-08-13,49,29,79,10,117,7,188,5,295
"AM",2023-08-20,48,36,70,13,117,8.95,145.749999999999,6,353
"AM",2023-08-27,49,37,79,14,105,9,141,6,354.049999999999
"AM",2023-09-03,52,31,68,10,99,7,187.3,4,306
"AM",2023-09-10,51,27.25,79,10,99,6,154.55,3.925,306
"AM",2023-09-17,48.5,25,68,9,99,5,169,3,306
"AM",2023-09-24,47,25.75,66,10,112.2,6,195,3,306
"AM",2023-10-01,52,36.75,72.5,11,170.3,6,202,4,308.749999999997
"AP",2022-10-09,18,9,65,3,164,1,202,1,1917
"AP",2022-10-16,21,8,71,4,195,1,267,1,1917
"AP",2022-10-23,35,8,71,3,195,1,257,1,1917
"AP",2022-10-30,54,14,65,4,128.6,4,238,3,1917
"AP",2022-11-06,41,8,65,4,95,1,195,0,487
"AP",2022-11-13,10,4,49,4,80,0,108.05,0,228
"AP",2022-11-20,19,4,48,3,79,2,103,1,215.075
"AP",2022-11-27,8,3,48,2,74,1,115,0,300.025
"AP",2022-12-04,18.5,3,46,1,59,1,79.1999999999998,1,227
"AP",2022-12-11,22,3,46,2,59,1,74.1499999999999,1,228.3
"AP",2022-12-18,22,5,46,2,59,1,65.2999999999997,0,227
"AP",2022-12-25,26,11,59,3,59,2,72,1,227
"AP",2023-01-01,30,9,119,4,336,1,679,0,1132.05
"AP",2023-01-08,27,7,145,3,474,1,1057.2,1,1317.45
"AP",2023-01-15,23,6,142,3,570.000000000001,1,1013.85,0,1562.85
"AP",2023-01-22,27,8,153,2,559.000000000001,1,1013,0,1752
"AP",2023-01-29,35,6,214,4,945.500000000002,1,1410,1,2169
"AP",2023-02-05,35,6,179.75,2,832.6,1,1216,0,1983
"AP",2023-02-12,27,6,141.25,2,656.2,1,1189,0,1534.79999999999
"AP",2023-02-19,35,5,126,2,348,1,912,0,1189.675
"AP",2023-02-26,16,5,112,2,301.800000000001,0,831,0,1274.825
"AP",2023-03-05,12,8,116,4,278,0,1014.95,0,1764.825
"AP",2023-03-12,12,6,75,4,328.8,0,1188.05,0,1800
"AP",2023-03-19,12,6,71,4,331.5,1.95,859.149999999996,0,1936.35
"AP",2023-03-26,23,6,102,3,453,1,1123.7,0,1991.225
"AP",2023-04-02,33,8,102,5,453,2,737,0,1691
"AP",2023-04-09,32,7,86.25,4,387.9,2.95,550.349999999998,0,1814.65
"AP",2023-04-16,33,9.75,83.25,4,235,2,477,0,1494.775
"AP",2023-04-23,39,12,84,4,221.3,2,477,0,1080.975
"AP",2023-04-30,9,3,47,2,188.7,0,981,0,1744.675
"AP",2023-05-07,6,4,50,0,202,0,938,0,1493.8
"AP",2023-05-14,13,4,50,2,210,0,938,0,1525.05
"AP",2023-05-21,20,4,50.25,2,268.4,0,938,0,1343.4
"AP",2023-05-28,46,16,76,2.90000000000001,276,2,939,0,1821
"AP",2023-06-04,48,16,111,10,276,4,592.1,2,714.05
"AP",2023-06-11,33,16,84,10,244,4,495.199999999999,3,652.55
"AP",2023-06-18,34,16,83,8,199.2,5,518,3,652
"AP",2023-06-25,32,16,83,11,194,7.95,359.649999999999,3,611
"AP",2023-07-02,23.5,16,70,6,163,2,270,0,527
"AP",2023-07-09,25,10,76,4,160,0,242,0,321
"AP",2023-07-16,24,9,76,2,150.1,0,221,0,270.15
"AP",2023-07-23,23,10,76,5,126,2,221,1,270.15
"AP",2023-07-30,42,15,116,10,129,5,188.2,2.975,264
"AP",2023-08-06,44,14,99,5,126,4.95,188,4,270
"AP",2023-08-13,29,7,76,4,126,4,192,2,282.325
"AP",2023-08-20,27,10,66,4,119,3,144.1,1,295.55
"AP",2023-08-27,17,5,65,2,116,1,141.4,0,306
"AP",2023-09-03,37,10.25,68,4,104,1,187.75,1,306
"AP",2023-09-10,36,10,79,3,104,1,183.6,1,306
"AP",2023-09-17,36,10,80.5,4,104,1,187,1,308.749999999997
"AP",2023-09-24,38,10,86,4,114,1,195,0,1791
"AP",2023-10-01,25,9,65,4,164,1,202,1,267.674999999999
"BA",2022-10-09,129,63.75,187,30.9,243,18,437,15.975,509
"BA",2022-10-16,129,58.75,189,24.8,271,16,443,13,510.574999999999
"BA",2022-10-23,137,71,184.5,25,271,16,437.3,13,509
"BA",2022-10-30,129,93,226.25,30,385.1,18,509,14.95,605
"BA",2022-11-06,138,93,253,35,462,17,605,11,605
"BA",2022-11-13,148,106,241,35,605,22,605,17,889
"BA",2022-11-20,185,105,486,38,766,24,889,19.95,1124.425
"BA",2022-11-27,149,80.75,427,39.8,766.6,26,1120,22,3568
"BA",2022-12-04,207,110,719,38,1234,26,1882,26,4185
"BA",2022-12-11,347,143,1234,54.5,1761,30,4185,23,4185
"BA",2022-12-18,339,132,1044,55,2611,32,4185,26,4185
"BA",2022-12-25,339,98,828,43,1882,30,4185,28,4185
"BA",2023-01-01,323,139,719.25,49.9,1319,22,1783,18,4185
"BA",2023-01-08,345,162,833,89.6,1065,52,1941,34,4217.175
"BA",2023-01-15,345,176.25,833,101,1430.7,52,4186.35,34,4512
"BA",2023-01-22,359,226,809,145,1752,64,2533.45,34,4512
"BA",2023-01-29,605.5,270,1065,136.9,1941,47.9,2580,6.95,4512
"BA",2023-02-05,570,270,1081,116,1821,10.8,2531,0,3428.475
"BA",2023-02-12,531,191,1119,136,1458.3,51.85,2328,0,2531
"BA",2023-02-19,700,212,1081,117.9,1711,0,2334.4,0,3210.425
"BA",2023-02-26,833,217.25,1150,161,2004,48.5,2587.4,0,3689.325
"BA",2023-03-05,1021,236,1627.75,211.3,2532.7,60,3208,0,3874
"BA",2023-03-12,1409,420,2004,218.3,2908,130,3305.7,0,4306
"BA",2023-03-19,1665,473,2233,236,3208,190.45,3305,50,3690.45
"BA",2023-03-26,1819,511,2856,262.7,3208,207.95,3402,129.6,4052
"BA",2023-04-02,2173,1785,2587,566.8,3258,247,3552,205,3689.15
"BA",2023-04-09,2330.5,1430,2618,366,3258,244.55,3528,191.975,3695
"BA",2023-04-16,1819,952,2587,259,3086,215.8,3258,191.975,3552
"BA",2023-04-23,1519,573,2480,236,2595,204,3258,191,3591
"BA",2023-04-30,1430,599.75,2114,272,2587,202,3258,109.725,4359
"BA",2023-05-07,1101,522,1925.25,265,2420,201.95,3208,49,4364.275
"BA",2023-05-14,1062,522,1617,265,2275.7,155,3254.2,59.725,4786.425
"BA",2023-05-21,1164,522,1617,216.5,2344.2,137,3258,49,4286
"BA",2023-05-28,795,267,1617,221.5,2954,152,4286,108.25,4286
"BA",2023-06-04,473,191,939,131,1970,45.85,2038,0,2582
"BA",2023-06-11,383,187,987.5,131,1713,52,2430,1,2587.45
"BA",2023-06-18,469,197,982,119,1827,46,2430,1,4219.64999999999
"BA",2023-06-25,383,244,765,131,1751,41,1896,22,2382.225
"BA",2023-07-02,233,149,603,78.7,1131,26,1331,20,1493.55
"BA",2023-07-09,232,149,609,94,1331,48.9,1582,22,1593
"BA",2023-07-16,275,156.75,609,94,1331,40,1331,22,1408
"BA",2023-07-23,354,176,572,90,1331,39.95,1408,22,1408
"BA",2023-07-30,226,117,404,38.9,726,25,1185.29999999999,18,1331
"BA",2023-08-06,184,89,372,55.6,547,26,808.649999999999,18,901.575
"BA",2023-08-13,213,106.5,398,47.8,755,25,847,18.975,985
"BA",2023-08-20,204,90.75,344,37,697,21,847,18,891
"BA",2023-08-27,191,77,344,36,847,19,847,16.975,869.25
"BA",2023-09-03,134,49,191,20,308,17,605,15.975,847
"BA",2023-09-10,134,38,190.25,20,395.8,17,663.299999999997,16,769
"BA",2023-09-17,122,39.75,187,19.8,273,16,443,13,660
"BA",2023-09-24,92,48.25,183,23,271,16,442,12.95,629
"BA",2023-10-01,128,66,183,27.9,271,17.95,415.599999999999,13.975,594.275
"CE",2022-10-09,128,71,228.5,33,443,29,509,23,605
"CE",2022-10-16,111,61,192,29,443,29,509,21,605
"CE",2022-10-23,128,66,192,29,309.6,27,509,18,605
"CE",2022-10-30,209,80,290,66,605,34.95,605,18.975,605
"CE",2022-11-06,121,80,342,66,605,25,605,17,605
"CE",2022-11-13,142,93,605,66,605,40,605,18,605
"CE",2022-11-20,113,79,290,48,605,40,605,22,605
"CE",2022-11-27,98.5,66,177,48,605,39.7,605,20,605
"CE",2022-12-04,266,93,303,48,847,27,847,22,847
"CE",2022-12-11,196,96,266,43,303,22,847,18,847
"CE",2022-12-18,175,71,266,32,303,22,478.049999999997,18,847
"CE",2022-12-25,182,65,196,38,303,23.95,367,18,605
"CE",2023-01-01,323,130,1131,85.9,1131,49,1354.05,37.9,1490.025
"CE",2023-01-08,148,104.75,256,49,607,41,1428,41,1461.84999999999
"CE",2023-01-15,323,148,607,98,1456,49,1690,41,4212
"CE",2023-01-22,490.5,206,1428,80.8,1456,48.6,1690,34,4212
"CE",2023-01-29,448.5,118.5,649,34,1456,31,2531,11,3209
"CE",2023-02-05,458,215,612.5,79.9,1428,34,2531,34,3189.5
"CE",2023-02-12,566,245,629,108,1456,39,2531,34,3189
"CE",2023-02-19,568,334.25,629,148,1481.5,41.85,2770,34,3689
"CE",2023-02-26,417,245,767,141,1777.1,75.25,2770,34,3689
"CE",2023-03-05,672,291,1620,154,2770,110,4306,33,5216
"CE",2023-03-12,710,291,1534,172,2770,100,3536.34999999999,29.85,5216
"CE",2023-03-19,727,291,1708,180.3,2770,110,3695,32.95,5216
"CE",2023-03-26,1127,388,2090,193,3402,166,4369,78.775,5274
"CE",2023-04-02,2034,1238,3402,270.7,4653,204,4654.1,111,5742
"CE",2023-04-09,1945.5,676.5,3258,245,4653,139,5092,111,5742
"CE",2023-04-16,1516,607,2595,207,3754.10000000001,111,4802,94,6668.15
"CE",2023-04-23,1205,473,2418,145.6,3591,111,5092,51.95,5365
"CE",2023-04-30,1223,449,2321,111,3363,100,4653,74.625,5092
"CE",2023-05-07,1084,449,2089,111,3208,94,4514.9,75,5094.15
"CE",2023-05-14,970.5,449,2048,111,2595,94,4286,61.625,4920
"CE",2023-05-21,1164,449,2042.75,111,2587,94,3600.79999999999,36.925,4653
"CE",2023-05-28,1069,360.75,2138,112,3414,74.85,4286,64.55,4286
"CE",2023-06-04,990,388,2325,151.4,2619.4,76.9,3030,37,3047.15
"CE",2023-06-11,862,348,2063,126,2605,90,3047,37,3047
"CE",2023-06-18,766,254.75,1752,93,2430,81,2957,37,2957
"CE",2023-06-25,731,274,1496,95.7,2325,54.9,2478,22,2498.74999999999
"CE",2023-07-02,601,323,1282,148,1368.6,56,1582,26,1593
"CE",2023-07-09,886.5,320,1331,142.1,1582,68.8,1593,46.975,1593
"CE",2023-07-16,848,245.75,1331,126.2,1331,60,1582,37.9,1582
"CE",2023-07-23,753,282,1094.5,107,1331,61,1331,27.95,1582
"CE",2023-07-30,261,181,543,78.8,1056,32.95,1136.55,25,1331
"CE",2023-08-06,181,173,599,60,777,31.95,885,25,1083.925
"CE",2023-08-13,319,181,755,60,821,32,821,24.975,885
"CE",2023-08-20,260,79,410.5,60,605,38,755,22,821
"CE",2023-08-27,271,80,338,38,423,27,529,20,637
"CE",2023-09-03,271,79,308,38,372.5,21,423,17,524
"CE",2023-09-10,237,66,315,38,361,21,415,18,509.375
"CE",2023-09-17,192,66,312,37,334,24.95,427,18,509
"CE",2023-09-24,192,66,271,37.9,315,29,417,20.975,509
"CE",2023-10-01,192,71,271,58.3,414,27,509,17.975,605
"DF",2022-10-09,33,20,40,13,128,11,165,9,376.974999999999
"DF",2022-10-16,33,17,115,13,128,11,155,8,330.525
"DF",2022-10-23,23,13,34.5,10,128,8,140,8,155
"DF",2022-10-30,103,21,133,13,152,11,218.749999999997,10,387.699999999999
"DF",2022-11-06,89.5,20,128,11,165,11,174,10,417
"DF",2022-11-13,36,24,133,17,140,13,216,11,303.325
"DF",2022-11-20,50,28,128,19.9,166,16,362,13,889
"DF",2022-11-27,40,23,133,17,259.1,11,316,11,674.999999999998
"DF",2022-12-04,39,27.75,149,23,412,15,889,15,1761
"DF",2022-12-11,73,38,197.5,25,546,18,1761,15,2611
"DF",2022-12-18,71,38,212,25,676,18,1761,17,1900.22499999998
"DF",2022-12-25,109,38,196,29.8,676,22,1761,16,2611
"DF",2023-01-01,202.5,50,615,28,1558,22,1783,12.975,2701
"DF",2023-01-08,214,50,584,38,1382,17.9,2908,2,4217.175
"DF",2023-01-15,226,62,717,43,1821,19,3650,1,6152.04999999999
"DF",2023-01-22,226,62,629,38,1592.7,6,3201,1,4512
"DF",2023-01-29,235,122,954,43,1752,7,2383.25,0,3650
"DF",2023-02-05,232,118,899,46,1804,2.95,2718,0,3344.125
"DF",2023-02-12,192,106,734.75,52,1932.3,8,2572.2,0,3189.3
"DF",2023-02-19,207,63,972,37,2078,0,3201,0,3650
"DF",2023-02-26,273,64,1106,45.8,2721,6,3286,0,3916
"DF",2023-03-05,337,60,1223,40.7,2721,6.95,3305,0,3916
"DF",2023-03-12,291,63,1359,37,3209.5,0,3916,0,5446
"DF",2023-03-19,411,130,1989,38,3461,5,3916,0,5412
"DF",2023-03-26,411,215,1992.75,52,3635.8,37,3916,1.975,4882.575
"DF",2023-04-02,387,169,1721,39,3305,0,3916,0,6204.075
"DF",2023-04-09,391.5,171,1833.5,60,3305,0,3412,0,3916.9
"DF",2023-04-16,387,147,1932,0,3305,0,3916,0,6402
"DF",2023-04-23,378,60,1932,0,3182.1,0,3412,0,4730.44999999999
"DF",2023-04-30,730,130,2663,0,3305,0,3918.3,0,5471.19999999998
"DF",2023-05-07,782,128.75,2721,0,3201,0,3305,0,3919.7
"DF",2023-05-14,642,148,1893,0,3201,0,3412,0,5821
"DF",2023-05-21,306,103,974.25,41,2989,0,3412,0,9851
"DF",2023-05-28,433,156,945,41,2586.1,0,3427,0,3787
"DF",2023-06-04,217,46,629,0,1171,0,1516,0,2058
"DF",2023-06-11,230.5,52,958,1,1199,1,1491,0,3325.64999999998
"DF",2023-06-18,348,47,1004,22,1346,1,1524,0,2863.65
"DF",2023-06-25,252,31,615,22,910,22,1286,22,1491
"DF",2023-07-02,56,33,211,25,318,25,449.699999999998,20,624
"DF",2023-07-09,97.5,35.75,211,25,301,22,448,18,542
"DF",2023-07-16,82.5,49,211,25,247,22,357,18,529
"DF",2023-07-23,49,24,192,22,249,18,448,18,529
"DF",2023-07-30,40,31,157,24,239,18,249,16,288.749999999999
"DF",2023-08-06,31,25,122,16,197,14,197,14,357.125
"DF",2023-08-13,32,25,110,20,160,18,197,16,197
"DF",2023-08-20,31,21,90,18,173.7,16.95,197,16,270.449999999999
"DF",2023-08-27,37,20,43,18,141.1,16,196,13.975,232.499999999999
"DF",2023-09-03,21,16,106,13,134,13,196,11,362
"DF",2023-09-10,24,17,117,13,134,13,195,11,197
"DF",2023-09-17,24,17,38,13,134,11,160,11,195
"DF",2023-09-24,25,17,38,11,136,11,140,11,165
"DF",2023-10-01,27,14,33,13,120.5,13,140,11,358.149999999999
"ES",2022-10-09,82.5,34,140,11,253,0,377,0,442
"ES",2022-10-16,81,25,159,0,253,0,377,0,481.599999999999
"ES",2022-10-23,102,36.75,163,13,274.5,0,377.35,0,572.15
"ES",2022-10-30,118.5,51,165,17,337,0,568.2,0,879
"ES",2022-11-06,135,52,219.25,20,337,11,417,0,611
"ES",2022-11-13,135,41,189,17,337,0,594,0,889
"ES",2022-11-20,143,67,362.25,26,889,11,889,0,1004
"ES",2022-11-27,229,89,415,31.9,753,22,949,11,1120
"ES",2022-12-04,301,95,546,40,1313,26,1761,3.975,1882
"ES",2022-12-11,362.5,121.75,676,52.9,1761,23,1882,4,1888.92499999999
"ES",2022-12-18,277,118,676,36.9,1761,15,1783,0,1882
"ES",2022-12-25,295,107,710,32,1761,15,1783,1.95,1882
"ES",2023-01-01,277,121.75,792.25,28,1558,6,1783,0,3167
"ES",2023-01-08,236,50,649,6,1644,1,2257.2,0,3650
"ES",2023-01-15,258.5,62,809,1.90000000000001,1821,0,3650,0,6622
"ES",2023-01-22,266,94,899,6.90000000000001,1752,0,2908,0,4512
"ES",2023-01-29,807,198,1752,0,1821,0,2951.14999999999,0,5071
"ES",2023-02-05,281,137,1216,0,1825.9,0,2908,0,3787
"ES",2023-02-12,192,137,1054,0,1974,0,2333,0,3213
"ES",2023-02-19,242,112,1246,0,1901.1,0,2998.99999999999,0,3599.8
"ES",2023-02-26,448,176,1274,0,1999,0,3201,0,3789.175
"ES",2023-03-05,272,0,1223,0,2253,0,3305,0,4016.3
"ES",2023-03-12,242,0,1274,0,2908,0,3663,0,4310
"ES",2023-03-19,378,0,1989,0,2908,0,3548,0,4357.55
"ES",2023-03-26,511,229,1989,0,3305,0,3635,0,4560.79999999998
"ES",2023-04-02,1721,387,2078,201,3305,35.9,5216,0,10230.2
"ES",2023-04-09,1638,387,2078,201,3305,33.5,5216,0,10745
"ES",2023-04-16,1359,272,2078,64.5,3305,0,5227.49999999999,0,12492
"ES",2023-04-23,573,201,2078,0,3305,0,3770,0,10217
"ES",2023-04-30,550,157.5,1948.5,0,3305,0,4003.6,0,10561.875
"ES",2023-05-07,307,0,981,0,2642,0,3305,0,5821
"ES",2023-05-14,366,0,1015,0,2282,0,3305,0,5773
"ES",2023-05-21,193,0,934,0,2253,0,2999.59999999999,0,3653.425
"ES",2023-05-28,263,137,1024.75,0,2597,0,3787,0,4286
"ES",2023-06-04,217,119,657.5,0,1516,0,1898,0,3299.15
"ES",2023-06-11,214,86,714.5,1,1171,0,1524,0,2431.325
"ES",2023-06-18,244,31,958,0,1493,0,2478,0,6140
"ES",2023-06-25,414,99,910,22,2059.2,0,2478,0,3636.97499999998
"ES",2023-07-02,125.5,40,318,18.8,623.1,0,732,0,963.399999999999
"ES",2023-07-09,207,49,329,0,720,0,741,0,1028
"ES",2023-07-16,174,51,304,17.8,529,0,741,0,1018
"ES",2023-07-23,107,51,249,18,627.300000000001,0,741,0,1023
"ES",2023-07-30,132,80,265.25,32.8,694,22,924,0,924
"ES",2023-08-06,150,92,321,23,443.2,10,683,0,741
"ES",2023-08-13,129.5,67,250,20,371,0,589,0,683
"ES",2023-08-20,117,35,196,17.9,354,0,443,0,543.025
"ES",2023-08-27,110.5,36,185.5,16,362,0,371,0,491.849999999999
"ES",2023-09-03,112,51,159,17,327,0,371,0,611
"ES",2023-09-10,117,37,160,17,354.8,0,481,0,660
"ES",2023-09-17,135,50,160,18,330,12.9,531.149999999998,0,660
"ES",2023-09-24,137,50,170,19.9,332.400000000001,17,660,11,660
"ES",2023-10-01,114.5,50,163,17,364,11,611,0,660
"GO",2022-10-09,376,303,458,193,528,152,540,48,578
"GO",2022-10-16,416,341,505,193,578,128,606,48,611
"GO",2022-10-23,415,341,478,193,579,128,606,38,606.125
"GO",2022-10-30,415,229,558,154.7,615,103,673,64,673
"GO",2022-11-06,417,311,578,193,676,102.5,724,39.9,755.025
"GO",2022-11-13,373,242,536,133,676,64,723,24,870
"GO",2022-11-20,453,279,676,67,999,40,1004,28,1083
"GO",2022-11-27,445,260,676,131.9,962.6,40,1013,27.9,1697
"GO",2022-12-04,548,192,968,39,1898.5,32,2611,23,3129
"GO",2022-12-11,767,245.5,1761,72.8,2611,37.95,2611,32,3129
"GO",2022-12-18,784,324,1761,69.9000000000001,3129,38,3129,32,3129
"GO",2022-12-25,734.5,212,1689,47,3020,38,3129,32,3129
"GO",2023-01-01,560,214,1155,63.8,1783,33,3320.7,25,4421.325
"GO",2023-01-08,649,214,1327,82,2718,50,6164.09999999998,12,9794
"GO",2023-01-15,727,248,1752,97,4919,52,8617,14.975,9840.49999999996
"GO",2023-01-22,717,248,1688,97,4931.5,43,9794,14.975,11654
"GO",2023-01-29,1224,531,2606,156,6686,48,9794,1.975,14330
"GO",2023-02-05,1327,348,2896,137,6464,7,10391,0,16275
"GO",2023-02-12,1234,321.25,2578,137,5437,38,9794,3,13151
"GO",2023-02-19,1274,371.25,3217,114,6341.1,8,10398.65,0,18462
"GO",2023-02-26,1461,519,3575,137,8727.1,26,10544,0,18462
"GO",2023-03-05,1525,519,3900.5,194.7,9894,43,11654,0,29982.625
"GO",2023-03-12,1764,519,4037,72,10544,6.75000000000001,20525,0,31539.8999999999
"GO",2023-03-19,2055,561,4227.75,206,11007,43,31468,1.95,34344
"GO",2023-03-26,2103,560.5,4614,222,11007,43,20636.5999999999,2,34344
"GO",2023-04-02,1938.5,517,4251,154.7,11007,34,30623,0,34344
"GO",2023-04-09,1991,561,4836.25,210.6,11007,34,30623,0,34344
"GO",2023-04-16,1929.5,564,5137,118.2,10544,0,23212.4499999999,0,32519
"GO",2023-04-23,2413.5,387,4614,7,10175,0,11278.75,0,17622.4249999999
"GO",2023-04-30,2014,519,4367.25,56,10175,0,11946,0,15621.825
"GO",2023-05-07,1776,519,3318.75,33.8,8711,0,9859,0,13311.775
"GO",2023-05-14,1525,556,3201,55.3,6954,0,8224,0,10561.875
"GO",2023-05-21,1072.5,319,2590.25,125,5442,39.9,7248,0,14550.3749999998
"GO",2023-05-28,1347,488.75,2585,156,4689.1,20,6640,0.975000000000001,23145
"GO",2023-06-04,683,348,1414,119,2232,13,4939.04999999998,0,6140
"GO",2023-06-11,852.5,348,1367,99,2582,4,6140,0,6140
"GO",2023-06-18,1107,438,1493,46,6140,0,6140,0,6140
"GO",2023-06-25,843,508,1382,134,2487,72.95,4689,16,6140
"GO",2023-07-02,542,219,754,192,792,34,859,20,1028
"GO",2023-07-09,504,231,624,192,859,63,962.3,33,1053
"GO",2023-07-16,446,231,651,192,1053,125.85,1053,22,1053
"GO",2023-07-23,445,192,654,192,793,22,793,22,1053
"GO",2023-07-30,306.5,192,529,85,612,25,703,22,789
"GO",2023-08-06,279,190,360,155,534,74.0000000000001,612,26,612
"GO",2023-08-13,279,180,415,155,477,122,534,30.925,594
"GO",2023-08-20,289,180,371,155,544,155,594,73.775,594
"GO",2023-08-27,243,155,362,155,436,122,492,37,594
"GO",2023-09-03,285,155,348,155,402,37,437,17,611
"GO",2023-09-10,330,242,377,155,437,38,552,19.925,578.4
"GO",2023-09-17,328.5,242,372,155,469,37,507.05,17,608
"GO",2023-09-24,279,242,372,155,437,35,507,21,593.025
"GO",2023-10-01,415,303,425,229,528,193,558.5,124.875,591
"MA",2022-10-09,34,14,77,9,201,6,228,6,228
"MA",2022-10-16,32,18,103,6,228,6,235.15,6,611.47499999997
"MA",2022-10-23,40,18,74,8,228,6,235,4.925,416
"MA",2022-10-30,54,18,74,8,228,5,235.05,5,300
"MA",2022-11-06,41,8,74,8,103,8,228,4,342.225
"MA",2022-11-13,42,14,74,8,103,1,203.299999999999,1,384
"MA",2022-11-20,51,15,77,9,103,8,215,2,491
"MA",2022-11-27,51,20,88,10,160,4,215,4,382
"MA",2022-12-04,51,17,93,4,160,4,227,4,607.699999999999
"MA",2022-12-11,52.5,17,93,4,160,4,227,2,805
"MA",2022-12-18,41,17,93,4,160,2,475,2,805
"MA",2022-12-25,48,17,104,10,160,4,319.599999999999,4,805
"MA",2023-01-01,89,36,180,13,315,9,938,7,1131
"MA",2023-01-08,66,43,162,24,567,9,938,4,938
"MA",2023-01-15,66,43,215,24,699,13,938,6,1195
"MA",2023-01-22,125,51,182,27.6,832.000000000001,21,938,11,1269.475
"MA",2023-01-29,120,54,182,39,938,17.85,1224.95,7.95,2248.15
"MA",2023-02-05,125,59,266,42,938,24,1060.99999999999,15,2035.425
"MA",2023-02-12,135,80,266,37,656,24,1054,14.975,2269.625
"MA",2023-02-19,161,63,266,37,656,27,1015.05,20,2501.425
"MA",2023-02-26,178,71,266,36.9,505.8,24,1015.05,15,2247.525
"MA",2023-03-05,221,61,402,24,1195.8,4,1918.2,0,4209.57499999999
"MA",2023-03-12,211,69,505,24,1281,5,2770.9,1,5744.97499999999
"MA",2023-03-19,169,61,466.5,21,1314,5,2791.7,2,6056
"MA",2023-03-26,208,81,477,21,1380,5,2297,4,6056
"MA",2023-04-02,233,100,501,38.8,1295.3,20,1905.75,5,4201
"MA",2023-04-09,207,100,453,41.7,1278,20,1905.75,5,4201
"MA",2023-04-16,170,96,425,33,1219,20,1696.84999999999,5,4226.37499999998
"MA",2023-04-23,153,83,326,24,1141,12,1414.55,4,3640.8
"MA",2023-04-30,154,77,334,24,719,12,1314,5,2788
"MA",2023-05-07,153,77,337,23,719,12,1120.55,5,2591.825
"MA",2023-05-14,149,68,337,23,719,17.9,1150,5,2066.79999999999
"MA",2023-05-21,137,61,337,20,756,17.9,1054,5,1695.25
"MA",2023-05-28,151,62,337,21.6,719,20,1013,12,1918.3
"MA",2023-06-04,108,59,225,27,592,16,716,12,1898
"MA",2023-06-11,103,34,185,19,518,12,652,8,1278.55
"MA",2023-06-18,83,33,150,17,518,12.95,652,8,1491
"MA",2023-06-25,59,28,151,15,365.7,12,570.849999999998,9,939.099999999999
"MA",2023-07-02,59,32,92.5,12,201,12,321,10,606
"MA",2023-07-09,49,22.75,72,13,200,12,264,9.975,431
"MA",2023-07-16,53,27,79,12,201,12,262.05,9,306
"MA",2023-07-23,49,29.75,72,12,222,10,264,8,306
"MA",2023-07-30,55,27,109,12,270,10,314,8,367
"MA",2023-08-06,51,33,126,12,270,10,314,8,367
"MA",2023-08-13,46,27,70,12,270,9,367,7,367
"MA",2023-08-20,46,27,67,11,252,8,314,7,314
"MA",2023-08-27,46,26.75,67,10,228,8,257.5,7,314
"MA",2023-09-03,39,18,81,8,238,7,269,6,269
"MA",2023-09-10,36,16,68.5,8,195,7,269,6,269
"MA",2023-09-17,25,12,69,8,169,6,202,6,238
"MA",2023-09-24,24,9,69,8,182,8,201,6,228
"MA",2023-10-01,36,14,108.25,8,195,6,202,4,228
"MG",2022-10-09,137,86,168,35,346.7,24,387.749999999999,17,458
"MG",2022-10-16,139,90,189,36.8,330,23,387.749999999999,17,544.599999999999
"MG",2022-10-23,142,112,181.5,52.8,330,31,384,18,497
"MG",2022-10-30,168,142,220,55,353.2,25,415,17,497
"MG",2022-11-06,187,135,252,51.9,327,23.95,415,16,497
"MG",2022-11-13,182,135,255,34,365.6,19,497,16,611
"MG",2022-11-20,236,153.75,394,47.9,889,23,1004,18,1004
"MG",2022-11-27,365,183,415,50,619.800000000001,24,1004,22,1327
"MG",2022-12-04,363,134.75,449,47.9,1138,24.95,1762.1,20,1882
"MG",2022-12-11,388,160.25,676,40,1423.9,22,1882,15,2611
"MG",2022-12-18,354,140.75,546,32,1570.5,20,1882,15,2611
"MG",2022-12-25,354,143,500,36.8,1689,22,1882,11,2909
"MG",2023-01-01,397,219.75,810,45.9,1558,25,1783,6,4064.975
"MG",2023-01-08,520,226,833,51.8,1692,21.95,6622,6,8617
"MG",2023-01-15,547,248,1044,78,3650,33,8617,10,8617
"MG",2023-01-22,520,248,1178,76,4683,33,8617,10.925,9794
"MG",2023-01-29,958,335.75,2580,80,9794,34.95,13162.5,8,15786
"MG",2023-02-05,992.5,332,2890,80,6700,34,14330,4.975,23145
"MG",2023-02-12,1054,404,2134,102.6,6700,48.95,13428.45,9,30007
"MG",2023-02-19,1220,530,2890,82,9187,37,18462,5,30007
"MG",2023-02-26,1234,556,3138,80.9,10176,36.95,25738,6,34357.55
"MG",2023-03-05,1226,556,2979,111.6,11298.5,36.95,19895.15,4.925,34344
"MG",2023-03-12,1394,583.5,3643,130,13317.1,30,34886,0,36697
"MG",2023-03-19,1989,604,3446.75,130,13317.1,37,34344,2,36697
"MG",2023-03-26,1742.5,556,3916,130,23762,38.95,34886,3,36697
"MG",2023-04-02,2571,817,9083,169,34344,34,36697,2,37136
"MG",2023-04-09,2134,817,8195,245,30623,55.35,37136,5.975,37136
"MG",2023-04-16,3035,907,7787.75,282,17565,78,31468,6,37136
"MG",2023-04-23,3121,770,9565,219.9,17565,34,23145,0,34413.7999999999
"MG",2023-04-30,2650,770,9565,155,17565,34,30037.8,6.975,40035
"MG",2023-05-07,1222,674,6454,174.4,13575,48.45,30007,2.95,34402.8249999999
"MG",2023-05-14,1452,556,5773,122,15599.5,31,30007,2.95,30007
"MG",2023-05-21,848,556,4334,103,30007,49,30007,7,30007
"MG",2023-05-28,685,499,2608,125,23145,54.85,23145,13,30007
"MG",2023-06-04,499,261.5,1250.5,72,1898,13,2058,1,4365
"MG",2023-06-11,584,307,1232,46.9,1898,12,4365,1,4365
"MG",2023-06-18,629,266,1229,46,1415,24,2430,12,4365
"MG",2023-06-25,615,254,810,98.8,1229,41,1286,24,1491
"MG",2023-07-02,182,112.75,315,20,589.3,0,754,0,810
"MG",2023-07-09,211,114,387,22,542,19,741,0,963.399999999999
"MG",2023-07-16,167,82,265.5,25,741,20,741,11,1020
"MG",2023-07-23,126,107,256.75,24,741,22,741,20,741
"MG",2023-07-30,228,111,514.25,40.9,566,22,610.25,20,741
"MG",2023-08-06,147,113.75,321,31,363,22,423,19,566
"MG",2023-08-13,135,98,242,26,351,21,363,16,385
"MG",2023-08-20,134,109,294,25,333,22,362,19,371
"MG",2023-08-27,120,98,191,24,327,19,363,18,371
"MG",2023-09-03,134,82,164,32,327,21,363.4,18.975,377
"MG",2023-09-10,140,103,165,47.9000000000001,329,23.95,371,19,377
"MG",2023-09-17,144,110.75,164,55,329,24,363,19,377
"MG",2023-09-24,155,117,164,55,270,24,363.1,19,377
"MG",2023-10-01,147,96,217,37,270,25,372,17,437
"MS",2022-10-09,55,32,104,25,113,23,142,15,168
"MS",2022-10-16,46,31,104,25,125,23,142,17,202.15
"MS",2022-10-23,46,31,80,24,112,24,142,17,208.025
"MS",2022-10-30,50,28,104,21,155.5,16.95,225.2,15,288.475
"MS",2022-11-06,55,26,112,21,217,16,356,15,477.075
"MS",2022-11-13,75,32,175,22,301.8,17,553,15,594
"MS",2022-11-20,92.5,40,244,22,766,18.95,1004,17,1004
"MS",2022-11-27,113,40,382,23,889,21.95,1004,15.975,1321
"MS",2022-12-04,133,67,541,28,1604,22,1882,15,2170.29999999999
"MS",2022-12-11,145,66,676,32,1882,22,1882,14.975,2611
"MS",2022-12-18,186.5,66,676,30,1882,19,2214.29999999999,14,2909
"MS",2022-12-25,135,50,541,30,1882,15.95,2204,5,2909
"MS",2023-01-01,191,66,515,33,1558,25,1783,18,3410
"MS",2023-01-08,194,97,702.25,55,2190.1,38,6622,14.925,6622
"MS",2023-01-15,266,97,977,52,6622,41.9,6622,15,6622
"MS",2023-01-22,226,120.75,806,48,2614,37,6622,12,6622
"MS",2023-01-29,691,155,3315,74,6464,42.9,7305,12,7594
"MS",2023-02-05,753,161.75,2718,76,4707,52.95,6625.9,34,8149
"MS",2023-02-12,753,264,2739,91.9,5216,76,7319.44999999999,48,11653
"MS",2023-02-19,625,199,3217,105,5737,73.15,11653,9,13215.425
"MS",2023-02-26,686,247,3011,125.9,5737,78.9,9684.99999999997,47.65,12492
"MS",2023-03-05,697,219,2909,90.4,5667.6,49,10178.05,6,12492
"MS",2023-03-12,947,228,3417,92,8215.80000000002,56.85,11061,6.975,15945.05
"MS",2023-03-19,1214,236,3417,85,9657,36,11061,6,15947
"MS",2023-03-26,1327,251,3468,77,9657,34,12492,7,17899
"MS",2023-04-02,1316,255,3305,65,9083,34,13213,23.7,17899
"MS",2023-04-09,1251.5,282,3560.75,77,10776.6,34,14560,6,17899
"MS",2023-04-16,887,236,3539,57,10745,33.9,13338.45,2.975,17899
"MS",2023-04-23,597,185,2078,56,5572,10.8,11320.6499999999,0,13310
"MS",2023-04-30,501.5,104,1744,34,3962,0,9894,0,11674.95
"MS",2023-05-07,320,81,1090,40,3082,6,5821,0,8817
"MS",2023-05-14,486.5,83,1238,40,2738.2,8.90000000000001,5821,0,6954
"MS",2023-05-21,319,85,828,40,2027,15.85,3154.89999999999,0,5821
"MS",2023-05-28,520,135,828,30,2299,10,3364.24999999998,2,5821
"MS",2023-06-04,192.5,67,590.5,13,1280,13,2058.25,11.975,4365
"MS",2023-06-11,196,51.75,475,21.9,1199,13,1561.94999999999,12,4365
"MS",2023-06-18,194,53,423,28.5,1243.7,12,1554.2,12,4365
"MS",2023-06-25,194,73.75,288,35,754,22,1156.15,20,1491.05
"MS",2023-07-02,40,20,188.25,15,346,10,542.05,10,694
"MS",2023-07-09,58,20,236,19,437,11,646,0,741.325
"MS",2023-07-16,52,22,224,18.9,437,11,741,10,1020
"MS",2023-07-23,67,22,201,20,636.1,15,741,10,924
"MS",2023-07-30,86,22,174,18.9,385,12,566,11,566
"MS",2023-08-06,33,22,135,14,197,12,354,7,415
"MS",2023-08-13,28,18,111.5,7,147,7,294,7,351.075
"MS",2023-08-20,27,19,79,16,131,15,213.049999999998,9,327
"MS",2023-08-27,25,18,79,15,124,10,191.2,10,291.075
"MS",2023-09-03,31,19,72.5,17,113.8,13,211.549999999999,12,371
"MS",2023-09-10,37,21,88,16,138,12,241.699999999999,7,371
"MS",2023-09-17,37,24,87,15,125,12,160,12,364
"MS",2023-09-24,51,24,90,19,106,13,158.05,12,300.574999999999
"MS",2023-10-01,38,31,104,24,125,18,126.599999999999,15,229.1
"MT",2022-10-09,131,65,193,59,202,51,238,34.95,238
"MT",2022-10-16,187,65,228,59,238,53,238,42,238
"MT",2022-10-23,137,61,228,56,238,47,238,25,238
"MT",2022-10-30,95,59,228,53,235,31,238,22.925,238
"MT",2022-11-06,84,62,158,49,235,26,319,8,362
"MT",2022-11-13,85,67,178,48,362,26,384,12.95,465
"MT",2022-11-20,112,76,215,48,491,26,521,11.975,575.075
"MT",2022-11-27,107,79,216,38,565,18,805,8,805
"MT",2022-12-04,139,70.75,436,31.8,910.300000000001,15.95,1120,4,1120
"MT",2022-12-11,152,78.75,621,31.8,1120,15,1120,4,1120
"MT",2022-12-18,139,67.75,565,23.9,903.100000000002,9,1120,4,1120
"MT",2022-12-25,115,54,437,18,967,6,1120,3.975,1120
"MT",2023-01-01,246,94,401.75,30,1135.2,11,1558,8,1831
"MT",2023-01-08,281,90,605,43,1498,13,1922,4,2569.32499999997
"MT",2023-01-15,286,108.25,687,48,1498,14.95,1983,6,4212
"MT",2023-01-22,288.5,129,612.25,43,1446,18.95,1983,6,4023.05
"MT",2023-01-29,297.5,196.75,610,67,1554.4,33.95,1959,12.975,2302.275
"MT",2023-02-05,301,210,832,96.0000000000001,1874,37,1960.2,9,2918
"MT",2023-02-12,301,210,861,101,1874,35.9,1941.9,7.975,3189
"MT",2023-02-19,360,210,912,100.1,1731,33.95,1986.6,4.975,3312.24999999999
"MT",2023-02-26,360,210,1021,101,1550,24,2262,4,3312.24999999999
"MT",2023-03-05,352,201,1158.5,70.7,1764,24,2628.29999999999,5,4617.05
"MT",2023-03-12,468,208,1281,68.9,1768,24,3014.55,5,5754.92499999998
"MT",2023-03-19,439,208,1281,77,1768,24,2864.8,5,5420.12499999999
"MT",2023-03-26,488,233,1307,95.6,1773,24,3305,8,5216
"MT",2023-04-02,381,185,1096,77,1493,24,1925,8,3305
"MT",2023-04-09,462.5,187.25,1111,77,1493,24,1925,8,3311.07499999999
"MT",2023-04-16,371,163.5,1111,62.9,1564,22,1925,8,3548
"MT",2023-04-23,409,168,941.5,47.9,1412,12,1770,5,1928.825
"MT",2023-04-30,276.5,111.75,755,50,1493,22.95,1694.4,9.95,2919.825
"MT",2023-05-07,190,77,704,50,1276,22,1564,10,2734.57499999999
"MT",2023-05-14,276,93,799,50,1238,27,1564,12,2728
"MT",2023-05-21,473,101,804,50.8,1080,23.9,1564,12,2497.14999999999
"MT",2023-05-28,234,101,719,46,939,23,1598,14,2299
"MT",2023-06-04,152,59,372,32,639,22.9,939,16.95,1920.55
"MT",2023-06-11,135,59,372,30,639,20,683,14,2299
"MT",2023-06-18,105,53,372,27,572.600000000001,20,641.4,16,1040.4
"MT",2023-06-25,113,45,365,25,460,16,639,16,733
"MT",2023-07-02,105,48,321,33,421,22,606,16,606
"MT",2023-07-09,71,48,182,39,321,33,374.449999999998,21.95,569
"MT",2023-07-16,69,46,116,39,263,31,306,12.975,330
"MT",2023-07-23,60,46,101,39,222,31,306,12,317
"MT",2023-07-30,57,46,85,40,182,39,201.399999999999,36.975,292.35
"MT",2023-08-06,55,45,77,40,116,37,145.549999999999,32.975,306
"MT",2023-08-13,58.5,44,77,40,82,37,135,32,260
"MT",2023-08-20,51,44,66,32,114,32,195,22.925,260
"MT",2023-08-27,49,44,65.25,36,88.1,32,141,32,195.025
"MT",2023-09-03,66,47,89,43,111,36,169,32,201
"MT",2023-09-10,66,47,89,43,131,23,195,23,228
"MT",2023-09-17,66,47,99,28,131,23,195,23,228
"MT",2023-09-24,66,49,111,45,172,23,195,23,228
"MT",2023-10-01,69,60,195,51,201,49,228,22,228
"PA",2022-10-09,88,51,111,14,228,12,257,12,294
"PA",2022-10-16,88,51,195,14,257,13,294,12,294
"PA",2022-10-23,101,51,228,14,257,12,260,11.925,294
"PA",2022-10-30,54,28,127,14,232,12,257,12,300.3
"PA",2022-11-06,85,28,149,22,228,14,288,8,382
"PA",2022-11-13,85,28,176,24,287,10.95,501,2,501
"PA",2022-11-20,85,47,176,9,491,2,578,2,578.674999999999
"PA",2022-11-27,85.5,40,176,9,575,2,635,2,635
"PA",2022-12-04,62.5,34,198,4,492,2,525.749999999997,1,635
"PA",2022-12-11,64,33,176,5,242.600000000001,2,523,2,635
"PA",2022-12-18,72,26,176,5,240,2,525.749999999997,0.975000000000001,650.599999999999
"PA",2022-12-25,80,26,159,7.90000000000001,240,3,525.749999999997,2,713.624999999999
"PA",2023-01-01,180,52,510,9,679,3,794.55,1,1418
"PA",2023-01-08,147,70,417,9,788,3,1066,1,1498
"PA",2023-01-15,180,97,597,21,865,7.90000000000001,1066,1,1498
"PA",2023-01-22,180,97,667,35,947.100000000002,9,1428,1,2730.37499999999
"PA",2023-01-29,162,85,532,11.9,1083,6,1428,1,2532.225
"PA",2023-02-05,182,87,532,13,1167,2,1428,1,2718
"PA",2023-02-12,210.5,90,532,10,938,1,1431.25,1,2924.77499999999
"PA",2023-02-19,211,101.75,532,8,807,1,1243.6,0,2337.95
"PA",2023-02-26,183.5,102,505.5,7.90000000000001,817,2,1493,0,2531
"PA",2023-03-05,201,67.75,437,5,764,0.950000000000003,1189.25,0,1928.825
"PA",2023-03-12,204,95,434.75,5,764,2,1493,0,2873.07499999999
"PA",2023-03-19,196.5,88,434,5,764,4,1493,0,2862
"PA",2023-03-26,177,88,392,5,764,4,1493,0,2867.825
"PA",2023-04-02,169,93,417,6,694,4,1425.2,2,3305
"PA",2023-04-09,168,93,305,5,599.2,4,1493,2,3409
"PA",2023-04-16,194,78,284,5,574.6,3.95,1317.75,1,3417
"PA",2023-04-23,135,77,242,9,470,4,874.349999999997,1.975,1810.425
"PA",2023-04-30,135,55.75,239,6,475,4,770,1,1530.475
"PA",2023-05-07,135,62,238,5,589,4,828.15,0,1493.8
"PA",2023-05-14,134,50,207,5,589,3,780.3,0.975000000000001,1525
"PA",2023-05-21,91,47.75,184.75,5,660.700000000001,2,859.149999999996,0.975000000000001,1370.15
"PA",2023-05-28,139,73.25,204,20,719,4,939,2,1602.025
"PA",2023-06-04,105,58,165,16,504,8,611,4,683
"PA",2023-06-11,83,38,165,9,365,8,611,3,652
"PA",2023-06-18,83,44,165,17,306.3,8,566.349999999999,4,652
"PA",2023-06-25,80,35.75,163,17,281.7,9,431,9,606
"PA",2023-07-02,95,44,162,22,195,14.95,265.799999999999,12,321
"PA",2023-07-09,81,41,162,22,175,14,233.4,12,292
"PA",2023-07-16,76,35,162,19,175,14,219,10,265
"PA",2023-07-23,70,31.75,139,19,175,15,219.1,10,265
"PA",2023-07-30,58,43,83,24,192,14,264,10,294
"PA",2023-08-06,58,49,82,24,192,14,270,10,306
"PA",2023-08-13,58,47,83,20,201,14,281,10,317
"PA",2023-08-20,60,42,102,20,238,14,281,10,292.05
"PA",2023-08-27,63,33,104,19.8,200,14,260,10,292
"PA",2023-09-03,59,33,102,13,193,10,257.45,10,294
"PA",2023-09-10,51,31,104,12,195,10,260,10,294
"PA",2023-09-17,62,29,108,10,201,10,264,10,294
"PA",2023-09-24,83,36,108,14,228,11,260,10,294
"PA",2023-10-01,51,14,106,13,217.2,12,257,12,257
"PB",2022-10-09,81,43,118,15,142,9,322,9,322
"PB",2022-10-16,65,37,107,18,121,11,210,9,322
"PB",2022-10-23,49,31,84,23,118,15,140.4,9,232.724999999999
"PB",2022-10-30,51,27,92,18,168,14,225,9,290
"PB",2022-11-06,57,34,81.5,19,182,15,256.2,10.975,462
"PB",2022-11-13,50,33,108,17,232,15,553,12.975,605
"PB",2022-11-20,50,23,113,18,233.2,16.95,605,13,889
"PB",2022-11-27,63,30,148,19,382,13,738,13,1004
"PB",2022-12-04,93,47.75,201,26,738,16,828,13,847
"PB",2022-12-11,96,46,541.5,26,777,13,828,11,2611
"PB",2022-12-18,142,58,738,27.9,828,22,828,16,2611
"PB",2022-12-25,122,76,738,37,828,22,828,13,1763.25
"PB",2023-01-01,168,78,673,41,1202.4,29.95,4212,20,4512
"PB",2023-01-08,256,130,1195,64,4212,45,4512,41,4512
"PB",2023-01-15,472,145,4064,64,4512,46,4512,42,4512
"PB",2023-01-22,607,155,4212,64,4512,43,4512,37,4512
"PB",2023-01-29,232,103,1428,43,4512,34,4512,19,4512
"PB",2023-02-05,187,119,643,71.9,4212,43,4512,34,4512
"PB",2023-02-12,189.5,114,477,68,2580,39,4512,36,4512
"PB",2023-02-19,240,121,477,63,2531,39,4512,39,4512
"PB",2023-02-26,187,98,472,87,2531,55.9,4212,39,4512
"PB",2023-03-05,365,172,1127,110,2599,85,4306,21,4512
"PB",2023-03-12,364,191,1211,132.8,3319,95,4309.15,29.95,5274
"PB",2023-03-19,371,203,1448,130,4121,86.9,4369,30,5274
"PB",2023-03-26,480,235,1785,145.9,4369,110,4702.04999999998,58,5274
"PB",2023-04-02,1177,366,1785,191,2587,151,5274,98.65,5905.87499999985
"PB",2023-04-09,645,241,1785,151,4369,116.65,5274,79,5737
"PB",2023-04-16,607,206.75,1534,151,2323.1,117,5274,79,12492
"PB",2023-04-23,458,202,1306,191,1897,142,3528,117,12492
"PB",2023-04-30,707,355,1447,191,2115.7,138.95,3319,81.875,5572
"PB",2023-05-07,707,446,1447,204,2077,141.85,2597.04999999999,99,4585.19999999999
"PB",2023-05-14,667,368,1380.5,191,2089,137,3261.05,77,3693.49999999999
"PB",2023-05-21,636,368,1385,155,2077,110,2396.95,77,3565.77499999999
"PB",2023-05-28,553,330,1385,141.4,1911.6,108.8,2396,77,4064
"PB",2023-06-04,576,252,985.5,79,1609,33.1,2038,17.75,2524
"PB",2023-06-11,503,301,1068,79,1511,37,1854,21,2430
"PB",2023-06-18,650,231,1341,90,1660.3,37,1984,12,2430
"PB",2023-06-25,459.5,196,929.75,106.5,1430,53,1657,29,2325
"PB",2023-07-02,239,98.75,358,20,685,20,986,15,1331
"PB",2023-07-09,233.5,119.75,445,60,792.1,20,1331,20,1331
"PB",2023-07-16,251,114.75,515,64.7,1138.1,22,1331,20,1331
"PB",2023-07-23,320,111,507,46,914,22,1331,20,1331
"PB",2023-07-30,318,144,507,60,668,28,914,22,1331
"PB",2023-08-06,194,64.25,445,34,544,22,599,18,789.075
"PB",2023-08-13,145,59,397,25.9,548,18,594.55,16.975,766
"PB",2023-08-20,88.5,44,221.75,22,463,18,544,16,553.275
"PB",2023-08-27,64.5,43,157.5,19,456,17,515,15,544
"PB",2023-09-03,82,38,157.25,25,479,18,519,15,519
"PB",2023-09-10,93.5,55.75,194,27,479,19,500,14.975,519
"PB",2023-09-17,78.5,56,145,25,463,18,479,12,519
"PB",2023-09-24,78,62,141.25,25,426,17,479,13.95,500.375
"PB",2023-10-01,47,15,73,9,125,9,182,9,241.475
"PE",2022-10-09,145,82,239,33.8,774.100000000002,22,1264,15,1264
"PE",2022-10-16,145,82,270,31,1264,22,1264,15,1264
"PE",2022-10-23,145,78,270,31,1264,22.95,1264,15,1264
"PE",2022-10-30,110,52,176,26,926.500000000009,22,2979,14,2979
"PE",2022-11-06,107.5,52,210,25,2979,21,2979,15,3568
"PE",2022-11-13,115,52,182,32,605,22,3568,15.975,4203
"PE",2022-11-20,148,67,301,32.9,4203,22,4203,15.975,4203
"PE",2022-11-27,148,70,449.25,41,3568,22,4203,17.95,4203
"PE",2022-12-04,148,88.25,584,30,4185,26,4185,16,4185
"PE",2022-12-11,170,86,1984,30,4185,26,4185,17.95,4185
"PE",2022-12-18,445,90,4185,30,4185,30,4185,19,4185
"PE",2022-12-25,150,38,2909,30,4185,22,4185,14,4185
"PE",2023-01-01,139,78.75,386,38.9,1471.6,20,4103,19,4512
"PE",2023-01-08,187,113.75,435,53,4212,53,4512,39.975,4512
"PE",2023-01-15,206.5,114,843,74,4212,53,4512,45,4512
"PE",2023-01-22,213,115.75,1062,80,4512,53,4512,35.95,4512
"PE",2023-01-29,213,120,1062,67,4212,34,4512,13.925,4512
"PE",2023-02-05,364,160.5,1246,88,2600.5,50.85,4512,16,4512
"PE",2023-02-12,391,191,1211,99.9,2531,60,4212,24,4512
"PE",2023-02-19,364,191,1101,99,1861.80000000001,91.9,4161.65,39,4512
"PE",2023-02-26,371,138,1263,110,2264.1,99,3408.29999999999,55.9,4512
"PE",2023-03-05,494.5,212,1537,135.8,2599,110,3569.04999999999,44.9,4326.1
"PE",2023-03-12,426,204,1537,138,2818.80000000001,117,3402,84.55,4370.225
"PE",2023-03-19,488.5,241,1537,160,2770,123,4121,85,4369
"PE",2023-03-26,722,365.5,1620,204.9,2599,139,4121,117,4369
"PE",2023-04-02,1448,642.5,1785,245.9,2587,190.2,4514.9,138,5274
"PE",2023-04-09,740.5,366,1534.75,142,3103.2,139,4369,117,5274
"PE",2023-04-16,769,365,1448,204,2587,139,3402,117,5274
"PE",2023-04-23,647,364.75,1430,191,2114,139,3319,110.975,5096.55
"PE",2023-04-30,707,377,1447,224,2498.6,142,4570,117,5572
"PE",2023-05-07,707,447.5,1447,261,2485.1,157.85,4570,123,4783
"PE",2023-05-14,667,442.25,1447,214.7,2396,137,4514.9,116.75,4570
"PE",2023-05-21,635,387.75,1522,158.9,2179,125,3272.74999999999,77,4570
"PE",2023-05-28,545,265,1447,137,2396,109.9,2587,77,4512
"PE",2023-06-04,498,252,1048,79,1609,24.8,2038,13,2524
"PE",2023-06-11,588,303,1341,99.2000000000001,1518.2,43,1984,21.95,2430
"PE",2023-06-18,746,294,1430,122,1752,37,1990.5,12,2431.2
"PE",2023-06-25,683,230,1034,129,1657,54.9,1752,29,2325
"PE",2023-07-02,279,111,646,20,1331,18.95,1557,15,1557.9
"PE",2023-07-09,306,148,720,52.9,1356,20,1484,17.95,1593
"PE",2023-07-16,319,146.25,1034,64.5,1356,22,1356,19,1882
"PE",2023-07-23,282,144,631,61,1331,22,1356,20,1882
"PE",2023-07-30,218,119,631,60,789,25,1267.35,20,1882
"PE",2023-08-06,188,103,503.5,39.7,731.7,22.95,1264,20,3568
"PE",2023-08-13,159,95.75,346,29,657,20,944.149999999998,16.975,1882
"PE",2023-08-20,129,83,296,28,650,21,1264,16,1264
"PE",2023-08-27,137,82,404,27.9,847,18,1264,16,1740
"PE",2023-09-03,137,72,249,28,542,19,1264,16,1264
"PE",2023-09-10,145,79,358,31,565.4,21,1264,15,1264
"PE",2023-09-17,131,73,310,28,542,19.95,1264,12,1264
"PE",2023-09-24,122,73,270,31,542,20,1264,15,1264
"PE",2023-10-01,118.5,73,171,33.9,661.600000000003,21,1264,12.975,1264
"PI",2022-10-09,24,11,38,4,59.1,4,70,4,104
"PI",2022-10-16,25,11,40,4,70,4,82.5499999999995,4,112
"PI",2022-10-23,29,11,42,4,70,4,93,4,112
"PI",2022-10-30,29,16,43.5,10,64.2,6,70,6,88.0749999999999
"PI",2022-11-06,34,14,53,8,55,6,88,6,93
"PI",2022-11-13,34,24,53,11,53,10,82,6.975,93
"PI",2022-11-20,34,20,53,13,82,10.95,82,8,93
"PI",2022-11-27,28,14,53,13,82.1,7,103,7,103
"PI",2022-12-04,25,14,31,13,77,12,77,7,82.025
"PI",2022-12-11,26,18,30,12,34,11,53,10,77
"PI",2022-12-18,23,14,28,10,34,10,37.05,10,77
"PI",2022-12-25,20,12,27,12,34,10,83,10,101.075
"PI",2023-01-01,135,58.75,206,29,849,19,1131,19,1558.75
"PI",2023-01-08,130,53,205,19,687,19,1690,19,4147
"PI",2023-01-15,147,52,272,19,1690,19,4212,19,4512
"PI",2023-01-22,143,52,643.25,19,1690,19,4212,19,4512
"PI",2023-01-29,208,98,611.75,34,4512,11,4512,11,4512
"PI",2023-02-05,180,88,407,41,2580,34,4512,11,4512
"PI",2023-02-12,166,68,402,42,1748.60000000001,34,4512,14.925,4512
"PI",2023-02-19,217,82.5,477,42,1428,36,4512,11,4512
"PI",2023-02-26,240,98,480,51,1708,39,4212,19,4512
"PI",2023-03-05,426,200,1462,116.3,2829.8,51,4306,12,5365
"PI",2023-03-12,446.5,226.75,1620,134,3262.7,80.8,4121,19,5572
"PI",2023-03-19,528,239,1671,134,3053,44.9,4121,9,5576.125
"PI",2023-03-26,724,311,1782,143.8,3053,106.95,4369,30,5217.45
"PI",2023-04-02,1091,477.75,1785,207,2587,117,4702.04999999998,69.9,9657
"PI",2023-04-09,789,365.5,1762.25,190.1,3208,135.35,5274,100,11061
"PI",2023-04-16,789,358,1447,191,2587,117,5216,99.975,12492
"PI",2023-04-23,643,245.75,1203,138.9,2109.5,107,3305,85,9657
"PI",2023-04-30,516.5,306.75,1203,117,2154.8,91.95,3208,67,5525
"PI",2023-05-07,494,355,1059,118,2079.1,77,3210.3,47,4570
"PI",2023-05-14,529,346,1203,118,2179,74.35,2961.8,34,4570
"PI",2023-05-21,486,247.5,1164,111.8,2179,47,2691,26,4213.85
"PI",2023-05-28,415,233,1009.5,107,2396,77,2614.4,26,3553
"PI",2023-06-04,394,162,830.5,51,1609,21,2038,12,2524
"PI",2023-06-11,382,177,843,51,1511,37,1872.39999999999,15.85,2430
"PI",2023-06-18,382,165,1068,51,1613.8,22.9,1860,7.90000000000001,2430
"PI",2023-06-25,352,138,872.25,61,1430,34.95,1657,23.975,2325
"PI",2023-07-02,120,52,239,34,600,20,702.05,20,933.349999999999
"PI",2023-07-09,111,69,221,33,487.8,27,914,20,1053
"PI",2023-07-16,119,91,221.5,35,522.2,25,987.449999999999,21.95,1331
"PI",2023-07-23,119,65,204,33,914,25,1015,20,1129
"PI",2023-07-30,113,65,119,27.9,171,26,187,26,266
"PI",2023-08-06,48,26,112,26,120,26,148,21,193.025
"PI",2023-08-13,46,34,98,26,120,21,120,15.975,147
"PI",2023-08-20,56,34,92,24,116,18,116,14,120.125
"PI",2023-08-27,57,26,81,18,111,14,111,14,120
"PI",2023-09-03,34,20,58,14,81,9,93,4,111
"PI",2023-09-10,23,19,42,14,70,4,90,4,111.025
"PI",2023-09-17,23,19,56,11,77,4,90,4,112
"PI",2023-09-24,23,19,48,5.80000000000001,77,4,90,4,112
"PI",2023-10-01,23,11,34,6,47.1,4,64.05,4,104
"PR",2022-10-09,68,34,140,22,166,15,274,13,364
"PR",2022-10-16,68,34,140,22,215,17,274,13,364
"PR",2022-10-23,72,34,140,24,166,17,274,13,364
"PR",2022-10-30,64,31,135,21,255,14.95,345.4,3,424
"PR",2022-11-06,66,31,140,17,274,7,424,2,497
"PR",2022-11-13,74,34,147,17,424,8,514,2.975,601
"PR",2022-11-20,120.5,49,424,19,766,6,789,3,789
"PR",2022-11-27,110,55,356.75,16,543,5,789,2,942
"PR",2022-12-04,161,76,502,22,760,6,1882,0,1882
"PR",2022-12-11,162,60,543,21.8,1008.9,11,1882,4,1882
"PR",2022-12-18,134.5,37,413,15,1067,4,1882,1,1882
"PR",2022-12-25,162,40,367,16.9,1067,4,1882,1,1882
"PR",2023-01-01,220,45,424,24,1558,9,1558,3,1882
"PR",2023-01-08,234,78,547,16,1044,7,1701.34999999999,1.975,4421.325
"PR",2023-01-15,336,97,547,24.9,1289,8,3650,5,4561.39999999996
"PR",2023-01-22,248,78,547,33,1554,8,4009.64999999999,4,4683
"PR",2023-01-29,568,204.75,1219,54.8,3650,27.85,5280,5.95,9794
"PR",2023-02-05,519.5,205.5,1030.5,48,3043.3,9,5821,4,11234.25
"PR",2023-02-12,547,178.75,1278,48,2923.8,21,4736,7,7199.34999999998
"PR",2023-02-19,742,179,2002,43,5412,21,18462,2,18462
"PR",2023-02-26,912,179,2620.75,32,5089,26,11278.75,7,18462
"PR",2023-03-05,857,219,3700.75,51,6927,26,11654,5,16565
"PR",2023-03-12,1189,206,5009.5,43,9859,16,16565,2,20525
"PR",2023-03-19,1768,206,5412,43,14037.4,30,16565,5.975,17598
"PR",2023-03-26,1213,178.25,3643,40,11061,20.75,15463,2,16565
"PR",2023-04-02,1985,201,4251,34,12478,7.90000000000001,13879,2,17598
"PR",2023-04-09,1871,236,5216,43,12478,30,13310,2,17899
"PR",2023-04-16,1600,234,3125.25,50.3,11259,20.75,13310,2,16282.25
"PR",2023-04-23,1301,122,3082,56,6539.2,26,12478,2,13310
"PR",2023-04-30,1016,126,2812,56,6488,34,11259,5.975,12492
"PR",2023-05-07,597,137,1677,56,3349,32,6488,5,9859
"PR",2023-05-14,782,229,1905.5,59,5821,31,7989,5.975,12478.35
"PR",2023-05-21,674,215,2614,61,5370.10000000001,19,12478.7,3,30007
"PR",2023-05-28,685,156,3281,36.3,3342,9,6528,6.975,7989
"PR",2023-06-04,234,178,774,16,1493,7,1898,1,2471
"PR",2023-06-11,301,92,688,16,1415,4,1879,2,1899
"PR",2023-06-18,227,72,1016,12.9,1068,12,1493,1,1493
"PR",2023-06-25,202.5,99,577,29,810,16,1068,12,1416.95
"PR",2023-07-02,55,16,131,8,339,1,509,0,624
"PR",2023-07-09,31.5,16,114,8,339,1,509,0,741
"PR",2023-07-16,25,11,114,8,337.2,2,509,0,589
"PR",2023-07-23,28,16,147,8,339,7.95,489,2,589
"PR",2023-07-30,24,12,94,8,198,5,339,2,385
"PR",2023-08-06,24,12,94,10,147,8,175,2,339
"PR",2023-08-13,29,12,94,8,111.2,5.95,147,1.975,332
"PR",2023-08-20,29,15.75,74,12,105,5,111,1,191.974999999999
"PR",2023-08-27,50,23,82.75,12,109,3,146.05,1.975,274.899999999999
"PR",2023-09-03,66,27,97,16,131.3,7,166,3,274
"PR",2023-09-10,64,30,98,23,137,12,166,7,274
"PR",2023-09-17,50,29,94,20.9,137,12,166,6.95,274
"PR",2023-09-24,52,27,98,22,137,12,166,8.975,274
"PR",2023-10-01,71,30,115,17,160.5,14,282.35,12,364
"RJ",2022-10-09,94,31.5,345,22,377,15,463,10.975,463
"RJ",2022-10-16,93,56,314,22,365,19,463,14,497
"RJ",2022-10-23,94,72,274,23,434,21,497,12.95,497
"RJ",2022-10-30,94,72,274,22,463,17,497,13.975,497
"RJ",2022-11-06,110,72,274,19,497,12,555,1.975,601
"RJ",2022-11-13,135,72,365,21,514,11.95,601,3,757
"RJ",2022-11-20,199,89,543,24.9,766,17,766,6.975,789
"RJ",2022-11-27,231,82,543,22,757,14,789,3,1005.575
"RJ",2022-12-04,212,92.25,543,25,949,15,1882,3.975,1882
"RJ",2022-12-11,201,84.25,559,25,1882,15,1882,5,1882
"RJ",2022-12-18,196,58,543,15,1882,15,1882,4,1882
"RJ",2022-12-25,199.5,58,486,15,1882,8,1882,2,2067
"RJ",2023-01-01,305,33,823,12.8,1558,5,1753.55,3,2915.19999999999
"RJ",2023-01-08,408,78,833,24,1673,7,3650,2,3650
"RJ",2023-01-15,408,111.5,738,25.9,3650,8,3650,4,4257.52499999999
"RJ",2023-01-22,348,104,738,29,3191.1,6.95,3650,3,4683
"RJ",2023-01-29,611.5,247.25,1430.75,56.8,4022,21,6213.54999999998,4,8034.12499999996
"RJ",2023-02-05,404,235.75,1430.75,43,3874,7.95,6528,4,10391
"RJ",2023-02-12,391,166,1219,38,3342,12.95,4736,4,8190.12499999996
"RJ",2023-02-19,404,135,2002,40,5412,9,11695.9,2.975,18462
"RJ",2023-02-26,828,179,3373.5,42.9,6454,21,11259,7,18462
"RJ",2023-03-05,857,228,4544,81,11202,37,17598,9,20525
"RJ",2023-03-12,1691,216.25,6828,59,17598,12,20525,2,20525
"RJ",2023-03-19,2078,236,8097,72,17598,37,18903,7.975,20525
"RJ",2023-03-26,2078,236,8097,51,14361,29.8,17739,2,20525
"RJ",2023-04-02,529,131,3643,34,11202,31.9,13310,2,17743
"RJ",2023-04-09,831,236,3962,37,12251,33.9,13879,4,17899
"RJ",2023-04-16,829.5,155,3536,34,12478,5,13310,0,17899
"RJ",2023-04-23,564,122,3082,34,9568,6,12492,0,13310
"RJ",2023-04-30,1628,190,3962,56,11259,8,11259,0,13310
"RJ",2023-05-07,323,81,1711,53,5821,10.9,10765.75,0,11259
"RJ",2023-05-14,557.5,125,1821,55.7,5821,30,8172.49999999993,0,11203.425
"RJ",2023-05-21,306,137,1051,77,2382,31.95,3852,4,5821
"RJ",2023-05-28,746,156,1598,61,2538,10,3787,8.975,6528
"RJ",2023-06-04,301,82,732,13,1443.4,1,2270,1,2525.5
"RJ",2023-06-11,301,156,688,24,1439,4,2270,1,4365
"RJ",2023-06-18,301,122,703,12,1068,1.95,1493,1,1991.14999999999
"RJ",2023-06-25,577,132,703,29,732,20,1070.3,3,1330
"RJ",2023-07-02,58,19,201,10,703,10,962.449999999998,9.95,2067
"RJ",2023-07-09,58,51,167,19,448,11,918,10,1183.05
"RJ",2023-07-16,83,33,193,22,543,18.95,823,10,1015
"RJ",2023-07-23,107,67,201,22,543,20,793,19,924
"RJ",2023-07-30,119,51,203.5,23,463,18,694,10,887
"RJ",2023-08-06,147,51.75,318.75,18,463,10,694,3,766.225
"RJ",2023-08-13,128,76.25,309.5,21,463,14,543,8,655.749999999999
"RJ",2023-08-20,103,71,314.5,22,463,17.95,463,14,612
"RJ",2023-08-27,252,85,439,23,463,17,463,15.975,463
"RJ",2023-09-03,105,68.25,274,17,385,17,463,13,463
"RJ",2023-09-10,105,72,274,23,365,17,463,14,463
"RJ",2023-09-17,100,72,274,23,365,19,463,16,463
"RJ",2023-09-24,96.5,66,274,23,365,21,412.649999999998,14,463
"RJ",2023-10-01,94,63,340,22,410,17,463,14,463
"RN",2022-10-09,93,55,162,32,192,21,266,13,364
"RN",2022-10-16,94,55,162,32.9,193,22,251,14.975,364
"RN",2022-10-23,101,72,142,33,193,22,251,13.975,365
"RN",2022-10-30,94,51,137,25,180,15,192,11,364
"RN",2022-11-06,94,52,137,25,180,15,192,12,276.249999999998
"RN",2022-11-13,105,60,137,29,180,15.95,210.5,12,497
"RN",2022-11-20,107,60,127,30.8,180,17,229,13,605
"RN",2022-11-27,107,74,180,31,192,17,364,13,738
"RN",2022-12-04,107,81,180,33,207,25,229,20,738
"RN",2022-12-11,107,65,192,25,207,25,229,18,738
"RN",2022-12-18,116,91.75,192,39.8,207,23,229,20,738
"RN",2022-12-25,138,91,207,38,207,20.95,229,12,738
"RN",2023-01-01,205,117,266,53,687,33.95,1131,19,1690
"RN",2023-01-08,205,121,297,98,687,50.9,1130.4,28,1690
"RN",2023-01-15,264,110,447.25,98,1428,63,1690,28,4212
"RN",2023-01-22,272,121,687,52,1690,34,2580,27.85,4512
"RN",2023-01-29,217,112,446,34,1690,11,2580,11,2580
"RN",2023-02-05,237,143,491,80.9,1456,28,2580,11,3701
"RN",2023-02-12,272,176,546,39,679,36,1690,14.9,2580
"RN",2023-02-19,380,196,643,56,679,36,1690,18.9,2532.225
"RN",2023-02-26,298,170,611.5,39,679,32,1690,21,2580
"RN",2023-03-05,383.5,195,867,43,1772,17,4226.99999999999,11,5174
"RN",2023-03-12,378,219,962,54.7,1897,21,2770,11,4512
"RN",2023-03-19,399,206,962,45,1690,21,2770,11,4512
"RN",2023-03-26,502,213,1056,72.7,1691.8,25.9,2435,11,4512
"RN",2023-04-02,909,367,1874,99,2082,56,2134.35,29.85,5216
"RN",2023-04-09,699,282,1874,95,2082,56,2262.4,26,5274
"RN",2023-04-16,632,201,1588,99.9,2082,59.8,2131,22.9,5216
"RN",2023-04-23,577,200,1252,103,2082,80.9,2175,31.975,4512
"RN",2023-04-30,870,200,1339,107,2270,91,3695,52,11096.775
"RN",2023-05-07,827.5,228,1339,107,2114,93.9,3053,76,5286.34999999999
"RN",2023-05-14,735.5,233,1185,117,2158,101,3053,41.925,5216
"RN",2023-05-21,562,165,1185,107,2691,101,2877,72.575,4512
"RN",2023-05-28,598,193,1499,107,2877,79,2877,21.95,4286
"RN",2023-06-04,588,234,1003,108,2038,47,2524,21,2884.64999999999
"RN",2023-06-11,577,242,1204,80.6,1860,37,2082,16,2580
"RN",2023-06-18,684,251,1341,75.2,1860,21.95,1984,8,2524
"RN",2023-06-25,610,222.5,836,79,1362.5,30,1752,22,2040
"RN",2023-07-02,295.5,102,543,39,601,20,914,19,1015
"RN",2023-07-09,263.5,99,533,87.9,600,35,914.649999999999,20,1096
"RN",2023-07-16,204,98,521,94,773.7,39,1015,21.95,1130.35
"RN",2023-07-23,199,98,533,87.4,914,36,1015,22,1129
"RN",2023-07-30,261,111,914,81.2,914,33,1015,22,1045.2
"RN",2023-08-06,137,96,357,29,914,25,914,22,914
"RN",2023-08-13,117,65,204.75,30,543,22,914,16.975,914
"RN",2023-08-20,111.5,56,190,27.9,397,22,564,15.975,755.275
"RN",2023-08-27,93,52,143,23.9,323.700000000001,18,397,13,463
"RN",2023-09-03,96,75,190,44,383,23.9,453.999999999999,18,491
"RN",2023-09-10,96,74,212,44,383,23,397,15.95,491
"RN",2023-09-17,93,61,190,45,304,23,383,20.925,463
"RN",2023-09-24,94,69,190,44,274,22,364,17,397.325
"RN",2023-10-01,73,42,137,22,182,13,207,8.975,364
"RO",2022-10-09,13,10,26,5,34,4,35,3,49
"RO",2022-10-16,14,10,30,6,37,4,49.5999999999999,4,127
"RO",2022-10-23,12,7,34,6,49,4,81.7999999999987,4,127
"RO",2022-10-30,26,11,49,5,127,4,127,4,127
"RO",2022-11-06,26,12,61,5,127,4,132.3,3,161.4
"RO",2022-11-13,41,18,88,6,149.4,3,179,2.975,271.2
"RO",2022-11-20,74,26,103,6,193,3,227,2,706
"RO",2022-11-27,57,26,118,8,215,3,621,2,952.549999999997
"RO",2022-12-04,56,21,126,4,215,4,307,3,523.5
"RO",2022-12-11,71,22,145,4,215,3,300.35,3,914.874999999999
"RO",2022-12-18,81,25,154,7,187.5,4,229.45,3,544.974999999998
"RO",2022-12-25,81,25,154,6.90000000000001,205,3,280,3,506.924999999999
"RO",2023-01-01,129,35,280,11,541,5,1120.55,1,1558
"RO",2023-01-08,86,51,391,11,597.1,6,938,1,1493.125
"RO",2023-01-15,86,51,370,13,607,7,938,1,1493
"RO",2023-01-22,103,48.75,417,12,627.700000000001,7,938,1,1498
"RO",2023-01-29,89,46.5,276,19.8,537,9,868.649999999997,3,1458.7
"RO",2023-02-05,113,39,352.5,11.9,633,9,825.15,3.975,1189
"RO",2023-02-12,125,35,437,12,658,9,938.649999999999,6,1189
"RO",2023-02-19,126,38,437,12,656,8,756,4,1189
"RO",2023-02-26,91,27,348,12,537,8,658,4,1013
"RO",2023-03-05,108.5,35.75,276,12,477,6,668.15,3.975,1281
"RO",2023-03-12,61,18,222,12,477,7,658,4,1184.125
"RO",2023-03-19,61,23,176,13,477,8,658,4,1147.075
"RO",2023-03-26,65,34,203,11.9,477,8,658.5,3.975,1281.65
"RO",2023-04-02,66,23,249,13,470,8,597,5,1061.475
"RO",2023-04-09,75,23,204,12,470,8,550.449999999998,5,1013.4
"RO",2023-04-16,65,23,163,14,454.7,8,507,5,953.524999999999
"RO",2023-04-23,54,22,163,12,426,8,477,5,756
"RO",2023-04-30,65,24,163,14.9,375,8,477,5,770
"RO",2023-05-07,69,38,276,16,375,10,477,5,773.399999999997
"RO",2023-05-14,64,34,193.5,13.8,375,9,477,4,935
"RO",2023-05-21,62,26,148.5,12,375,10,564.699999999998,5,907.599999999999
"RO",2023-05-28,48,20.5,101,13,276,10,480.599999999997,6,782.399999999998
"RO",2023-06-04,37,22,149,10,288,7.90000000000001,504,4,683
"RO",2023-06-11,34,19,71,8,211.6,5,365.4,4,504
"RO",2023-06-18,30,19,71,8,196,4.95,289.299999999999,4,504.35
"RO",2023-06-25,27,16,55,8,196,6,359,4,372
"RO",2023-07-02,22,12,41,7,70,5,187.1,4,292.724999999999
"RO",2023-07-09,24,14,42,7,52,5,111.25,4,252.225
"RO",2023-07-16,19,12,42,7,46,5,85,4,129
"RO",2023-07-23,15,12,42,5,46,5,46,3,96.05
"RO",2023-07-30,10,6,19,5,46,3,78,3,129
"RO",2023-08-06,10,7,16,3,26,3,36,3,65.1249999999999
"RO",2023-08-13,10,4,14,3,18,3,26,3,44
"RO",2023-08-20,11,5,17,3,21,3,39,3,46.05
"RO",2023-08-27,12,7,16,4,21,3,33.05,3,49
"RO",2023-09-03,9,5,13,4,14,4,21,4,35.05
"RO",2023-09-10,8,5,13,4,20,4,22.05,4,37
"RO",2023-09-17,9,4,12,4,14,4,23,4,37
"RO",2023-09-24,10,7,14,4,23,4,23,4,34.025
"RO",2023-10-01,11,7,22,5,29.1,4,35,4,35
"RR",2022-10-09,12,6,20,2,35,2,54.05,2,66.025
"RR",2022-10-16,16,6.75,26,2,54,2,66,1,94.1249999999999
"RR",2022-10-23,16,10,26,2,54,2,66,1,125.05
"RR",2022-10-30,15,5,20,3,49,2,72,1,127
"RR",2022-11-06,14,4,20,3,58.2,1,112,1,149
"RR",2022-11-13,16.5,4,23,3,82,1,110,1,176.075
"RR",2022-11-20,19,8,23,2,86,0,100,0,110.025
"RR",2022-11-27,19,8,27,2,96,1,100,0,389
"RR",2022-12-04,18,4,28,2,96,1,103,0,300.175
"RR",2022-12-11,18,6,28,2,96,1,153.05,0,436.125
"RR",2022-12-18,18,5,28,1,96,1,154,0,441.749999999999
"RR",2022-12-25,19,6,28,2,96,1,154.3,0,436.125
"RR",2023-01-01,31,18,89,4,297.9,1,627.699999999998,0,1419.05
"RR",2023-01-08,35,25,40,4,178,2,496.149999999998,1,938
"RR",2023-01-15,36,21,40,5,228.1,2,549.249999999998,0,1595.5
"RR",2023-01-22,36,21,45,3,226.1,1,537,1,1339.8
"RR",2023-01-29,29,8,57,2,271,0,826.499999999999,0,1764.675
"RR",2023-02-05,27,5.75,57.5,0.900000000000006,258,0,477,0,1339.8
"RR",2023-02-12,22,4,40,0,258.6,0,590.799999999998,0,1054.275
"RR",2023-02-19,21,2,40,0,258,0,625,0,1293
"RR",2023-02-26,25,2,44.25,0,278,0,551,0,1284.25
"RR",2023-03-05,21,2,47,0,258,0,477,0,1065
"RR",2023-03-12,21,4,60,0,277,0,507.599999999999,0,1184
"RR",2023-03-19,27,5,68,1,276.1,0,532.25,0,1184
"RR",2023-03-26,29,5,68,2,278.4,0,535.1,0,1411
"RR",2023-04-02,12,4,39,0,75.8000000000002,0,507,0,2078
"RR",2023-04-09,19,4,47,1,83.9000000000002,0,507,0,3305
"RR",2023-04-16,21,5,47,1,188,0,507,0,3352.77499999996
"RR",2023-04-23,21,6,47,1,86.6000000000001,0,284.2,0,784.299999999996
"RR",2023-04-30,15,5,29,0,56,0,224.2,0,365.3
"RR",2023-05-07,15,4,28.25,0,56,0,284,0,643.325
"RR",2023-05-14,15,2,34,0,194.500000000001,0,284,0,625
"RR",2023-05-21,15,2,26,0,107.2,0,284,0,451.424999999999
"RR",2023-05-28,18,11,35,1,143.3,0,284.2,0,584
"RR",2023-06-04,20,4,42,0,152,0,288.45,0,514.299999999999
"RR",2023-06-11,20,3,46.25,1,139.3,1,288,0,394
"RR",2023-06-18,22,3,47,2,196,1,288,0,395
"RR",2023-06-25,25,11,58,2,196,2,321.05,1,431
"RR",2023-07-02,22,12,43,5,97,3,189,2,252
"RR",2023-07-09,27,13,42,5,95,3,168,2,231
"RR",2023-07-16,27,13.75,43,5,81,4,129,2,170
"RR",2023-07-23,27,12,43,5,68,2,105.1,1,162.125
"RR",2023-07-30,19,11,39,5,68,3,92,1,149.15
"RR",2023-08-06,16,7,36,3,68,2,105,1,149
"RR",2023-08-13,16,7,36,3,68,1,141,1,149
"RR",2023-08-20,16,7,36,3,66,2,113,1,149
"RR",2023-08-27,15,6,32.25,3,51.1,2,99,1,121
"RR",2023-09-03,16,7,32,2,43,2,72,1,99
"RR",2023-09-10,16,7,32,2,43,1,66,1,99
"RR",2023-09-17,15,6,32,2,39,2,65.05,1,79
"RR",2023-09-24,15,7,30,2,37.1,2,61.05,1,76.0749999999999
"RR",2023-10-01,10,3,18,2,41.2,1,79,1,109
"RS",2022-10-09,2,0,4,0,8,0,20,0,94
"RS",2022-10-16,2,1,5,0,10,0,20,0,94
"RS",2022-10-23,2,0,4,0,20,0,20,0,94
"RS",2022-10-30,2,0,5,0,20,0,20.0999999999999,0,94
"RS",2022-11-06,2,0,5,0,10,0,29,0,94
"RS",2022-11-13,4,1,9,0,10,0,30.3499999999997,0,94
"RS",2022-11-20,3,1,6,0,10,0,20,0,94
"RS",2022-11-27,3,2,8.25,0,17,0,94,0,262.05
"RS",2022-12-04,2,0,9,0,37,0,250,0,543
"RS",2022-12-11,4,1,16,0,28,0,166.45,0,543
"RS",2022-12-18,4,1,13,0,32,0,166,0,543
"RS",2022-12-25,2,1,11,0,37.1,0,196.1,0,543
"RS",2023-01-01,20,4,29.5,3,305,1,531.599999999999,0,1135.7
"RS",2023-01-08,18,5,68,3,131,0,435.599999999999,0,547
"RS",2023-01-15,14,5,76,4,226,3,547,1,547
"RS",2023-01-22,18,5,76,4,131,2,472.25,2,547
"RS",2023-01-29,28,6.75,140.5,3,760.100000000001,2,2923.14999999999,2,7631.19999999997
"RS",2023-02-05,21,7,112,3,306,3,825,2,2583.45
"RS",2023-02-12,21,8,162.5,3,625,3,1180.6,2,3027
"RS",2023-02-19,21,8,182,3,625,3,2255,2,3287
"RS",2023-02-26,118,9,351,3,1603,3,3027,2,3874
"RS",2023-03-05,191,12,351,5,3027,3,3874,2,5183.85
"RS",2023-03-12,185,16,334,5,1782.8,2,3874,2,5412
"RS",2023-03-19,57.5,15.75,324.5,4,2055,2,5093.45,2,6205.37499999999
"RS",2023-03-26,26,6,326,2,2061.3,2,5412,2,6889
"RS",2023-04-02,351,18,6199,3,7786,2,13213,2,28429.25
"RS",2023-04-09,303,26,6199,6,7786,3,13213,2,34344
"RS",2023-04-16,324,31,3104,6,7786,5,13338.45,2,30623
"RS",2023-04-23,253,23,1065,6.90000000000001,7550,5,12478,3,18462
"RS",2023-04-30,36,12,226,3,884,3,1790,2,3203.6
"RS",2023-05-07,53,34,108,4,884,2,1790,1,2735.47499999999
"RS",2023-05-14,45,6.75,125,1,790,1,1527.4,0,2615.925
"RS",2023-05-21,45,4,127,1,800,1,2391.39999999999,1,3203.4
"RS",2023-05-28,49,5,126,2,828,1,2027,1,3342
"RS",2023-06-04,7,2,49,1,419,0,683,0,1879.475
"RS",2023-06-11,12,2,35,1,322,1,415,1,931.999999999999
"RS",2023-06-18,24,2,213,1,322,1,878,0,1382
"RS",2023-06-25,24,4,227,1,367,0,618.349999999997,0,811.699999999998
"RS",2023-07-02,3,1,17,0,61,0,138.799999999999,0,322.425
"RS",2023-07-09,2,1,6,0,40,0,90,0,204.175
"RS",2023-07-16,2,1,5,0,13,0,40,0,192.15
"RS",2023-07-23,4,1,7,0,20,0,48.7999999999993,0,216.174999999999
"RS",2023-07-30,4,1,6,0,8,0,24.05,0,94
"RS",2023-08-06,2,0,4,0,8,0,22.0999999999999,0,94.2749999999997
"RS",2023-08-13,1,0,3,0,5.10000000000002,0,14.05,0,94
"RS",2023-08-20,2,0,3,0,8,0,20,0,94
"RS",2023-08-27,2,1,3,0,6,0,19,0,94
"RS",2023-09-03,2,1,4,0,7.10000000000002,0,14.05,0,94
"RS",2023-09-10,2,0,4,0,8,0,12.3,0,94
"RS",2023-09-17,2,0,4,0,7,0,12,0,94
"RS",2023-09-24,3,1,4,0,8,0,10.05,0,94
"RS",2023-10-01,3,1,5,0,10,0,20.0999999999999,0,94
"SC",2022-10-09,3,1,5,0,10,0,20,0,94
"SC",2022-10-16,3,1,7,0,20,0,20,0,94
"SC",2022-10-23,3,0,9,0,20,0,20,0,94
"SC",2022-10-30,2,0,8,0,20,0,20,0,94
"SC",2022-11-06,3,0,9,0,20,0,20.0999999999999,0,94
"SC",2022-11-13,4,1,9,0,20,0,29,0,94
"SC",2022-11-20,4,1,9,0,14,0,23.1999999999998,0,94
"SC",2022-11-27,3,1,9,0,20,0,116,0,202.524999999999
"SC",2022-12-04,3,0,11,0,113,0,158,0,389.224999999999
"SC",2022-12-11,4,1,16,0,158,0,158,0,546.324999999997
"SC",2022-12-18,4,1,17,0,158,0,158,0,546.324999999997
"SC",2022-12-25,4,1,16,0,158,0,201,0,949
"SC",2023-01-01,9,4,25,1,275.4,0,549.099999999998,0,1558
"SC",2023-01-08,11.5,5,30,3,131,2,478.599999999997,0.975000000000001,1036
"SC",2023-01-15,9,5,68,3,219,2,547,1,972.624999999999
"SC",2023-01-22,11,4,76,2,202.6,2,421.649999999998,1,630.349999999999
"SC",2023-01-29,11,4,82,2,306.2,1,790.849999999999,0,1957.2
"SC",2023-02-05,11,4,82,2,308,1,640.799999999999,1,1060.125
"SC",2023-02-12,21,3,146.25,2,322,2,627.449999999998,1,1054.15
"SC",2023-02-19,16,3,117,2,322,2,625,2,1060.125
"SC",2023-02-26,19,6,210,2,551,2,1065,0,1598
"SC",2023-03-05,19,6,253,2,547.4,0,1274,0,3027
"SC",2023-03-12,17,6,245,0,381,0,1004,0,2014.625
"SC",2023-03-19,31,6,277.5,2,479.500000000001,0,1065,0,3052.02499999998
"SC",2023-03-26,37,3,374,2,1140,2,5216,1,6651
"SC",2023-04-02,130,5,1388,3,6199,2,7083,2,7786
"SC",2023-04-09,118,6,1388,4,6199,2,7550,2,7786
"SC",2023-04-16,119,8,1065,5,2254,3,6455.7,2,7786
"SC",2023-04-23,36,13,351,5,2254,3,3083.95,2,6454.85
"SC",2023-04-30,15,8,253,4,1167,2,2013,2,3577.99999999996
"SC",2023-05-07,38,6,169.5,2,1075.2,2,3536,1,3536
"SC",2023-05-14,14,2,146,2,790,1,1065,1,3287.37499999999
"SC",2023-05-21,14,4,125.25,2,790,1,790,1,1065
"SC",2023-05-28,9,3,107,1,749,1,828,1,1173.525
"SC",2023-06-04,6,2,391,0,631,0,1361,0,1898
"SC",2023-06-11,4,2,306.25,1,415,1,674.699999999999,0,971.799999999999
"SC",2023-06-18,4,1,198,1,322,0,415,0,878
"SC",2023-06-25,6,2,124,1,322,0,517.149999999997,0,733.574999999999
"SC",2023-07-02,3,1,17,0,61,0,154,0,219.5
"SC",2023-07-09,2,1,7,0,40,0,89,0,198
"SC",2023-07-16,2,1,6,0,25,0,40,0,131
"SC",2023-07-23,4,1,10,0,28,0,40.1499999999999,0,198
"SC",2023-07-30,4,1,6,0,9,0,25,0,46.3749999999997
"SC",2023-08-06,2,0,4,0,8,0,13.1999999999998,0,94
"SC",2023-08-13,2,0,4,0,9,0,19,0,94
"SC",2023-08-20,2,0,4,0,11,0,20,0,90.0999999999999
"SC",2023-08-27,2,0,5,0,19,0,19,0,94
"SC",2023-09-03,2,0,5,0,11,0,19,0,94
"SC",2023-09-10,2,1,6,0,11,0,20,0,94
"SC",2023-09-17,2.5,1,6,0,10,0,20,0,94
"SC",2023-09-24,4,1,8,0,10,0,20,0,94
"SC",2023-10-01,3,1,10,0,10,0,20,0,94
"SE",2022-10-09,31,11,73,3,265,3,265,3,365
"SE",2022-10-16,31,16,93,3,265,3,270,3,365
"SE",2022-10-23,36,16,161.25,4,265,3,301,3,365.05
"SE",2022-10-30,27.5,10,77,3,265,3,301,2.975,367
"SE",2022-11-06,24.5,11,93,5,301,3,301,1,441
"SE",2022-11-13,23,11,69,6,301,3,367,3,441
"SE",2022-11-20,27,11,62.75,7,301,3,441,3,766
"SE",2022-11-27,23,10,77,6,364.1,2.95,595,2,766
"SE",2022-12-04,26,11,86,3,303,3,949,3,2650.34999999996
"SE",2022-12-11,20,10,102,3,486,3,1882,1,4185
"SE",2022-12-18,19,10,152.75,3,595,3,1882,3,4185
"SE",2022-12-25,19,7,77,3,317.200000000003,3,1882,3,4185
"SE",2023-01-01,31,19,117,4,367,3,1131,1,1882
"SE",2023-01-08,73,14,110,7,264,4,607.899999999999,2,2549.84999999998
"SE",2023-01-15,79,14,131,6,272,3,828.749999999999,1.975,4219.49999999999
"SE",2023-01-22,81,33,131,6,272,3,1690,2,4512
"SE",2023-01-29,67,11,133,3,264,2,2531,2,4512
"SE",2023-02-05,71,12,156.25,4,367,3,2338.14999999999,2,2718
"SE",2023-02-12,90.5,12,133,6,405,2,1120.5,1,2531
"SE",2023-02-19,107,12,147,6,364,2,625,1,2531
"SE",2023-02-26,109,15,154,8,355.9,4,1065.95,2,2531
"SE",2023-03-05,133,17,168,10,378,5.95,1708,4,3319
"SE",2023-03-12,109,19,192,6,378,4,1504.69999999999,4,3319
"SE",2023-03-19,109,19,204,6,405,5,2495,4,4369
"SE",2023-03-26,114,44,219,11,536.800000000002,6,2499.6,5,5216
"SE",2023-04-02,99,24,120,11,224,5.95,694.45,2,1977
"SE",2023-04-09,69,24,117,9,281,7,564.649999999999,5,1977
"SE",2023-04-16,79,16,117,9,222,7,472.4,6,1257.125
"SE",2023-04-23,76,16,119,10,204,6,577.2,5,1571.19999999999
"SE",2023-04-30,110,32,163,11,224,5,936.949999999999,5,2142.22499999999
"SE",2023-05-07,119.5,32,163,11,204.2,6,644.999999999998,5,2082.8
"SE",2023-05-14,120,37,163,11,206,5,607,5,1313
"SE",2023-05-21,120,38,163,8,228,5,607.899999999999,5,1323.69999999999
"SE",2023-05-28,92,13,163,5,288,5,548.499999999994,5,1228.45
"SE",2023-06-04,93,16,263,4,590.8,2,1437.6,1,1836.85
"SE",2023-06-11,76,16,263,4,454,2,959.299999999999,1,1609
"SE",2023-06-18,68,16,246,4,565.500000000001,1,1341,1,1752
"SE",2023-06-25,58,16,330.75,1,646.5,1,843,1,1657
"SE",2023-07-02,38,10,96.5,3,367,3,600,3,961.774999999998
"SE",2023-07-09,41,14,106,6,372,3,684.5,3,1096
"SE",2023-07-16,45,15,111,8,367,5,668,3,1016.1
"SE",2023-07-23,50,41,111,14.9,454,8,471.749999999999,3,914
"SE",2023-07-30,45,27,84,8,248.1,2,441.2,1,726.375
"SE",2023-08-06,41,18,80,7,261,4,368.399999999999,3,543.35
"SE",2023-08-13,45.5,24,164,7,265,4,397,3,529.874999999999
"SE",2023-08-20,61,24,171.25,6,265,3,367,3,463
"SE",2023-08-27,61,24,164,6,265,3,339,1,441
"SE",2023-09-03,29,11.75,70,4,265,3,301,3,365.05
"SE",2023-09-10,29,10,82,3,265,3,310,3,367
"SE",2023-09-17,27,10,73,3,265,3,305,3,365.05
"SE",2023-09-24,25,10,73,3,265,3,305,3,367
"SE",2023-10-01,31,11,73,3,265,3,301,3,365
"SP",2022-10-09,299,108,418,94,469.7,89,584,67.9,593
"SP",2022-10-16,299,110,418,89,497.3,89,584,81.8,593
"SP",2022-10-23,290,111,418,94,546,89,593,73.95,593
"SP",2022-10-30,216,113,418,94,546,82,582,61.925,655
"SP",2022-11-06,235,111,333,96,546,84.85,655,61.85,835.324999999999
"SP",2022-11-13,254,140.5,366,110,599,82,887,47.65,949
"SP",2022-11-20,252,161,512,111,949,76,1095,50,1321
"SP",2022-11-27,284,215,887,126,1321,60,1321,23,1321
"SP",2022-12-04,284,231,887,101.5,1325,21.95,1560,2.975,1581
"SP",2022-12-11,308,228,949,131.9,1509,32,1582.15,7.95,1882
"SP",2022-12-18,286,215,887,132.9,1508,22,1581,10.975,1699.375
"SP",2022-12-25,284,213,949,93.6,1508,11.95,1581,3,1764.025
"SP",2023-01-01,523,249,1524,138,2200,25,4841,10.975,5761
"SP",2023-01-08,665,285,2200,214.8,4922,39.65,7360,7.975,9110.59999999997
"SP",2023-01-15,1176,328,2938,220,7360,30.7,7914,10.95,11464
"SP",2023-01-22,1524,358,3285,214,7914,65.65,11464,11,11464
"SP",2023-01-29,3305,616.75,10765.75,280,15482,220,18581,89,22956
"SP",2023-02-05,4267,741,12595,280,18581,259,22956,155.7,26487
"SP",2023-02-12,4540,2089.25,15335,579.6,26487,280,26487,137,27125.95
"SP",2023-02-19,5185,2021,12801,516.8,22956,280,29982,208.775,32130
"SP",2023-02-26,7125,2253,12725.25,592,26487,280,40325,236,40325
"SP",2023-03-05,9425,2093,13626,497,22956,272,29982,235.75,40325
"SP",2023-03-12,9219,1708.25,14096,494,19087,264,27826,236,40325
"SP",2023-03-19,8473,1443,15205,351,19087,264,27119.85,236,28729
"SP",2023-03-26,8037,1398,15205,455,23008.9,241,27369.05,236,31259.7749999998
"SP",2023-04-02,8037,607,15205,455,27108,236,28783.55,221.475,47711
"SP",2023-04-09,7891,1398,18793,494,27826,236,29820,224,54018
"SP",2023-04-16,7486,1398,18793,494,27826,236,29820,174.65,44193.2749999999
"SP",2023-04-23,8250.5,1431.75,15205,494,28729,175,31058,161,44101
"SP",2023-04-30,8527,3011,15294.75,651.1,28729,348.5,29982,160.575,39158.9
"SP",2023-05-07,6318,2253,13626,800,28729,279.6,29982,142,31058
"SP",2023-05-14,6220,2253,16388,603,29982,144,29982,142,29982
"SP",2023-05-21,5045.5,2480.25,13626,741,22956,393.65,22956,142,29982
"SP",2023-05-28,3099,1113,9425,544.1,16154,276.5,22956,136.95,22956
"SP",2023-06-04,1483,628.25,2682,98.3,6805,89,7106,28.75,7434
"SP",2023-06-11,1524,511.75,2863,92,4841,92,7106,28.675,7434
"SP",2023-06-18,1229,626,2389,241,4841,89,7434,80,7434
"SP",2023-06-25,942,431,2112,208,2863,90,6183,66,6183
"SP",2023-07-02,215,136,447,66,949,35,1454.3,16.95,1695
"SP",2023-07-09,239,162,764,66,1096,55,1695,22,1695
"SP",2023-07-16,215,134,511,55,1096,50.6,1695,21.95,1695
"SP",2023-07-23,162,95,369,55,924,55,1509,22,1695
"SP",2023-07-30,177,116,465,66,887,55,949,14.9,1181
"SP",2023-08-06,147,116,339,89,887,75,887,10,887
"SP",2023-08-13,130,97.75,339,86,565,75,887,18.95,887
"SP",2023-08-20,130,104,331,86,451,54,595,19,887
"SP",2023-08-27,120,104,299,81,451,33.7,504,8,887
"SP",2023-09-03,116,110,313,100,437,82,546,62,546
"SP",2023-09-10,130,110,331,100,504,82,546,64,546
"SP",2023-09-17,145,110,320,89,504,82,546,62,546
"SP",2023-09-24,129,110,316,82,418,62,546,62,546
"SP",2023-10-01,299,113,418,85,418,83,546,52.75,546
"TO",2022-10-09,33,7,56,4,85,3,85,3,91
"TO",2022-10-16,37,18,56,4,85,4,91,3,110
"TO",2022-10-23,38,9.25,56,4,76,4,97,3,139
"TO",2022-10-30,35,14,71,4,82,4,95,3,97
"TO",2022-11-06,44,14,71,3,82,3,94,3,95
"TO",2022-11-13,55.5,12,94,11,95,3,95,3,138
"TO",2022-11-20,67,26.75,102,10,139,5,227,3,227
"TO",2022-11-27,93,22,139,8,227,8,227,3,227
"TO",2022-12-04,55,28.75,138,8,227,5,227,3,1091
"TO",2022-12-11,55,26,139,12,227,8,227,4,1091
"TO",2022-12-18,54,23,138,12,227,5,228,3,805
"TO",2022-12-25,54,23,138.25,12,227,5,248,3,805
"TO",2023-01-01,133,40,287,13,615,8,1243,3.975,1418
"TO",2023-01-08,121.5,50.5,413.25,13,656,9.95,1063.75,5,1963.44999999999
"TO",2023-01-15,129,49,464,13,684,11,1051,5.975,1661.52499999999
"TO",2023-01-22,129,43,537,21,864,11,1078,10,1963.44999999999
"TO",2023-01-29,139,54,463,21,693,13,1078,10,1955
"TO",2023-02-05,181,94,546,30,864,21,1029.55,13,5292.02499999999
"TO",2023-02-12,240,122,574,50.8,683,27,973.099999999998,16.975,5192.57499999999
"TO",2023-02-19,223,107,518,49,683,26.95,942.699999999997,13,6089.84999999994
"TO",2023-02-26,221.5,107,513,49,658.8,24,864,12.975,6625.67499999995
"TO",2023-03-05,197,77,477,58,666,27,1193.6,15.95,10256.95
"TO",2023-03-12,206.5,97,500.5,58,683,26.95,1013,13,11558
"TO",2023-03-19,236,81,591,58,683,30.95,1056,20.875,11464
"TO",2023-03-26,277,97,598,58,683,34.8,1116.8,20.875,11466.35
"TO",2023-04-02,349,139,624,80.8,740,44.7,1119,16,12801.55
"TO",2023-04-09,322,108,591.25,63.9,730.1,38.9,1111.1,21,15646
"TO",2023-04-16,322,122,535.75,64,749,38.9,1113.3,20.975,15646
"TO",2023-04-23,319,122.75,513,64,730,32.85,1127.74999999999,13,12803.975
"TO",2023-04-30,322,139,423,64,749,24,1543.94999999999,12,10232.775
"TO",2023-05-07,322,149,423,66,749,35,1917.4,16.9,10226
"TO",2023-05-14,292,149,418,64,713.800000000002,35,3194.59999999991,20,10239.55
"TO",2023-05-21,288,139,423,45,751,34.9,2570,20,10226
"TO",2023-05-28,211,106,415,36,636,29,1488.2,15.9,8853
"TO",2023-06-04,142,79,318,33.8,449.6,27,639,15.9,1589.4
"TO",2023-06-11,119,53,288,30,394,21,513,8,899.049999999998
"TO",2023-06-18,98,53,206,27,341,20.9,494,7.975,1176
"TO",2023-06-25,78,36,145,21.9,288,11.95,395.849999999999,7,703.799999999999
"TO",2023-07-02,63,32,97,13,189,10,189,8,189
"TO",2023-07-09,63,28,92,12,99.6000000000001,8,129,8,189
"TO",2023-07-16,70,20,92,10,105,8,129,8,129
"TO",2023-07-23,28,12,92,8,92,8,109,5,129
"TO",2023-07-30,27,9,63,8,105.4,8,109,8,109
"TO",2023-08-06,27,13,31,8,92,8,105,7,105
"TO",2023-08-13,18,12,27,8,56,8,93,6,105
"TO",2023-08-20,17,12,22,8,56,7,93,6,93
"TO",2023-08-27,14,8,24,7,66,6,93,4,93
"TO",2023-09-03,13,11,34.5,7,92,6,93,3,93
"TO",2023-09-10,14,11,37,7,93,7,93,3,93
"TO",2023-09-17,14,11,37,7,92,7,92,3,93
"TO",2023-09-24,14,10,37,7,62,3,92,3,93
"TO",2023-10-01,19,9.5,56,7,94,6,110,3,110
