"uf","date","admin1_cases","median","lower_50","upper_50","lower_80","upper_80","lower_90","upper_90","lower_95","upper_95","absolute_error","squared_error"
"AC",2023-10-08,54,31,17.5,164,11,1917,7,1917,5,1917,23,529
"AC",2023-10-15,63,45,25,1917,12,1917,9,1917,6,1917,18,324
"AC",2023-10-22,110,48,26,411.25,13,1917,8,1917,3,1917,62,3844
"AC",2023-10-29,138,58,27,786,17,1917,12,1917,7.975,1917,80,6400
"AC",2023-11-05,225,78,31,621,13,1917,12,1917,8,1917,147,21609
"AC",2023-11-12,264,82.5,35,621,18,1381,12,1917,8,1917,181.5,32942.25
"AC",2023-11-19,364,100,38,469,20,849,12,1917,8,1917,264,69696
"AC",2023-11-26,534,88,30,300,16,849,12,1917,4,1917,446,198916
"AC",2023-12-03,877,139,31,300,15.9,786,6,914,3,1917,738,544644
"AC",2023-12-10,1105,153,36,300,17.9,786,7,914,3,1917,952,906304
"AC",2023-12-17,514,153,36,300,16,621.1,7,849,4,1917,361,130321
"AC",2023-12-24,474,134,36,300,16,615,6,914,4,1917,340,115600
"AC",2023-12-31,818,153,69,531,27,914,14.9,1044.85,6,1917,665,442225
"AC",2024-01-07,554,111,57,315.75,27,1118,13,1457,7,1948,443,196249
"AC",2024-01-14,526,116,62,231,30,1013,19,1322.55,9,1794.15,410,168100
"AC",2024-01-21,410,129,61,304,35,1013,19,1457,9,2355,281,78961
"AC",2024-01-28,322,191,85,656,41,1457,20,3213,12,3409,131,17161
"AC",2024-02-04,206,214,85,632.25,30,1189,22.9,2718,12,3415.02499999999,8,64
"AC",2024-02-11,162,204,103,658,41,1189,27,1894.2,11.95,3409,42,1764
"AC",2024-02-18,175,176,94,488.75,38,1013,30,1274,12.925,2870.77499999999,1,1
"AC",2024-02-25,173,141,85,304,40,938,27,1127.8,9.975,1893.6,32,1024
"AC",2024-03-03,146,132,85,476.25,50,912,36,1506.24999999999,21,3425.44999999998,14,196
"AC",2024-03-10,131,132,69,381.75,50,1013,30,1493,17.975,2949.77499999999,1,1
"AC",2024-03-17,85,86,68,231,50,757.900000000001,27,1493,17.975,2114,1,1
"AC",2024-03-24,106,81,58,174.75,39,641,24,1249.5,15.9,2078.9,25,625
"AC",2024-03-31,97,90,54,304,39,595,20,1278,8,2078,7,49
"AC",2024-04-07,99,96,54,321,41,595,22,1013,8,1867.375,3,9
"AC",2024-04-14,120,97,54,352.5,36.3,595,21.95,1013,8,1784.025,23,529
"AC",2024-04-21,90,125.5,68,477,25,595,20,873.399999999997,12,1569.45,35.5,1260.25
"AC",2024-04-28,77,97,54,396,25,595,17.9,817,12,1278.875,20,400
"AC",2024-05-05,54,97,53,356,20,477,16,756,11.975,1249.625,43,1849
"AC",2024-05-12,35,83,28,258,16,477.7,16,756,9,1274.975,48,2304
"AC",2024-05-19,38,73.5,21,154,16,477,12.95,823,8.975,1314.925,35.5,1260.25
"AC",2024-05-26,48,45,20,146,19,276,17,608.149999999997,13,1226.225,3,9
"AC",2024-06-02,28,60,30,129,14,276,11.95,525.1,8,688.45,32,1024
"AC",2024-06-09,33,34,27,98,15,214.8,8.95,279.399999999999,8,607.1,1,1
"AC",2024-06-16,27,36,27,84,15,196,8,395,6.975,527,9,81
"AC",2024-06-23,33,31,17,70,14,194,9,395,7,527,2,4
"AC",2024-06-30,32,29,20,64,15,187,12,321,9,606,3,9
"AC",2024-07-07,25,29,17,94,12,167,9,252,6,606,4,16
"AC",2024-07-14,24,29,16,62,9,167,9,221,6,474.3,5,25
"AC",2024-07-21,17,29,14,47,9,167,7,221,6,317,12,144
"AC",2024-07-28,26,29,15,105,9,221,7,221,6,265.275,3,9
"AC",2024-08-04,28,26,11,51,5.90000000000001,116,4,263.05,4,616.349999999996,2,4
"AC",2024-08-11,29,28,12,51,8,105.5,6,263.05,4,1917,1,1
"AC",2024-08-18,22,25,11,48,8,94,6,260,6,1917,3,9
"AC",2024-08-25,20,25,10,49,8,114,6,329,6,1917,5,25
"AC",2024-09-01,23,25,7,45,6,151,6,428.649999999988,3,1917,2,4
"AC",2024-09-08,38,25,9,60,6,169.3,4,1917,3,1917,13,169
"AC",2024-09-15,31,25,11,52.75,6,200,3,1917,3,1917,6,36
"AC",2024-09-22,38,25,16,48,7,172,2,1917,2,1917,13,169
"AC",2024-09-29,73,27,15,58,9,228,5,1917,3,1917,46,2116
"AL",2023-10-08,48,99,34.75,195.25,19,688,17,688,9.975,747.1,51,2601
"AL",2023-10-15,57,112,34,236,19.9,688,17,688,9.975,847.674999999999,55,3025
"AL",2023-10-22,47,132,40,337,20,688,14,688,4,1202,85,7225
"AL",2023-10-29,33,123,49,198,24.9,688,17,751,11,1264,90,8100
"AL",2023-11-05,45,121,51.75,462,25,751,17,751,11,1264,76,5776
"AL",2023-11-12,36,106,49,232,24,605,17,825,11,1297,70,4900
"AL",2023-11-19,39,137,62,545,24,1004,19,1297,17,1297,98,9604
"AL",2023-11-26,32,120,62,462,31,825,19,1297,11,1882,88,7744
"AL",2023-12-03,35,93,32,475,19,738,15,1331,15,1882,58,3364
"AL",2023-12-10,22,111,35,486,15,1044,15,1882,15,2611,89,7921
"AL",2023-12-17,16,187,35,486,21.9,1041.3,15.95,1882,15,4185,171,29241
"AL",2023-12-24,33,123,43,486,19,738,10,1352.49999999998,4,1882,90,8100
"AL",2023-12-31,71,98,43,387,11,678.300000000001,4,1041,4,1319.3,27,729
"AL",2024-01-07,62,148,60,607,41,649,34,2435.05,18.975,4512,86,7396
"AL",2024-01-14,64,205.5,56.75,607,39.8,1456,34,4212,21,4512,141.5,20022.25
"AL",2024-01-21,81,178,45,607,34,2531,30,4512,21,4512,97,9409
"AL",2024-01-28,129,101,34,607,21,649,14,1428,14,2382,28,784
"AL",2024-02-04,159,88,40,245,34,643,21,1428,12,2531,71,5041
"AL",2024-02-11,264,103,45,259.5,28,649,16,2114,15,2531,161,25921
"AL",2024-02-18,526,119,45,258,28,828,20,2114,16,2531,407,165649
"AL",2024-02-25,587,80,28,259.25,20,853,16,2114,16,2532.225,507,257049
"AL",2024-03-03,543,73,39,206,20,853,16,2114,11,2770,470,220900
"AL",2024-03-10,565,124,42,311.25,20.9,2114,16,2770,8,2770,441,194481
"AL",2024-03-17,590,166,45,288.25,20,1897,8,2114,6,2770,424,179776
"AL",2024-03-24,455,166,22,359,6,1897,6,2114,6,2770,289,83521
"AL",2024-03-31,524,359,79,828,35,2114,16,2430,6,3528,165,27225
"AL",2024-04-07,632,381,163,1252.75,44,2114,26,2136,26,3310.575,251,63001
"AL",2024-04-14,583,477,236,1897,60,2114,26,2136,26,3528,106,11236
"AL",2024-04-21,538,569,236,1897,90,2114,60,2136,40.95,3326.175,31,961
"AL",2024-04-28,572,827.5,287,1897,79,2136,52,2501,41,3561.67499999998,255.5,65280.25
"AL",2024-05-05,575,873.5,304,1897,90,2136,60,2501,50,3528.425,298.5,89102.25
"AL",2024-05-12,650,629,261,1776,94,2136,65,2595,51.95,3561.67499999998,21,441
"AL",2024-05-19,573,629,179,1741,80,2114,65,2287,50,2597.4,56,3136
"AL",2024-05-26,591,605.5,179,1772,65,2114,65,2287,52,3548.65,14.5,210.25
"AL",2024-06-02,641,948,315,1649,106.7,2038,65,2381,42.9,2430.95,307,94249
"AL",2024-06-09,767,714,226,1355,102.6,2031.7,78,2299,36.925,2468,53,2809
"AL",2024-06-16,775,701,276.75,1296.25,92.6,1845,78,2381,39,2430,74,5476
"AL",2024-06-23,625,765,356.75,1355,99,1751,77.8,2325,39,2430.95,140,19600
"AL",2024-06-30,793,606,134,946,81,1603,69,2325.6,34.9,2381,187,34969
"AL",2024-07-07,825,609,231,1186,69,1484,60.8,1593,28.925,1603,216,46656
"AL",2024-07-14,721,566,231,1016,82.9,1331,60,1356,40.8,1593,155,24025
"AL",2024-07-21,674,486,192,794,89.2,1331,52,1331,28,1408,188,35344
"AL",2024-07-28,488,305,151,548,92,1022,53,1331,31,1331,183,33489
"AL",2024-08-04,454,352,137,542,41.8,761,28.95,981,19,1023,102,10404
"AL",2024-08-11,406,329,143,475,51.9,761,24.95,847,19,981,77,5929
"AL",2024-08-18,316,191,77,402,25.9,694,19,847,17,847,125,15625
"AL",2024-08-25,313,198,55,376,19,761,18,847,17,847,115,13225
"AL",2024-09-01,258,115,26,309,18,504,17,688,6,847,143,20449
"AL",2024-09-08,243,134,37,271,19,504,17,688,11,847,109,11881
"AL",2024-09-15,244,128,35,268,19,442.1,16,688,10,688,116,13456
"AL",2024-09-22,185,102,35,230.5,19,485,16,688,9.975,688,83,6889
"AL",2024-09-29,160,89,30,188,19,441,15,688,9.975,688,71,5041
"AM",2023-10-08,55,52.5,32.75,91,9,202,5,256,2.975,1917,2.5,6.25
"AM",2023-10-15,73,54,23,114,9.90000000000001,228,4,1797.29999999999,3,1917,19,361
"AM",2023-10-22,82,59,31,117,14,228,4,257,2,1917,23,529
"AM",2023-10-29,62,65,27,84,9,195,4,257,3,1917,3,9
"AM",2023-11-05,115,61.5,30,78,8,129,3,216.2,0,353.724999999999,53.5,2862.25
"AM",2023-11-12,114,49,26,74,3,118,0,228.5,0,389,65,4225
"AM",2023-11-19,153,51.5,19,118,3,353,2,353,0,389,101.5,10302.25
"AM",2023-11-26,156,53,8,110,2,300,1.95,353,0,389,103,10609
"AM",2023-12-03,204,48,15,134,3,240,1,440,0,578,156,24336
"AM",2023-12-10,300,48,12.75,118,3,202,1,302.549999999998,0,523,252,63504
"AM",2023-12-17,313,48,15,89,3,176,1,292,0,452.649999999999,265,70225
"AM",2023-12-24,256,48,10,89,4,192,2,241.299999999999,0,436.4,208,43264
"AM",2023-12-31,597,84,17,202,6,336,2,506,0,654.374999999997,513,263169
"AM",2024-01-07,512,96,20.5,142,8,228.3,3,607,1,1013,416,173056
"AM",2024-01-14,657,97.5,39,174,8,604,3.95,687,1,1122.975,559.5,313040.25
"AM",2024-01-21,429,131,41,175,8,604,1,938,0,1457,298,88804
"AM",2024-01-28,445,198,67,1031,15,3409,9,3409,6,3409,247,61009
"AM",2024-02-04,519,207,75,476,17,3213,9.95,3409,6,3409,312,97344
"AM",2024-02-11,504,183,83.5,458.25,12,3213,6,3409,1,3409,321,103041
"AM",2024-02-18,478,161,86,294,11.9,1948,4,3409,1,3409,317,100489
"AM",2024-02-25,457,140,85,276,12,914.600000000001,4,3213,2,3409,317,100489
"AM",2024-03-03,420,171,85,278,13,1013,4,3409,0.975000000000001,5353,249,62001
"AM",2024-03-10,367,186,85,278,16,823,5,3409,1,3437.37499999997,181,32761
"AM",2024-03-17,267,186,81.75,285,16,811,5,2079.8,1,3409,81,6561
"AM",2024-03-24,174,106,71,277.25,13,666,5,1036.49999999999,2.975,3409,68,4624
"AM",2024-03-31,229,106,84.5,352,23,477,5,1286.94999999999,3,3409,123,15129
"AM",2024-04-07,168,119,69,373,24,438.1,4,811,2.975,2114.55,49,2401
"AM",2024-04-14,166,101,53,211,24,437,5,695.099999999994,2,1900.525,65,4225
"AM",2024-04-21,108,79,53,150,33,437,8,647.699999999999,2,2039.9,29,841
"AM",2024-04-28,102,92,52,207,25,477,8,595,2,1950.25,10,100
"AM",2024-05-05,94,100.5,53,263.25,25,573,8,573,3,955,6.5,42.25
"AM",2024-05-12,93,90,35,161,20,476.1,5,573,2,955,3,9
"AM",2024-05-19,81,90,29,161,20,333,5,573,2,1199.9,9,81
"AM",2024-05-26,63,96,29,162,20,277,17,477,5,1224,33,1089
"AM",2024-06-02,57,95,37,192,19,309,14,566.349999999999,8,1204.5,38,1444
"AM",2024-06-09,46,75,30,185,19,297.9,10.9,395,8,758.799999999997,29,841
"AM",2024-06-16,45,61,30,174,17,276.2,8,395,6.975,688.5,16,256
"AM",2024-06-23,61,63.5,30,174,14,257.7,8,395,7,648.575,2.5,6.25
"AM",2024-06-30,79,44,20,116,8,200,8,309,7,484.249999999998,35,1225
"AM",2024-07-07,76,59,40.5,139,14,242,8,242,6,321,17,289
"AM",2024-07-14,77,61,39,126,14,188,8,242,6,276.1,16,256
"AM",2024-07-21,67,62,40,116,14,183.2,8,242,6,270.3,5,25
"AM",2024-07-28,74,59,42,116,15,188,9,242,6,290.274999999999,15,225
"AM",2024-08-04,75,44,28,97.25,10,129,6,192.15,4,295,31,961
"AM",2024-08-11,71,44,22,91,10,118,6,160,4,295,27,729
"AM",2024-08-18,73,47,25,91,14,117,8,175,5,524.075,26,676
"AM",2024-08-25,93,49,27,91,14,109.1,8,144.25,3,306,44,1936
"AM",2024-09-01,87,53,33,79,10,144,6,195,4,334.374999999986,34,1156
"AM",2024-09-08,110,52,34,79,10,144,5,195,3,1078.60000000001,58,3364
"AM",2024-09-15,75,51,31,68,9,149,5,195,3,1794.15,24,576
"AM",2024-09-22,66,48.5,31,68,10,144,5,202,3,1794.15,17.5,306.25
"AM",2024-09-29,60,61,44,69,13,195,9,256,5,310.299999999996,1,1
"AP",2023-10-08,23,18,9,62,4,166,1,228,1,1917,5,25
"AP",2023-10-15,13,16,5,62,3.90000000000001,228,1,267,1,1917,3,9
"AP",2023-10-22,8,18,5,54.5,3,195,1.95,238,1,1917,10,100
"AP",2023-10-29,34,41,22,65,6,195,4,257,2,364.45,7,49
"AP",2023-11-05,25,34,22,65,6,112.2,3,202,0,320.124999999999,9,81
"AP",2023-11-12,20,41,9,48,2,77,0,149.5,0,228,21,441
"AP",2023-11-19,28,25,9,49.5,7,53,2,88,2,178.599999999999,3,9
"AP",2023-11-26,17,28.5,8,53,5,53,2,67,2,159,11.5,132.25
"AP",2023-12-03,24,15,5,53,1,189,1,523,1,635,9,81
"AP",2023-12-10,14,15,7,41.75,2,176,1,240,1,578,1,1
"AP",2023-12-17,6,15,10,27,2,159,2,196,1,291.124999999996,9,81
"AP",2023-12-24,18,15,10,48,5,115.6,2,182.35,2,240,3,9
"AP",2023-12-31,145,9,2,53,2,72,2,144,0,229,136,18496
"AP",2024-01-07,212,37,9,63,1,96,1,383,1,604.075,175,30625
"AP",2024-01-14,223,39,23,63,3.90000000000001,157.5,1,604,1,649,184,33856
"AP",2024-01-21,210,39,33,63,9,268.2,1,607,1,828.999999999999,171,29241
"AP",2024-01-28,445,27,8,142,4,332,3,938,1,1464.37499999999,418,174724
"AP",2024-02-04,471,21,10,97,3,253.5,1,828,1,1428.725,450,202500
"AP",2024-02-11,599,22,6,97,1,294,1,938,1,1793.55,577,332929
"AP",2024-02-18,630,27,4,136,1,258,1,811.849999999999,0.975000000000001,1460.875,603,363609
"AP",2024-02-25,680,27,4,131,2,223.5,1,609.549999999998,0,1013.425,653,426409
"AP",2024-03-03,590,27,5,143,1,430.4,0,764.799999999999,0,2870.77499999999,563,316969
"AP",2024-03-10,370,50,8,169,2,438.1,0,873.399999999997,0,2039,320,102400
"AP",2024-03-17,342,47,5,169.5,2,355,1,833.499999999995,0,1990.225,295,87025
"AP",2024-03-24,370,27,5,113.5,2,286.9,1,752,0,1792.8,343,117649
"AP",2024-03-31,425,64,10,136,3.90000000000001,285.1,2,1096,0,2078,361,130321
"AP",2024-04-07,321,62.5,16,139,4,279.3,2,690.649999999998,0,2078.9,258.5,66822.25
"AP",2024-04-14,304,50,22,96,2,251,2,631.049999999997,0,1863.85,254,64516
"AP",2024-04-21,211,55,33,68.25,3,166.3,2,396,0,1863.85,156,24336
"AP",2024-04-28,198,53,33,81.5,4,164.2,2,478.199999999999,0.975000000000001,1215.525,145,21025
"AP",2024-05-05,175,52.5,33,101,4,169.9,2,471.25,0,1185.675,122.5,15006.25
"AP",2024-05-12,190,56,20,131,4,164,2,605,1,1370.525,134,17956
"AP",2024-05-19,162,47,16,97,3,174.1,1,756,1,1525,115,13225
"AP",2024-05-26,171,48,22,128,5,276,2,756,1,1759.325,123,15129
"AP",2024-06-02,205,61,19,152,14,309,6,399.449999999996,3.975,781.199999999999,144,20736
"AP",2024-06-09,201,50,19,113,11,276,6,311.799999999997,1.975,688.5,151,22801
"AP",2024-06-16,206,49,17,104,9,199.6,7,395,4,652,157,24649
"AP",2024-06-23,188,39,16,105,10.9,194.1,7,365,4,604.05,149,22201
"AP",2024-06-30,292,38.5,17,83,8,181.5,4,276,3,527,253.5,64262.25
"AP",2024-07-07,257,47,16,99,5,175,4,242,2,483.124999999999,210,44100
"AP",2024-07-14,271,49,16,99.25,6,175,2,221,1,474.2,222,49284
"AP",2024-07-21,231,48.5,19,105,6,175,3,221,1,276.15,182.5,33306.25
"AP",2024-07-28,296,47,18,116,6,188,2.95,221,1,306,249,62001
"AP",2024-08-04,219,29,12,76,4,126,1,175,1,264.025,190,36100
"AP",2024-08-11,195,26.5,5,54,3,121,1,139,1,267,168.5,28392.25
"AP",2024-08-18,183,24,10,49,2,113,1,140.549999999999,0,527,159,25281
"AP",2024-08-25,133,15,4,49.25,2,105,0,139.1,0,527,118,13924
"AP",2024-09-01,115,39,11,68,4,117,1,195,1,322.174999999995,76,5776
"AP",2024-09-08,108,38,10,79,4,125.2,1,195,1,1791,70,4900
"AP",2024-09-15,111,38,9,83,4,119.3,1,196,0,1794.15,73,5329
"AP",2024-09-22,96,38,9,86,3,119,0,195.3,0,1791,58,3364
"AP",2024-09-29,100,27,9,65,5,164,1,202,1,310.299999999996,73,5329
"BA",2023-10-08,356,129,65,188,30,333.4,17,462,14.975,509,227,51529
"BA",2023-10-15,378,129,59,189,25,365,17,469,13,574,249,62001
"BA",2023-10-22,331,128,71,187,25,352,17,462,13,605,203,41209
"BA",2023-10-29,346,126.5,71,218.5,26,462,17,509.699999999999,11,605,219.5,48180.25
"BA",2023-11-05,386,129,71,271,26.9,487.1,17,605,11,605.075,257,66049
"BA",2023-11-12,370,140.5,80,342,32,563,20,605,13,889,229.5,52670.25
"BA",2023-11-19,357,185,79,504,32,781.800000000001,23.95,889,20.975,1004,172,29584
"BA",2023-11-26,388,149,78,462,32,777,25.9,1004,22,3568,239,57121
"BA",2023-12-03,380,173,84,303,32,738,24.95,849.299999999998,16,1044,207,42849
"BA",2023-12-10,307,194,92,430.25,34,1044,23,1234,15,2611,113,12769
"BA",2023-12-17,185,261,103.75,726,35,1044,23,1044,16,2611,76,5776
"BA",2023-12-24,207,209,76,548,38,1041,28.95,1044,22,1761,2,4
"BA",2023-12-31,668,229,80,486,46,1041,31,1041.15,11,1761.55,439,192721
"BA",2024-01-07,838,350,145,650,59,2382,44.9,4212,38,4512,488,238144
"BA",2024-01-14,1058,576,173,1354,62.7,4212,45,4512,35.95,4512,482,232324
"BA",2024-01-21,1550,596.5,173,1563.25,60,4212,36.95,4512,34,4512,953.5,909162.25
"BA",2024-01-28,2840,650,240,2382,73.4,4212,34,4512,34,4512,2190,4796100
"BA",2024-02-04,4144,766,246,2770,110,4425,40,4512,34,6444,3378,11410884
"BA",2024-02-11,5990,1238,335,2770,160,4425,68,6432,34,6444,4752,22581504
"BA",2024-02-18,10651,1612,566,3689,167.8,6432,95,6444,39,6444,9039,81703521
"BA",2024-02-25,14648,1031,307,2770,160,4212,94,6432,34,6444,13617,185422689
"BA",2024-03-03,16541,408,244,1488,74,2770,42,4212,20,4512,16133,260273689
"BA",2024-03-10,18217,616.5,266,1797,106.7,2770,40,3689,30,4738,17600.5,309777600.25
"BA",2024-03-17,19414,520,266,1543,117,2770,67.75,3689,35.85,4308.975,18894,356983236
"BA",2024-03-24,17522,607,308.25,1543,161,2770,39.95,3689,11,4306,16915,286117225
"BA",2024-03-31,20115,1990,1201,2587,376,3552,206.9,4653,158.975,6277,18125,328515625
"BA",2024-04-07,18026,1940,1091,2587,395.9,3528,246,4974.19999999999,192.95,6277,16086,258759396
"BA",2024-04-14,16006,1545,700.5,2495,366,3402,212,4968,191,6277,14461,209120521
"BA",2024-04-21,12596,1455,607,2480,290.2,3591,204,5092,141.6,5750.49999999999,11141,124121881
"BA",2024-04-28,11063,1429,485,2089,195,3258,111,4802,94,5737,9634,92813956
"BA",2024-05-05,9761,1366,471,2114,198.6,3254,94,4574.15,94,6668.15,8395,70476025
"BA",2024-05-12,7540,1164,380,2023,191.9,3254.4,100,4379,76.95,5219.725,6376,40653376
"BA",2024-05-19,5799,1199.5,443,1772,194,2531,111,4068.75,65,4675.8,4599.5,21155400.25
"BA",2024-05-26,3859,1190,368,1837.5,155.9,3414,77,4286,65,4286,2669,7123561
"BA",2024-06-02,2946,629,195.5,1455.75,131,2063,65,3030,29.825,3241,2317,5368489
"BA",2024-06-09,2245,707,244,1276,126,2063,65,2468,30,2582,1538,2365444
"BA",2024-06-16,1599,731,244,1430,119,2049.5,53,2430,30,2582,868,753424
"BA",2024-06-23,1371,688,269,1430,102,2040,98.95,2381,53,2478,683,466489
"BA",2024-06-30,1259,513,220,731,148.9,1319,65.9,1739.6,27,1896,746,556516
"BA",2024-07-07,1124,319,175,646,94,1331,48.6,1593,20,1593,805,648025
"BA",2024-07-14,983,319,157,572,111,1331,61,1331,22,1408,664,440896
"BA",2024-07-21,753,354,176,543,78.8,1331,31.95,1331,22,1408,399,159201
"BA",2024-07-28,680,309,170,543,85,1005,39.85,1331,22,1331,371,137641
"BA",2024-08-04,595,295,111,547,77,761,31,981,21.975,1167,300,90000
"BA",2024-08-11,541,309,141,697,60,847,26,985,20,985,232,53824
"BA",2024-08-18,473,211,107,435,37,823.600000000001,20,891,18,891,262,68644
"BA",2024-08-25,402,213,86,406.5,21,847,18,847,17,891,189,35721
"BA",2024-09-01,385,111.5,43.25,203,18,386.8,17,520.149999999999,13,847,273.5,74802.25
"BA",2024-09-08,401,127.5,40,195,20,365,16,568.2,11,769,273.5,74802.25
"BA",2024-09-15,337,122,54,187,20,365,16,568,10,629,215,46225
"BA",2024-09-22,314,111,59,190,20,416,11,605,4,629,203,41209
"BA",2024-09-29,234,135.5,62,192,27,291.3,17,442,11,605,98.5,9702.25
"CE",2023-10-08,85,191,71,243,34,509,21.95,509,14,605,106,11236
"CE",2023-10-15,88,140,71,216,29,373.2,21,605,16,605,52,2704
"CE",2023-10-22,86,138,71,214,35,365.7,21,605,13,605,52,2704
"CE",2023-10-29,61,209,80,303,42.7,605,18.95,642,14,777,148,21904
"CE",2023-11-05,78,178,80,557,37,605,17,640.1,13,777,100,10000
"CE",2023-11-12,63,220,93,605,47,605,17,777,17,847,157,24649
"CE",2023-11-19,84,209,80,605,48,711,22,777,16,999,125,15625
"CE",2023-11-26,75,194,80,605,48,777,36.75,777,19.95,847,119,14161
"CE",2023-12-03,81,263.5,92,303,32,847,24,847,14,968,182.5,33306.25
"CE",2023-12-10,64,182,74,266,30.9,605,18,847,13,968,118,13924
"CE",2023-12-17,26,161,71,266,28,452,18,847,12,905.599999999999,135,18225
"CE",2023-12-24,28,182,71,196,32,385.100000000001,18,836.3,12,968,154,23716
"CE",2023-12-31,77,104,71,196,30.9,323,14,847,12,1131,27,729
"CE",2024-01-07,75,130,49,148,41,410.2,41,604,19,1127,55,3025
"CE",2024-01-14,106,206,102,552.5,41,644,41,1428,23,1456,100,10000
"CE",2024-01-21,148,472,130,629,51,1428,41,1456,19,1456,324,104976
"CE",2024-01-28,182,395,157,607,52,1288,34,1456,34,2580,213,45369
"CE",2024-02-04,184,331,215,629,110,1131,40.95,1820.49999999999,34,2580.65,147,21609
"CE",2024-02-11,213,478,238,629,160.9,1148,55.9,2531,36.975,2531,265,70225
"CE",2024-02-18,305,568,262,629,191,1060,67.75,1612,39,2532.225,263,69169
"CE",2024-02-25,442,478,245,629,149,1148.2,56,2275.44999999999,39,2770,36,1296
"CE",2024-03-03,474,607,239,1490,74,2770,38.95,3528.85,20,4512,133,17689
"CE",2024-03-10,471,638.5,301,1716,107.9,2770,42,3268.99999999999,20,4512,167.5,28056.25
"CE",2024-03-17,493,586,321,1620,110,2770,45,3059.79999999999,21.95,4512,93,8649
"CE",2024-03-24,502,660,358.5,2082,113.6,2587,22,3135.04999999999,11,4512,158,24964
"CE",2024-03-31,826,694,396,1785,148.3,2770,43,3254,16,3695,132,17424
"CE",2024-04-07,890,1151,446,2114,142,2977,51.8,3596.2,26,4751,261,68121
"CE",2024-04-14,832,1175.5,456,2114,163,2977,79,3528,40.95,4751,343.5,117992.25
"CE",2024-04-21,662,1205,505,2344,176,2977,80,3745.34999999995,52,4751,543,294849
"CE",2024-04-28,666,1030,287,1858,111,2620.7,92,3591,76,5219.725,364,132496
"CE",2024-05-05,532,981,258.5,1970,94,2597.1,88.9,3691,62.925,5216,449,201601
"CE",2024-05-12,461,1104,369.75,2114,100,2595,94,4379,65,4751.575,643,413449
"CE",2024-05-19,420,1006.5,443,1970,107,2595,85.95,3529.25,65,4379,586.5,343982.25
"CE",2024-05-26,346,1065.5,446.75,1970,107,2879.5,71,4064,65,4286,719.5,517680.25
"CE",2024-06-02,351,830,503,1772,150.5,2325,65,2480.3,34,3241,479,229441
"CE",2024-06-09,366,731,458,1506.5,151,2325,77.95,2484.34999999999,34,3047,365,133225
"CE",2024-06-16,304,731,362,1355,93,2325,64.95,2478,23,2957,427,182329
"CE",2024-06-23,249,746,466,1491,130.5,2325,78.9,2381,45,2478,497,247009
"CE",2024-06-30,291,688,400,986,174.3,1491,53,1880,39,1898.7,397,157609
"CE",2024-07-07,233,700,400,1282,175,1582,72,1593,39,1593,467,218089
"CE",2024-07-14,184,753,261,1242,175,1331,65.95,1332.2,48.8,1582,569,323761
"CE",2024-07-21,145,609,261,1045,116,1331,61,1331,31,1331,464,215296
"CE",2024-07-28,176,463.5,226,848,126.5,1129,60.95,1331,39.975,1331,287.5,82656.25
"CE",2024-08-04,184,261,181,605,77,821,46.95,914,26,1129.05,77,5929
"CE",2024-08-11,153,445,181,755,61,821,39,821,24.975,987.474999999999,292,85264
"CE",2024-08-18,130,260,93,443,50,637,23,821,20,821,130,16900
"CE",2024-08-25,107,271,106.75,338,37,504,20,599,18,821,164,26896
"CE",2024-09-01,92,192,61,308,21,423,17,504,17,524,100,10000
"CE",2024-09-08,95,192,60,312,23,361,17.95,420,16,509,97,9409
"CE",2024-09-15,78,192,63,309,32.9,334,17,430.649999999999,15,509,114,12996
"CE",2024-09-22,90,192,66,271,34.9,320.5,20,443,14.975,511.399999999998,102,10404
"CE",2024-09-29,55,191,61,271,33,414,20,463.749999999999,14,605,136,18496
"DF",2023-10-08,252,33,23,120,13,435,13,437,11,485,219,47961
"DF",2023-10-15,355,33,20,120,13,426,13,469,11,469,322,103684
"DF",2023-10-22,281,27,13,120,12.8,365,11,391.749999999998,8,469,254,64516
"DF",2023-10-29,365,103,21,140,13,345.3,11,451.599999999999,11,510,262,68644
"DF",2023-11-05,503,67,20,125,11,175.9,11,417,11,469,436,190096
"DF",2023-11-12,590,36,22,128,17,152,11,290.599999999999,11,435,554,306916
"DF",2023-11-19,944,50,26,128,17,262,16,435,11,680,894,799236
"DF",2023-11-26,1255,67,24,166,19,379,11,548,11,599.15,1188,1411344
"DF",2023-12-03,1671,92,40,259,31,532,18,893,15,1437.225,1579,2493241
"DF",2023-12-10,2468,104,43,187,31.9,548,18,941,18,2047,2364,5588496
"DF",2023-12-17,2833,122,43,211.25,32,699.300000000001,18,1054.09999999999,18,2047,2711,7349521
"DF",2023-12-24,3680,124,43,228,32,784,18,1437,18,1761.55,3556,12645136
"DF",2023-12-31,8565,256,77,860,38,1783,24.95,2404.35,11,2612.925,8309,69039481
"DF",2024-01-07,8713,410,173,1225.75,91,2430,52.85,4222.34999999999,38,6021.39999999999,8303,68939809
"DF",2024-01-14,13135,588,214,1405,122,2718,71.95,4919,47.975,6622,12547,157427209
"DF",2024-01-21,19232,552,216.25,1338,131,2648.8,67.8,4512,30.9,6006,18680,348942400
"DF",2024-01-28,22583,503,214,1065,40.6,2301.5,0,6197,0,7648.99999999995,22080,487526400
"DF",2024-02-04,21745,282,79.25,1044,0,1821,0,2606,0,4019.925,21463,460660369
"DF",2024-02-11,21486,448,195,1246,0,2253,0,2908,0,3428.55,21038,442597444
"DF",2024-02-18,23166,444,158,1379,0,2548,0,3305,0,5632,22722,516289284
"DF",2024-02-25,21990,420,177,1379,6,3011,0,4342.89999999997,0,11654,21570,465264900
"DF",2024-03-03,19205,387,219,1223,52,2908,0,4037,0,7073,18818,354117124
"DF",2024-03-10,17170,376.5,219,1944.5,0,3305,0,4585,0,7073,16793.5,282021642.25
"DF",2024-03-17,15588,420,222,1989,49.9,3528,0,5412,0,7073,15168,230068224
"DF",2024-03-24,10347,511,237,2037.5,130,3916,4.85000000000001,5656.59999999998,0,7397,9836,96746896
"DF",2024-03-31,10614,657,237,2088,60,3916,2,6402.05,0,11202,9957,99141849
"DF",2024-04-07,9539,399,176,1932,56,3305,0,5632,0,7397,9140,83539600
"DF",2024-04-14,7332,516,117,1921.5,0,3305,0,5632,0,6403.3,6816,46457856
"DF",2024-04-21,5581,559,60,1932,0,3201,0,4718,0,6402,5022,25220484
"DF",2024-04-28,4417,436.5,56,1584.25,0,3305,0,4980.39999999999,0,8734.64999999998,3980.5,15844380.25
"DF",2024-05-05,3696,306,0,1932.75,0,3201,0,4714,0,5632,3390,11492100
"DF",2024-05-12,3192,319,1.75,1711,0,3201,0,4714,0,11907,2873,8254129
"DF",2024-05-19,2828,306,146,1473,0,2897.2,0,3305,0,4390,2522,6360484
"DF",2024-05-26,2019,536,181,1821,48.7,3524,0,3787,0,3787,1483,2199289
"DF",2024-06-02,1356,217,104.75,716,1,1392.5,0,1898,0,2253,1139,1297321
"DF",2024-06-09,886,244,91.5,958,1,1259,1,1984,0,2338.1,642,412164
"DF",2024-06-16,586,348,96,1004,1,1493,0,4689,0,6140,238,56644
"DF",2024-06-23,298,496,99,839,22,1520.2,20,2478,0,4689,198,39204
"DF",2024-06-30,344,379,146,651,63,1028,25,1491,22,1821,35,1225
"DF",2024-07-07,290,177,63,379,25,542,22,995.999999999997,22,1090,113,12769
"DF",2024-07-14,205,177,49,358,22,550.400000000001,22,1090,22,1090,28,784
"DF",2024-07-21,218,64,22,232,22,414.800000000001,22,681.849999999995,18,993,154,23716
"DF",2024-07-28,247,64,23.75,336,22,526,18,703,16,913,183,33489
"DF",2024-08-04,232,40,26,216.5,14,355,14,379,14,594.45,192,36864
"DF",2024-08-11,259,34,25,122,20,331,17,344.55,14,379.125,225,50625
"DF",2024-08-18,227,37,21,110,18,338,17,384,16,594,190,36100
"DF",2024-08-25,196,26,20,54.25,18,196,17,362,15.975,384,170,28900
"DF",2024-09-01,184,21,17,40,13,302,12.9,380.849999999998,11,611,163,26569
"DF",2024-09-08,193,24,16,106,15,244.500000000001,11,372.25,11,416.25,169,28561
"DF",2024-09-15,181,20,16,38,11,303,10,416,10,416,161,25921
"DF",2024-09-22,199,31,16,38,11,140,11,365,10,416,168,28224
"DF",2024-09-29,186,30,26,125,14,426,13,485,11,485,156,24336
"ES",2023-10-08,791,81,33,140,0,255,0,437,0,660,710,504100
"ES",2023-10-15,864,94,34,179.5,11,365,0,469,0,660,770,592900
"ES",2023-10-22,790,128,40,166.5,15,365,0.900000000000006,469,0,874,662,438244
"ES",2023-10-29,842,87,29,189,0,426,0,879,0,879,755,570025
"ES",2023-11-05,1028,131.5,38,249.75,11,365,0,874.25,0,889,896.5,803712.25
"ES",2023-11-12,805,154,68,252,13.9,437,0,889,0,928,651,423801
"ES",2023-11-19,944,154,68,367,21,889,8,889,0,1004,790,624100
"ES",2023-11-26,914,177,84,389.5,24.9,889,13,982.149999999999,5.85000000000001,1120,737,543169
"ES",2023-12-03,931,167,47.75,532,13,1120,13,1761,12.975,1882,764,583696
"ES",2023-12-10,904,212,103.5,676,32,1761,13,1882,12,2170.29999999999,692,478864
"ES",2023-12-17,831,407,114,786.75,45,1761,18.95,1882,12.975,2611,424,179776
"ES",2023-12-24,609,354.5,114,676,38,1761,22,1882,11.975,2611,254.5,64770.25
"ES",2023-12-31,29,204,82.25,786,38,1783,20,1882,10,2443,175,30625
"ES",2024-01-07,1459,537,190,1216,50,2378,0,4419,0,6207.62499999999,922,850084
"ES",2024-01-14,2078,584,214,1302,59,2643,0,5286.05,0,6622,1494,2232036
"ES",2024-01-21,2567,503,201,1044,0.900000000000006,2378,0,4222.34999999999,0,6622,2064,4260096
"ES",2024-01-28,3586,1054,240,2483,112,4512,13,6464,0,6701.47499999999,2532,6411024
"ES",2024-02-04,4443,1059.5,263.75,2718,77,3217,0,4971.8,0,6686,3383.5,11448072.25
"ES",2024-02-11,6337,1054,327,2718,161,3217,111.65,4968,33.675,5910.19999999999,5283,27910089
"ES",2024-02-18,8708,448,192,2418,155,3217,83,4245.04999999999,8,8040,8260,68227600
"ES",2024-02-25,10880,448,247,1494,161,4015,112,5199.85,8,6100.525,10432,108826624
"ES",2024-03-03,11438,981,247,2078,125,4067,49,5737,0,7136.525,10457,109348849
"ES",2024-03-10,11994,1254,255,2078,191.6,4968,85,6277,0,9657,10740,115347600
"ES",2024-03-17,11040,1389,283,2140,206.8,5391.70000000001,77,7469.79999999993,0,9657,9651,93141801
"ES",2024-03-24,8520,1721,499,2357.25,222,6277,123,6423,6.925,9657,6799,46226401
"ES",2024-03-31,8889,1721,529,2918.5,244.2,5632,62,6403,2.975,7397,7168,51380224
"ES",2024-04-07,7381,1692,381.25,3305,176,6277,12,6403,0,9657,5689,32364721
"ES",2024-04-14,6700,1447,296,2663,82.5,5632,0,6403,0,10745,5253,27594009
"ES",2024-04-21,5408,1230.5,272,2788,5.90000000000001,5199,0,6403,0,10230.2,4177.5,17451506.25
"ES",2024-04-28,4792,1194,246.5,2663,0,5199,0,5632,0,8527,3598,12945604
"ES",2024-05-05,4824,564,112,1782,0,4231,0,5632,0,6278.975,4260,18147600
"ES",2024-05-12,4189,763,188,2048,0,4231,0,5637.25,0,6356,3426,11737476
"ES",2024-05-19,3385,536,125,1511,0,2989,0,4231,0,5773,2849,8116801
"ES",2024-05-26,2372,520,193,1415.5,0,3349.2,0,3798.39999999999,0,5437,1852,3429904
"ES",2024-06-02,2365,272.5,135,716,1,1752,0,2749,0,3150.825,2092.5,4378556.25
"ES",2024-06-09,2021,551,146,958,2,2038.2,0,2605,0,3113,1470,2160900
"ES",2024-06-16,1710,496,146,1004,1,2381,0,2478,0,3790,1214,1473796
"ES",2024-06-23,1455,669,260,1327,22,2478,0,2478,0,2492.35,786,617796
"ES",2024-06-30,1276,606,240,958,43,2047,0,2381,0,3167,670,448900
"ES",2024-07-07,1001,175,49,529.25,0,1026,0,1193,0,1491,826,682276
"ES",2024-07-14,905,177,49,624.25,0,1053,0,1185,0,1331,728,529984
"ES",2024-07-21,824,177,67,560.75,22,1023,0,1026,0,1058.8,647,418609
"ES",2024-07-28,676,192,71,631,22,924.4,10.95,1023,0,1058,484,234256
"ES",2024-08-04,610,126,45,279,21.9,683,14,683.55,0,924,484,234256
"ES",2024-08-11,550,126,32,214,20,525,0,683,0,795,424,179776
"ES",2024-08-18,547,117,37,332,20,525,0,761.4,0,795,430,184900
"ES",2024-08-25,501,90,26,249,17,463,0,525.2,0,795,411,168921
"ES",2024-09-01,526,74,20,140,5.40000000000003,363,0,443,0,611,452,204304
"ES",2024-09-08,480,74,20,159,0,363,0,427.799999999999,0,611,406,164836
"ES",2024-09-15,535,74,20.75,160,0,342.2,0,443,0,611,461,212521
"ES",2024-09-22,553,74,24,157,0,294,0,469.45,0,660,479,229441
"ES",2024-09-29,587,85,30,160,0,416.1,0,660,0,660,502,252004
"GO",2023-10-08,680,415,309,478,229,578.1,193,762,63.9,902,265,70225
"GO",2023-10-15,816,451,352,578,194,762,193,867,59.775,867,365,133225
"GO",2023-10-22,769,463,351,579,193,762,152,762,64,867,306,93636
"GO",2023-10-29,769,558,310.5,658,193,755,103,949,63.825,949,211,44521
"GO",2023-11-05,1053,557,323,723,128,949,80,949,47,999,496,246016
"GO",2023-11-12,951,557,242,680,125,949,65.9,999.25,36,1165,394,155236
"GO",2023-11-19,1170,661,362,999,166,1083,58.85,1565,35.95,1565,509,259081
"GO",2023-11-26,1332,599,260,676,166,1013,64,1332.94999999999,32,2047,733,537289
"GO",2023-12-03,1198,599,331,999,104,1446,47,2047,32,2047,599,358801
"GO",2023-12-10,993,680,304,968,82,1698.8,43,2047,33,2611,313,97969
"GO",2023-12-17,706,680,304,1043,74,1761,43,2611,37.85,3129,26,676
"GO",2023-12-24,1203,599,304,1246,71,1754,43,2611,32,3020,604,364816
"GO",2023-12-31,3670,734.5,143,1114,45.9,1783,32,2611,8.975,3413.65,2935.5,8617160.25
"GO",2024-01-07,4031,734,250,1554,84,4419,60,6006,42.975,6686,3297,10870209
"GO",2024-01-14,5399,806,266,2268,106,5044,68,6622,46.95,6686,4593,21095649
"GO",2024-01-21,8373,806,266,2179,122,5044,61,6686,40.925,7320.02499999999,7567,57259489
"GO",2024-01-28,12515,1558,548.25,4159,126,6464,47.95,7605.84999999999,15.9,9794,10957,120055849
"GO",2024-02-04,14475,1520.5,602,3189,143.3,6464,47.95,8149,0,11464,12954.5,167819070.25
"GO",2024-02-11,16496,1874,689.75,3189,192,6056,112,8149,56,11907,14622,213802884
"GO",2024-02-18,18879,1497,297,3228.75,155,8040,112,9483.14999999999,50.95,12492,17382,302133924
"GO",2024-02-25,19539,1798.5,448,4015,161,7461.30000000001,112,10217,20.8,14384,17740.5,314725340.25
"GO",2024-03-03,19170,1862,528,3344.75,125,8240.10000000001,5.75000000000001,11381,0,11959.65,17308,299566864
"GO",2024-03-10,20213,1797,528,3305,92,8217,0,10544,0,12492,18416,339149056
"GO",2024-03-17,19441,2055,617,3548,107.3,9657,30,11381,0,12592.325,17386,302272996
"GO",2024-03-24,15771,2275,831,3640.75,221.7,8711,34,11009.7,0.975000000000001,14617.2249999999,13496,182142016
"GO",2024-03-31,19248,2423,777,4614,176,11007,4,17739,0,28970.375,16825,283080625
"GO",2024-04-07,19706,2423,511,5348,120.9,10544,0,11202,0,20562.45,17283,298702089
"GO",2024-04-14,19600,2611,559,5632,5.90000000000001,10175,0,11007,0,17899,16989,288626121
"GO",2024-04-21,17751,2779,612.75,5710,5,10175,0,11907,0,20525,14972,224160784
"GO",2024-04-28,17278,2396,711.25,4003,125,6403,6,9894,0,10757.85,14882,221473924
"GO",2024-05-05,15524,1824.5,315.75,3923,57,6067,0,8758.29999999996,0,10544,13699.5,187676300.25
"GO",2024-05-12,12494,1779,550,4003,125,6356,0,6356,0,9902.07499999999,10715,114811225
"GO",2024-05-19,9812,1306,308,2586.25,49,5948.9,0,6356,0,8156.47499999999,8506,72352036
"GO",2024-05-26,6750,1224,267,2585,119.2,4692,9,6074,0,6356,5526,30536676
"GO",2024-06-02,5701,716,348,1414,145.1,2063,23,4365,0,6140,4985,24850225
"GO",2024-06-09,4835,868,348,1277,146,2582,19,4365,1,6140,3967,15737089
"GO",2024-06-16,3569,1077,508,1529.75,146,4365,30,6140,0,6140,2492,6210064
"GO",2024-06-23,2733,843,496,1821,216.7,2487,98,4689,19.525,6140,1890,3572100
"GO",2024-06-30,2521,606,382,1319,256,1491,218.75,2430,80.6,2430,1915,3667225
"GO",2024-07-07,1817,482,256,779.75,192,1090,63,1389,25.975,1491,1335,1782225
"GO",2024-07-14,1420,440,235,993,192,1090,77.75,1331,22,1493.275,980,960400
"GO",2024-07-21,1355,446,219,893,176,993,25.8,1090,22,1689,909,826281
"GO",2024-07-28,1398,445,232,793,177,993,40,1004,22,1389,953,908209
"GO",2024-08-04,1072,357,232,534,180,663,155,913.749999999999,90.7000000000001,993,715,511225
"GO",2024-08-11,1001,378,279,460,180,612,155,836,155,836,623,388129
"GO",2024-08-18,912,344,268,477,155,594,155,795,99.0000000000001,795,568,322624
"GO",2024-08-25,789,297,206,430,155,492,155,594,49.675,798.574999999997,492,242064
"GO",2024-09-01,801,302,231,371,155,438,22.7,938,17,955,499,249001
"GO",2024-09-08,825,351,268,417,229,578,155,938,20,938,474,224676
"GO",2024-09-15,744,371,268,425,221,552,187,952.15,37,955,373,139129
"GO",2024-09-22,631,268,253,415,231,437,193.95,586,39.925,621,363,131769
"GO",2024-09-29,656,415,309,528,229,639,193,902,47.8,902,241,58081
"MA",2023-10-08,24,36,14,88,9,195.6,6,228,5,238,12,144
"MA",2023-10-15,22,53,19,107,6,228,6,238,5,262,31,961
"MA",2023-10-22,8,53,21,74,9.80000000000001,228,6,232,5,238,45,2025
"MA",2023-10-29,16,56,21,83,12,198,5,235,5,238,40,1600
"MA",2023-11-05,25,74,41,103,12,114,8,228,8,319,49,2401
"MA",2023-11-12,21,72,29.25,103,15,114,12,195,6,319,51,2601
"MA",2023-11-19,28,72,25.75,94,18,160,12,227.05,8.975,491,44,1936
"MA",2023-11-26,35,51,22,88,17.9,160,10,171.35,4.975,261.774999999998,16,256
"MA",2023-12-03,11,84,24,160,16,178,4,367,4,492.424999999999,73,5329
"MA",2023-12-10,17,103,41,160,17,227,15,491,4,805,86,7396
"MA",2023-12-17,5,81,26,160,17,231.200000000001,11.9,805,4,805,76,5776
"MA",2023-12-24,13,74,41,160,17,367,14,805,5,805,61,3721
"MA",2023-12-31,53,63,32,93,16,180,11,264,4,567,10,100
"MA",2024-01-07,82,567,180,828,51,938,42.9,938,28,938,485,235225
"MA",2024-01-14,83,699,264,938,51,938,51,938,28,938,616,379456
"MA",2024-01-21,75,828,472,938,62.6,938,39,938,28,938,753,567009
"MA",2024-01-28,124,160,59,223,39,828,28,938,17.875,938,36,1296
"MA",2024-02-04,214,162,59,276,51,938,35,1286,17,1380,52,2704
"MA",2024-02-11,397,223,129,276,59,1380,51,1380,27.9,1901.84999999999,174,30276
"MA",2024-02-18,602,223,161,276,59,1233,37,1380,26.925,2518,379,143641
"MA",2024-02-25,747,191,71,276,37,1233,24,1380,13,2257.425,556,309136
"MA",2024-03-03,768,182,87,390,31,1739,24,1915,20.975,2247.15,586,343396
"MA",2024-03-10,933,198,79,505,30,1666,24,1915,20,3532.025,735,540225
"MA",2024-03-17,1053,162,71,505,24,1493,24,1786.05,16,2430,891,793881
"MA",2024-03-24,744,221,87,466,24,1278,24,1739,20,2078,523,273529
"MA",2024-03-31,844,222,96,1219,24,1666,24,1739,16.875,2083.4,622,386884
"MA",2024-04-07,772,348,104.75,1219,37,1666,24,1739,19,2430,424,179776
"MA",2024-04-14,668,251,100,1278,47,1666,24,1666.25,19.975,2430,417,173889
"MA",2024-04-21,447,150.5,100,1219,50,1666,24,1739,20,2430,296.5,87912.25
"MA",2024-04-28,375,134,85,326,39.7,484,21.95,955.099999999999,12,1314,241,58081
"MA",2024-05-05,311,150,88,358.75,37.9,484,20,871,12,1316,161,25921
"MA",2024-05-12,216,151,88,396,28,589,20,874.349999999997,16,1316,65,4225
"MA",2024-05-19,204,143,61,354,20,722.200000000001,20,954,20,1316,61,3721
"MA",2024-05-26,133,143,59,276,20,719,20,756,20,1151.85,10,100
"MA",2024-06-02,108,108,67,211,22,395,19,611,11,942.574999999996,0,0
"MA",2024-06-09,88,103,34,174,19,338.1,12,518,8,683.125,15,225
"MA",2024-06-16,92,99,36,150,19,395,14.9,518,8,652,7,49
"MA",2024-06-23,63,68,33,153.25,17,335.5,12,431,9,531.525,5,25
"MA",2024-06-30,48,59,15,145,12,321,12,431,12,683.125,11,121
"MA",2024-07-07,37,47,15,145,12,228.4,12,317,10,606,10,100
"MA",2024-07-14,23,39.5,12,115,12,196.4,12,264.15,9,400.425,16.5,272.25
"MA",2024-07-21,27,40,15,82,12,200,10,278,8,389.275,13,169
"MA",2024-07-28,27,49,22,85,12,264,11,282,8,367,22,484
"MA",2024-08-04,28,51,33,105,12.9,270,9,314,8,328,23,529
"MA",2024-08-11,24,46,33,83,12,269,8.95,314,6,367,22,484
"MA",2024-08-18,25,46,27,83,11.9,269,8,304.1,6,314,21,441
"MA",2024-08-25,27,48,25,88,9,252,8,269,6,270.849999999999,21,441
"MA",2024-09-01,20,39,21,83,8,228,8,269,6,269,19,361
"MA",2024-09-08,24,36,18,74,8,195,7,269,6,269,12,144
"MA",2024-09-15,24,25,14,69,8,182.1,6,202,6,228.35,1,1
"MA",2024-09-22,17,25,9.75,69.25,8,182,8,201,6,228,8,64
"MA",2024-09-29,20,44,17,125,9,195,8,202,5,228,24,576
"MG",2023-10-08,1203,140,86,243,34,330,23,417,16,437,1063,1129969
"MG",2023-10-15,1547,146,96,251,35,365,24.95,464,19,469,1401,1962801
"MG",2023-10-22,1730,151,112,209,35.9,357.5,24,464,18.975,469,1579,2493241
"MG",2023-10-29,1921,199,138,300.5,35,384,25,477.05,18.975,608.075,1722,2965284
"MG",2023-11-05,2914,205,130.5,320,36,402.2,25,544,16,697,2709,7338681
"MG",2023-11-12,3016,208,160.75,303.75,51,544,26,697,17,954,2808,7884864
"MG",2023-11-19,4362,318,183,415,50,889,31,1004,22,1004,4044,16353936
"MG",2023-11-26,5006,365,188,415,60,889,26,1004,22,1321.15,4641,21538881
"MG",2023-12-03,5472,277,161,548,62.7,1154.3,26.95,1852.55,18,1882,5195,26988025
"MG",2023-12-10,6086,367,176.75,651,93.6,1851,53,2611,31.975,2611,5719,32706961
"MG",2023-12-17,4756,410,199,738,77,1882,38.95,2611,23,3129,4346,18887716
"MG",2023-12-24,5562,360,134,761,45.9,1882,31,2611,22,3129,5202,27060804
"MG",2023-12-31,18361,281.5,77,676,38,1783,20,2405,11,3556.3,18079.5,326868320.25
"MG",2024-01-07,23289,717,264,1107,97,2712,54.95,6622,36.925,9794,22572,509495184
"MG",2024-01-14,35679,727,254.75,1289.25,97,4919,51.9,8617,42.75,14330,34952,1221642304
"MG",2024-01-21,54266,602,226,1276,78,4683,43,9794,20.85,14330,53664,2879824896
"MG",2024-01-28,75435,1114.5,359,6140,156,9794,55,16231,21.975,21598,74320.5,5523536720.25
"MG",2024-02-04,89803,828,399.75,3213,67,11654,7,23145,0,26548,88975,7916550625
"MG",2024-02-11,102825,1249,589,3213,221.6,13151,51.8,25738,8,38014,101576,10317683776
"MG",2024-02-18,127746,1559,577,6561,134.9,19208,6,34344,0,42453,126187,15923158969
"MG",2024-02-25,134412,2061,743,10219.25,195.9,25738,70.65,28188,0,34344,132351,17516787201
"MG",2024-03-03,135296,2123,728.75,4430,221.7,11654,80.75,25050.2,0,34344,133173,17735047929
"MG",2024-03-10,136191,2055,764,4220,219,12500.6,33.9,22052,0,34344,134136,17992466496
"MG",2024-03-17,138287,2078,775.25,4220,222,14333.1,43,31468,5,34344,136209,18552891681
"MG",2024-03-24,103743,2970,684.75,6430.75,236,26214.3,43,34344,34,36697,100773,10155197529
"MG",2024-03-31,106759,3035,828.5,6889,236,28373,43,36697,5.975,36697,103724,10758668176
"MG",2024-04-07,97286,2118,768.5,6402,176,13575,52.5,32519,5,37136,95168,9056948224
"MG",2024-04-14,76286,2118,744.75,6402,106.6,13681,34,26226.3999999998,0,32519,74168,5500892224
"MG",2024-04-21,60440,2055,764,6454,60,13575,34,22023,0,25995,58385,3408808225
"MG",2024-04-28,55118,2650,703,6954,81,16117,31.55,22061.7,0,31468,52468,2752891024
"MG",2024-05-05,45496,2055,583.5,6454,81,11907,0.950000000000003,17565,0,23213.4999999999,43441,1887120481
"MG",2024-05-12,35092,1526,556,6954,181,11907,31,23145,0,30007,33566,1126676356
"MG",2024-05-19,26097,1019,487,2989,181,13590.7,103,23281.9999999999,8.975,30007,25078,628906084
"MG",2024-05-26,15334,1477,530,2614,191,23145,93,23145,9,23145,13857,192016449
"MG",2024-06-02,10445,604,362.25,1414,49,4365,1,4851,0,6261,9841,96845281
"MG",2024-06-09,7644,843,366,1472,56,4365,22,5239,1,6140,6801,46253601
"MG",2024-06-16,5421,843,366,1390.25,134,4689,36.7,6140,1,6140,4578,20958084
"MG",2024-06-23,3838,795,254,1232.25,133.9,3167,67.4,4689,28.95,5760.72499999999,3043,9259849
"MG",2024-06-30,2926,592,318,1028,167,1319,46.8,3167,26,3167,2334,5447556
"MG",2024-07-07,2010,276.5,156,554,25,1090,19.95,1090,11.7,1242,1733.5,3005022.25
"MG",2024-07-14,1644,304,156,694,22,1090,22,1090,21.975,1090,1340,1795600
"MG",2024-07-21,1127,270.5,112,554,22,931.400000000001,21,1090,18,1090,856.5,733592.25
"MG",2024-07-28,1053,264,107,529,22,789,20.95,1090,18,1090,789,622521
"MG",2024-08-04,864,180,109,355.5,27,403,22,544,17,789,684,467856
"MG",2024-08-11,828,153,98,328,22,357.1,17,392.1,16,663.55,675,455625
"MG",2024-08-18,945,140,103,294,22,351,19,371,16,613.149999999998,805,648025
"MG",2024-08-25,712,120,94.75,239,19,344,19,371,16,439,592,350464
"MG",2024-09-01,827,151,100,273,24,330,19,371.05,17,426,676,456976
"MG",2024-09-08,800,158,103,296,33.8,330,20,377,18.975,426,642,412164
"MG",2024-09-15,893,151,113.5,282,32,330,22,371.05,19,417,742,550564
"MG",2024-09-22,856,148,112,253,32,327,20.95,372,17,417,708,501264
"MG",2024-09-29,891,151,104,255,34,327,20.95,377,15,437,740,547600
"MS",2023-10-08,53,41,31,112,25,155.5,21,333,15,333,12,144
"MS",2023-10-15,99,41,31,112,25,276,23,333,17,347.45,58,3364
"MS",2023-10-22,87,51,32,142,25,333,24,333,18,372.099999999999,36,1296
"MS",2023-10-29,72,55,38,177.25,25,279,23.95,347,18,443.3,17,289
"MS",2023-11-05,73,64,38,181.75,25,320,22,455,17,553,9,81
"MS",2023-11-12,79,74,38,227.25,24,493.7,19,553,15,711.774999999999,5,25
"MS",2023-11-19,86,74,45.5,279,22,711,21,1004,17,1004,12,144
"MS",2023-11-26,94,148,47,372,22,766,22,1016.5,17,1327,54,2916
"MS",2023-12-03,117,108,66.75,367,36,975.500000000002,22,1882,18,1882,9,81
"MS",2023-12-10,112,108,60,440,36,1761,23.95,1882,18,2611,4,16
"MS",2023-12-17,104,129,60,689,38,1754,27.95,1882,18,2611,25,625
"MS",2023-12-24,80,196,53,786,32,1697.2,18,1882,5,2611,116,13456
"MS",2023-12-31,193,167.5,50,786,33,1783,11,2572,7,2688,25.5,650.25
"MS",2024-01-07,269,264,98,1231,65,4419,50,6006,37.975,6622,5,25
"MS",2024-01-14,383,272,122,1943.5,70,6006,51.95,6036.79999999997,37.975,6686,111,12321
"MS",2024-01-21,484,264,122,1338,74,4512,43,6622,37,7594,220,48400
"MS",2024-01-28,470,685.5,156,2547,79,6464,47,7594,21,7594,215.5,46440.25
"MS",2024-02-04,571,817,160.5,3189,74,4707,50.85,7305,34,11061,246,60516
"MS",2024-02-11,820,743,214.5,3189,113.8,5216,74,7831,52,11659.35,77,5929
"MS",2024-02-18,808,613.5,172.5,2902,77,4707,57,9727.19999999994,52,12492,194.5,37830.25
"MS",2024-02-25,881,686,192,2228,91,4819,52,11061,41.925,13213,195,38025
"MS",2024-03-03,1031,880,248,3078,90.4,5216,68,9727.19999999994,43.875,13213,151,22801
"MS",2024-03-10,1211,1239,327,3262,92,6849,79,11061,41,13213,28,784
"MS",2024-03-17,1186,1029,207,3262,91,9657,84.9,11061,38.925,13229.65,157,24649
"MS",2024-03-24,1013,1221,207,3485,91,9657,64.9000000000001,12492,24,15646,208,43264
"MS",2024-03-31,1088,1363,207,3886,85,11061,41,13213,5,15675.15,275,75625
"MS",2024-04-07,1167,1316,255,3684,85,12492,41,13879,24,17899,149,22201
"MS",2024-04-14,953,1363,326.75,3684,85,12492,41,13310,34,14836,410,168100
"MS",2024-04-21,928,1363,332,3321,115,11061,59.1,12492,33.95,13879,435,189225
"MS",2024-04-28,966,1212,332,2430,175,3770,85,9894,34,12492,246,60516
"MS",2024-05-05,1044,955,248,1564,155,3321,82.8,5216,73.85,12492,89,7921
"MS",2024-05-12,860,901,224,1564,85,3227,76.95,4783.69999999999,40.95,12492,41,1681
"MS",2024-05-19,486,1095,175,1498,77,2083.1,77,3528,42.95,5225.49999999999,609,370881
"MS",2024-05-26,269,401,154.75,1224,79,1759,55.85,3321,40.9,4064,132,17424
"MS",2024-06-02,229,178,47,590,22,1280,13,1990.5,13,2607.9,51,2601
"MS",2024-06-09,324,194,42,475,37,1178,19,1854,13,2582,130,16900
"MS",2024-06-16,245,196,45.75,423,37,1290.1,22,2232,12,2430,49,2401
"MS",2024-06-23,141,194,62.5,296.25,37,754,22,1158.55,16,1963,53,2809
"MS",2024-06-30,87,219,43,436,34,754,20,1340.55,18.9,1491,132,17424
"MS",2024-07-07,49,192,33,425,20,754,19,1090,15,1389,143,20449
"MS",2024-07-14,40,231,34,440,22,793,20,1090,15,1389,191,36481
"MS",2024-07-21,41,192,34,424,22,793,15,949,15,1090,151,22801
"MS",2024-07-28,50,182,47,445,22,793,20,913,15,1004,132,17424
"MS",2024-08-04,28,37,26.75,113,19,279,16,379,14,695.474999999999,9,81
"MS",2024-08-11,27,43,22,126,18,198,14.95,331,7,534,16,256
"MS",2024-08-18,30,52,20,104,16,198,16,332,16,594,22,484
"MS",2024-08-25,22,31.5,19,64,18,198,16,244.25,12,362.225,9.5,90.25
"MS",2024-09-01,15,35,21,80,18,165.3,16,273,13,371,20,400
"MS",2024-09-08,21,52,25,88,19,180,13,334.449999999999,11,377,31,961
"MS",2024-09-15,39,40,27,80,19,104,12.95,181,12,364.175,1,1
"MS",2024-09-22,39,51,32,87,24,104,19,155.25,15.975,276,12,144
"MS",2024-09-29,27,104,37,125,25,229,24,330,15,437,77,5929
"MT",2023-10-08,130,83,62,193,51,228,50.9,228,22,228,47,2209
"MT",2023-10-15,163,187,65,228,59,238,51,238,42,238,24,576
"MT",2023-10-22,168,127,61,228,56,232,51,238,31,238,41,1681
"MT",2023-10-29,143,95,57,195,54,235,48.8,238,29.85,238,48,2304
"MT",2023-11-05,207,107,73,135,56,238,41,319,11.975,351,100,10000
"MT",2023-11-12,175,103,76,178,56,384,32,465,12,491,72,5184
"MT",2023-11-19,237,114,84,228,57,491,24,491,11.975,575,123,15129
"MT",2023-11-26,250,102,83,178,23.8,491,8,713,8,805,148,21904
"MT",2023-12-03,273,107,76,160,22,491,14,805,4,805,166,27556
"MT",2023-12-10,226,107,79,160,22,635,16,805,5,1120,119,14161
"MT",2023-12-17,89,121,65,384,17,805,14,809.949999999995,5,1120,32,1024
"MT",2023-12-24,172,115,54.75,382.5,17,805,15,967,5,1120,57,3249
"MT",2023-12-31,576,107,37,280,16.9,805,9,1120,6,1120.275,469,219961
"MT",2024-01-07,621,315.5,68.75,474,43,938,18,1498,8,1498,305.5,93330.25
"MT",2024-01-14,897,340,86,474,51,938,21,1448.6,13,1498,557,310249
"MT",2024-01-21,1062,375,92.75,474,55,938,21,1446,18,1690,687,471969
"MT",2024-01-28,1302,304,162,977.75,69.8,1671,33.95,1959,19,3664.04999999999,998,996004
"MT",2024-02-04,1522,360,181.75,1063,77,1890,42.95,1959,19,2035.425,1162,1350244
"MT",2024-02-11,1654,369,231,1742,80,1893,53.9,1941,24,2337.625,1285,1651225
"MT",2024-02-18,1921,369,231,1255,100.8,1893,48.9,1941,37,2262,1552,2408704
"MT",2024-02-25,1801,360,266,643,106,1768,49,2262,24,2262,1441,2076481
"MT",2024-03-03,1569,369,211,708.5,100,1529.3,50.95,1771,21,1925,1200,1440000
"MT",2024-03-10,1687,339,208,753,88,1494,47,1771,23.925,2035.79999999999,1348,1817104
"MT",2024-03-17,1659,327,200,716.75,86,1493.1,37,1771,21,2121.52499999999,1332,1774224
"MT",2024-03-24,1315,364.5,200,989,87,1493,37,1771,21,2114,950.5,903450.25
"MT",2024-03-31,1902,385.5,198.5,1096,86.6,1493,35.9,1808,12,3313.24999999999,1516.5,2299772.25
"MT",2024-04-07,1866,371,188,1069,82.8,1493,29.85,1808,12,3313.24999999999,1495,2235025
"MT",2024-04-14,2090,371,169,1093.75,81,1493,24,1808,12,3117.27499999999,1719,2954961
"MT",2024-04-21,2077,344,150,1075,77,1708.6,20,1808,12,2311.175,1733,3003289
"MT",2024-04-28,2354,344,187,669,92,1341,36.95,1574.19999999999,14.925,2078.9,2010,4040100
"MT",2024-05-05,2347,435,187,669,80,1150,35.85,1493,12,1854.9,1912,3655744
"MT",2024-05-12,1823,496,181,823,80,1150,37.95,1493,12,1854,1327,1760929
"MT",2024-05-19,1421,496,143,823,80,1054,38,1316,20,1835,925,855625
"MT",2024-05-26,830,395,129,756,71,939,27.95,1185.75,20,1689.775,435,189225
"MT",2024-06-02,1002,152,79,529.75,52,639,32,683,21,939,850,722500
"MT",2024-06-09,845,210,67,493,52,611,30,641,16,836,635,403225
"MT",2024-06-16,841,196,67,445,52,639,30,641,21.975,683.125,645,416025
"MT",2024-06-23,579,166,58,349,33,493,16,639,12,652,413,170569
"MT",2024-06-30,582,175,53,294.75,33,431,33,451,22,606,407,165649
"MT",2024-07-07,391,92,55,228,33,278,33,321,18.95,431,299,89401
"MT",2024-07-14,256,83,56,195,42.9,200.1,33,278,12,278,173,29929
"MT",2024-07-21,299,76,48,149,39,200,24,228,10,278,223,49729
"MT",2024-07-28,284,76,56,135,45,200,33,228,19.975,278,208,43264
"MT",2024-08-04,226,62,48,77,45,141.3,43,201.399999999999,37,306,164,26896
"MT",2024-08-11,164,62,48,82,44,134.1,40,144,36,228,102,10404
"MT",2024-08-18,146,56,48,114,44,134,36,228,36,260,90,8100
"MT",2024-08-25,138,60,47,109,36,141,36,183,36,201.674999999999,78,6084
"MT",2024-09-01,147,81,60,106,47,131,43,195,43,228,66,4356
"MT",2024-09-08,116,80,60,106,47,131,46,195,43,228,36,1296
"MT",2024-09-15,138,62,49,92,47,131,46,195,45,228,76,5776
"MT",2024-09-22,76,66,56,131,47,187,46,195,46,201,10,100
"MT",2024-09-29,98,89,62,195,51,228,23,238,11.95,238,9,81
"PA",2023-10-08,45,51,14,78,12,195,12,228,11,257,6,36
"PA",2023-10-15,57,51,14,108.75,13.9,228,12,238,12,267.674999999999,6,36
"PA",2023-10-22,39,52,31,149,14,237,12,257,12,257,13,169
"PA",2023-10-29,37,54,28,156,14,287,12,364,6,578,17,289
"PA",2023-11-05,48,76,28,185,14,382,6.95,578,3,635,28,784
"PA",2023-11-12,55,109,30,287,13.9,578,3,635,3,635,54,2916
"PA",2023-11-19,62,114,53,491,5,635,3,635,2,635,52,2704
"PA",2023-11-26,75,159,39.75,578,3,635,3,635,3,635,84,7056
"PA",2023-12-03,64,149,30,240,3,635,3,635,2,635,85,7225
"PA",2023-12-10,56,139,27.75,240,5,635,3,635,3,805,83,6889
"PA",2023-12-17,34,111,17,227,5,635,3,805,3,805,77,5929
"PA",2023-12-24,49,91,16,215.75,5,635,3,805,3,805,42,1764
"PA",2023-12-31,181,91,32,189,9,240,3,523,2,635,90,8100
"PA",2024-01-07,234,340,65.5,374,13,443,1,788,1,1029,106,11236
"PA",2024-01-14,327,374,104,439,38,567,6,938,1,1428,47,2209
"PA",2024-01-21,387,383,102,443,38,788,13,938,1,1428,4,16
"PA",2024-01-28,595,163,97,443,32.6,1018.3,11,1273.3,2,1752,432,186624
"PA",2024-02-04,681,182,117,394,33.7,788,12,1066,4,1731,499,249001
"PA",2024-02-11,1071,211,119,535,17.9,786,8.95,1243,1,1874.475,860,739600
"PA",2024-02-18,1172,211,137,567,24,688,6,1197.4,1,1874,961,923521
"PA",2024-02-25,1243,211,137,478.5,19.9,786,6.95,1243.45,3.975,1915,1032,1065024
"PA",2024-03-03,1139,172.5,119,334.5,21,535,4,811,1,1493,966.5,934122.25
"PA",2024-03-10,1183,211,119,370.25,24,659.1,8,1493,2,1782.225,972,944784
"PA",2024-03-17,1134,207,119,349,24,535,5,1368,1,1768,927,859329
"PA",2024-03-24,947,200,119,379.25,24,501,5,1055.9,2,1768.35,747,558009
"PA",2024-03-31,1041,211,119,431,24,475,4,788.949999999999,2,1566.55,830,688900
"PA",2024-04-07,873,249,138,418.5,31.8,475,4,793.949999999995,2,1525.25,624,389376
"PA",2024-04-14,834,242,138,349,24,475,4,960.699999999995,2,1493.8,592,350464
"PA",2024-04-21,655,242,119,284,24,463.1,5,955,2,1704.625,413,170569
"PA",2024-04-28,541,174,94.25,283,23,371,5,719,2,1493,367,134689
"PA",2024-05-05,521,171.5,92,283,23,375.8,4,719,2,955,349.5,122150.25
"PA",2024-05-12,426,137,78,242,20,470.5,4,719,1,1200.95,289,83521
"PA",2024-05-19,341,96.5,76,207,20,475,4,756,2,1055.725,244.5,59780.25
"PA",2024-05-26,253,104,76,159.25,24,368,18,720.599999999999,5,780,149,22201
"PA",2024-06-02,334,104,59,165,19,309,11,565,4.975,728.699999999999,230,52900
"PA",2024-06-09,328,107,46,186,19,309,8,504,3,652,221,48841
"PA",2024-06-16,281,104,46,174,19,309,8.95,445,6,611,177,31329
"PA",2024-06-23,269,107,46,166,17,278,9,431,7.975,518,162,26244
"PA",2024-06-30,255,71,33,175,20,270.8,12,395,3.975,606,184,33856
"PA",2024-07-07,233,68,40,107,23.9,187,12,261,9.95,317,165,27225
"PA",2024-07-14,199,50,35,107,24,175,12,219,10,278,149,22201
"PA",2024-07-21,184,49,35,106.25,23.9,175.1,12.95,222,8,281.325,135,18225
"PA",2024-07-28,196,49,40,94,27.8,193.2,14,265,9.975,306.275,147,21609
"PA",2024-08-04,188,58,43,83,16,252,12,281,9.975,317,130,16900
"PA",2024-08-11,158,57,42,94,16,252,12,281,9,317,101,10201
"PA",2024-08-18,191,62,44,106,15,257,13,281,10,294,129,16641
"PA",2024-08-25,163,66,42,106.25,14,252,12,264,10,281,97,9409
"PA",2024-09-01,134,51,33,104,13,195,11,252,10,260,83,6889
"PA",2024-09-08,164,51,34,103,13,201,10,257,10,260,113,12769
"PA",2024-09-15,175,51,25,102.5,12,201,10,238.949999999999,9,260,124,15376
"PA",2024-09-22,132,60,22,108,13.9,201,12,257,10,260,72,5184
"PA",2024-09-29,128,44,13,68,12,195,12,228,10,257,84,7056
"PB",2023-10-08,76,48,17,111,11,174,9,276,9,348.425,28,784
"PB",2023-10-15,111,51,17,94,14,169.5,9,276,9,415.125,60,3600
"PB",2023-10-22,58,54,31,104,15,225,11,277.649999999999,9,348.425,4,16
"PB",2023-10-29,71,69,36,165,17,225,14,279,9,333,2,4
"PB",2023-11-05,93,69,36,158,17,225,13,279,7.95,445.25,24,576
"PB",2023-11-12,80,62,32,133,15,228.4,15,333,11,605,18,324
"PB",2023-11-19,102,54.5,24.75,113,17,232,13,605,13,766,47.5,2256.25
"PB",2023-11-26,93,66,30,149,13,232,13,605,13,834,27,729
"PB",2023-12-03,95,95,48,196,26,605,16,738,11,847,0,0
"PB",2023-12-10,67,95,48,196,26,738,16,738,11,828,28,784
"PB",2023-12-17,61,96,58,198,30,738,23,738,16,828,35,1225
"PB",2023-12-24,54,93,58,196,32,738,22,828,12,828.475,39,1521
"PB",2023-12-31,55,93,47,168,27,266,14,738,9,828,38,1444
"PB",2024-01-07,97,148,78,264,41,1428,19,4212,19,4512,51,2601
"PB",2024-01-14,105,161,98,1195,41,4212,19,4512,19,4512,56,3136
"PB",2024-01-21,93,248,96,1428,37,2580,19,4512,19,4512,155,24025
"PB",2024-01-28,160,183.5,97,1323,42,2580,34,4512,11,4512,23.5,552.25
"PB",2024-02-04,157,165.5,107,629,52,2580,36,4425,28,4512,8.5,72.25
"PB",2024-02-11,328,161,102,401.25,39,1469.2,36,4212,34,4512,167,27889
"PB",2024-02-18,655,161,101,380,39,1428,39,3536.04999999999,36,4512,494,244036
"PB",2024-02-25,908,155,94,298,47,1428,39,2770,32,4512,753,567009
"PB",2024-03-03,1017,258,122.5,477.75,55,2504,21,4212,11.975,4512,759,576081
"PB",2024-03-10,977,315,140,522,81,2531,39,3319,15.975,4512,662,438244
"PB",2024-03-17,1025,265,117,522,85,2114,45,2807.89999999997,21,4512,760,577600
"PB",2024-03-24,706,306,154,546,95,1606,30,3408.29999999999,11,4512,400,160000
"PB",2024-03-31,841,448,201,1164.25,103,2114,52,3528.85,16,4675,393,154449
"PB",2024-04-07,735,607,181,1252,95,2114,68.95,2965.6,29.9,4512,128,16384
"PB",2024-04-14,659,632,181,1205,103,2082,78.5,2770,29.9,4751,27,729
"PB",2024-04-21,447,598,191,1104,117,2114,80.9,2977,51.725,4751,151,22801
"PB",2024-04-28,375,449,169.25,1185,77,2114,76,4212,68.975,5737,74,5476
"PB",2024-05-05,385,467,179,1065,81,2158,76,3553,59.95,5216,82,6724
"PB",2024-05-12,361,512,211,1142.5,97,2158,77,3559.79999999999,52,4777.65,151,22801
"PB",2024-05-19,298,400,193,1104,100.9,2158,77,3268.94999999999,52,4512,102,10404
"PB",2024-05-26,238,368,165,960,97,2160.2,77.95,3559.79999999999,52,4512,130,16900
"PB",2024-06-02,247,588,225.75,1436,98.6,1734.7,47,2299,22,3030,341,116281
"PB",2024-06-09,263,573,177,1341,81,1629,41.9,2038,27.85,2881.25,310,96100
"PB",2024-06-16,186,454,179.5,1033.25,79,1609,37,1827,16,2430,268,71824
"PB",2024-06-23,191,436,208,932.5,78.7,1609,44.85,1751,20,2325,245,60025
"PB",2024-06-30,234,282,139,584.25,39,927,39,1331,29.975,1491,48,2304
"PB",2024-07-07,194,227,99,508,39,986,26,1331,20,1455,33,1089
"PB",2024-07-14,211,263,144,610.5,60,1331,29.9,1331,20,1356.825,52,2704
"PB",2024-07-21,192,242,111,507,37.8,1015,26,1331,20,1331,50,2500
"PB",2024-07-28,202,193,100,445,36,753,28,1083.35,22,1331,9,81
"PB",2024-08-04,213,194,77,445,36,544,22,766,18,981,19,361
"PB",2024-08-11,201,159,60,318,23,544,18,695.849999999998,15,785.2,42,1764
"PB",2024-08-18,162,129,56,312,24,515,18,564,16,683.275,33,1089
"PB",2024-08-25,161,119,44,268,22,500,18,519,15.975,564,42,1764
"PB",2024-09-01,151,60,28,141.5,19,463,16,504,10,519,91,8281
"PB",2024-09-08,132,70,28,140,23,420,15,463,10,479,62,3844
"PB",2024-09-15,122,70,32,125,18,445,11.95,463,9,463,52,2704
"PB",2024-09-22,108,73,34.75,118,17,198.2,9,427.5,9,463,35,1225
"PB",2024-09-29,107,62,19,84.5,9,140.2,9,276,9,463,45,2025
"PE",2023-10-08,136,115,67,159.5,25,366,15,1264,9,1275.89999999999,21,441
"PE",2023-10-15,159,115,62,165,25,1264,17,1264,10.95,1740,44,1936
"PE",2023-10-22,113,115,59,270,25.9,1264,18,1264,11,1740,2,4
"PE",2023-10-29,134,94,43,148,24,333,19,1264,12.95,2979,40,1600
"PE",2023-11-05,162,104.5,43,154.25,25,462,19,2979,10.975,2979,57.5,3306.25
"PE",2023-11-12,123,115,43,148,24,279,19,605,12.975,3568,8,64
"PE",2023-11-19,157,119,37.25,180,31,1004,22,3568,17,4203,38,1444
"PE",2023-11-26,191,148,55,605,30,3568,22,3568,14,4185.45,43,1849
"PE",2023-12-03,232,114,56,224,28,738,16,2909,13,4185,118,13924
"PE",2023-12-10,168,131,47,475,30,2909,16,4185,11,4185,37,1369
"PE",2023-12-17,100,148,52,738,30,4185,23,4185,13,4185,48,2304
"PE",2023-12-24,95,111,38,738,30,2909,22,4185,13,4185,16,256
"PE",2023-12-31,97,98,58,229,36.9,738,18.95,2625.89999999999,8.975,4147,1,1
"PE",2024-01-07,70,264,145,4147,64,4512,46,4512,36,4512,194,37636
"PE",2024-01-14,95,746,157,4212,101,4512,52,4512,42,4512,651,423801
"PE",2024-01-21,126,1428,217,4512,101,4512,52,4512,39,4512,1302,1695204
"PE",2024-01-28,188,232,121,1428,52,4512,34,4512,11,4512,44,1936
"PE",2024-02-04,271,237,115,643,59,4212,39,4512,34,4512,34,1156
"PE",2024-02-11,520,236,116.5,566,56,2580,39,4512,34,4512,284,80656
"PE",2024-02-18,934,258,121,643,63,1878.20000000001,39,4212,39,4512,676,456976
"PE",2024-02-25,1185,220,102,477,80,2114,39,4212,32,4512,965,931225
"PE",2024-03-03,1331,281.5,128,491,55,2770,30,4512,15,4512,1049.5,1101450.25
"PE",2024-03-10,1389,321,142,601,74,2770,39,4212,15,4512,1068,1140624
"PE",2024-03-17,1428,298,159,528,98,2247,50,4212,21,4512,1130,1276900
"PE",2024-03-24,1114,309,181,601.75,107,2131,39,4212,11,4512,805,648025
"PE",2024-03-31,1458,520,213,1410,100,2131,61.9,4212,30.975,5217.45,938,879844
"PE",2024-04-07,1185,604,297,1457,110.9,2131,69,4512,39,5274,581,337561
"PE",2024-04-14,1281,607,287,1252,117,2114,81,3695,58.825,5280.27499999999,674,454276
"PE",2024-04-21,1018,598,244,947,117,2114,81,3004.54999999997,69,5281.44999999999,420,176400
"PE",2024-04-28,936,588,242.75,1245.25,107,2206.9,77,5216,76,9657,348,121104
"PE",2024-05-05,863,545,291,1307.75,107,2160.2,77,4376.14999999999,71,5285.57499999999,318,101124
"PE",2024-05-12,840,542,328,1313,121,2536.6,94,4234.75,67.975,5274,298,88804
"PE",2024-05-19,806,467,261,1243,110.6,2131,82,3553,67,4707,339,114921
"PE",2024-05-26,670,385,207,935,106,2131,82,3576.44999999998,64.975,4512,285,81225
"PE",2024-06-02,672,683,234,1511,106.2,1836.9,47,2299,21,3036.87499999999,11,121
"PE",2024-06-09,643,689.5,226.75,1436,81,1754,37,2299,22,4212,46.5,2162.25
"PE",2024-06-16,715,466,211,1295,81,1660.3,37,1860,16,2477.42499999999,249,62001
"PE",2024-06-23,575,512.5,214,1034,78.5,1657,32.9,1751,18,2234.325,62.5,3906.25
"PE",2024-06-30,595,318,156.25,755.5,66,1320.2,39,1557,28.925,1896,277,76729
"PE",2024-07-07,437,319,190,807,84.6000000000001,1384,22,1557.05,19,1772,118,13924
"PE",2024-07-14,577,440,185.75,1089,95.8,1356,29.9,1593,20,1882,137,18769
"PE",2024-07-21,420,263,140,631,82.9,1331,28,1384,20,1882,157,24649
"PE",2024-07-28,303,226,127,543,82.9,981,36,1332.25,22,1882,77,5929
"PE",2024-08-04,308,188,103,542,40.9,981,24,981,18,1331,120,14400
"PE",2024-08-11,297,148,82,403.25,26,766,18,981,15.975,1264,149,22201
"PE",2024-08-18,329,129,75,292,24.9,627,19.95,1264,16,1264,200,40000
"PE",2024-08-25,245,129,74,331,25.9,650,18,1264,15.975,1264,116,13456
"PE",2024-09-01,310,137,64,292,26,504,18,1021,12.975,1264,173,29929
"PE",2024-09-08,297,145,71.5,274.5,28,502.2,18,1264,10.975,1264,152,23104
"PE",2024-09-15,321,130,59.75,236,25,475,17,1264,11,1264,191,36481
"PE",2024-09-22,267,119,60,190.5,25,464.2,17,1264,9,1264,148,21904
"PE",2024-09-29,234,115,59,172,25,364,15,1021,9,1264,119,14161
"PI",2023-10-08,22,20,11,29,4,53,4,65,4,112,2,4
"PI",2023-10-15,29,18,11,29,6,51,4,65.05,4,112,11,121
"PI",2023-10-22,25,15,11,33,8,53,4,70,4,112,10,100
"PI",2023-10-29,14,29,16,38,10,55,9,70,6,112,15,225
"PI",2023-11-05,24,29,17.75,38,10,53,6,82.2999999999997,6,107,5,25
"PI",2023-11-12,26,34,24,53,10,53,10,82,10,93,8,64
"PI",2023-11-19,26,28,20,53,13,82,10,82,7,93.025,2,4
"PI",2023-11-26,25,28,14,41,7,82,7,103,7,103,3,9
"PI",2023-12-03,30,31,20,56,7,77,4,186,1,186,1,1
"PI",2023-12-10,30,27,23,34,1,56,1,77,1,186,3,9
"PI",2023-12-17,24,23,23,28,10,34,1,77,1,186,1,1
"PI",2023-12-24,25,23,16,28,12,56,10,133,1,186,2,4
"PI",2023-12-31,88,27,14,37,14,152.7,12,182,10,229,61,3721
"PI",2024-01-07,137,52,19,101,19,168,19,218.149999999999,19,266,85,7225
"PI",2024-01-14,97,64,42,130,19,217,19,472,19,1456,33,1089
"PI",2024-01-21,111,52,43,130,19,217,19,607,19,1690,59,3481
"PI",2024-01-28,203,96,46,180,31.9,240,19,650.949999999993,14.95,2580,107,11449
"PI",2024-02-04,321,115,51,180,38,332,27.55,609.049999999999,19,1224,206,42436
"PI",2024-02-11,436,97,52,155,38,298,36,629,19,754.224999999999,339,114921
"PI",2024-02-18,681,88,39,146,36,298,36,629,36,643,593,351649
"PI",2024-02-25,675,73,47,161,36,298,32,629,30,643.849999999999,602,362404
"PI",2024-03-03,817,274,116.75,553.75,44.9,2131,20.95,3545.29999999998,11,4512,543,294849
"PI",2024-03-10,848,298,117,611.75,51,2247,30,2770,11,4512,550,302500
"PI",2024-03-17,777,274,115,643,45,2131,30,2770,11,4512,503,253009
"PI",2024-03-24,616,321,146.75,1104,49,2131,30,2770,11,4512,295,87025
"PI",2024-03-31,814,396,180.75,1252,79,2131,39,2770,16,4675,418,174724
"PI",2024-04-07,736,477,207,1252,100,2114,52,2262,30,4219.49999999999,259,67081
"PI",2024-04-14,738,524,206,1252,116.4,2114,79,2262,38.9,4219.49999999999,214,45796
"PI",2024-04-21,674,418.5,201,1001,117,2082,79,2247,39,4512,255.5,65280.25
"PI",2024-04-28,541,321,111,1185,77,2131,76,4212,63,5806.74999999994,220,48400
"PI",2024-05-05,601,366.5,117,960,77,2115.7,76,3553,59.925,5216,234.5,54990.25
"PI",2024-05-12,673,418,163,983,94,2131,76,3553,51.95,4958,255,65025
"PI",2024-05-19,620,365,161.25,864.75,97.9,2131,76,2691,44,4512,255,65025
"PI",2024-05-26,497,290,137,863,91.9,2131,77,2877,34,4512,207,42849
"PI",2024-06-02,527,488,197.5,1436,82,1786.5,45,2299,21,2532.225,39,1521
"PI",2024-06-09,430,398,167,1272,53,1649.8,32.8,2299,16,2430.95,32,1024
"PI",2024-06-16,313,338,136.5,843,45,1503.8,22,1784.25,15.9,2381,25,625
"PI",2024-06-23,201,317,138,748,46,1512.6,22,1750,16,2325,116,13456
"PI",2024-06-30,193,240,120,457,39,610,39,760,29,1131.6,47,2209
"PI",2024-07-07,185,123,69,204,52,358,32.85,543.649999999998,26,610.35,62,3844
"PI",2024-07-14,194,111,78,187,30,206.1,25,358,25,493.024999999999,83,6889
"PI",2024-07-21,160,111.5,65,165,40,173,29.95,195,22,308,48.5,2352.25
"PI",2024-07-28,118,115,65,119,33,173,27,192,24.975,358,3,9
"PI",2024-08-04,104,52,31,112,26,116,26,148,21,180,52,2704
"PI",2024-08-11,77,46,34,92,27.9,116,24,120,18,192.15,31,961
"PI",2024-08-18,80,56,34,87,26,112,18,116,14,198.075,24,576
"PI",2024-08-25,73,54.5,26,70,18,111,14,112,11.975,198,18.5,342.25
"PI",2024-09-01,58,38,14,58,14,81,6,102.1,4,195.075,20,400
"PI",2024-09-08,41,21,17,42,6,70,4,83,4,112.025,20,400
"PI",2024-09-15,33,21,19,42,4,70,4,81,4,112,12,144
"PI",2024-09-22,26,22,15,47,4,77,4,77,4,112,4,16
"PI",2024-09-29,39,27,15,35,4,53,4,70,4,107.125,12,144
"PR",2023-10-08,529,71,32,128.25,17,331,14,366,13,384.1,458,209764
"PR",2023-10-15,665,75,34,147,22,364,17,366,14,463,590,348100
"PR",2023-10-22,586,81,35,166,22,364,17,423.199999999999,12,497,505,255025
"PR",2023-10-29,676,75,35,135,22,274.4,19,418,16,497,601,361201
"PR",2023-11-05,1027,80,40,140,24,241,17.9,369.599999999997,16,497,947,896809
"PR",2023-11-12,1078,110,56,165,26.8,331,22,514,17,647,968,937024
"PR",2023-11-19,1397,115,50,477,25,766,19,789,8,889,1282,1643524
"PR",2023-11-26,1473,148.5,67,543,25,766,22,942,18,1420.82499999999,1324.5,1754300.25
"PR",2023-12-03,2042,169,70,619,26.9,1604,14,1882,11,1882,1873,3508129
"PR",2023-12-10,3172,192,89,760,38,1882,15,1882,11,2067,2980,8880400
"PR",2023-12-17,2582,201,89,939,26.9,1882,15,1882,9.975,2611,2381,5669161
"PR",2023-12-24,2699,178,81,904.5,30,1882,13.95,2067,8.925,2214.17499999999,2521,6355441
"PR",2023-12-31,5545,169,45,511,18.9,1558,11,1882,8,2572,5376,28901376
"PR",2024-01-07,7157,305,82.75,1036,33,3650,10.95,4671,6,6622,6852,46949904
"PR",2024-01-14,9853,332,80,983.75,33,3650,15,6622,6,6622,9521,90649441
"PR",2024-01-21,12069,240,55,624.5,34,2254.7,21,4512,6,6622,11829,139925241
"PR",2024-01-28,12503,534,178,1317.75,48,4022,18.85,6532.7,4,7831,11969,143256961
"PR",2024-02-04,15589,604.5,198,1392,48,3981.5,14,7831,3,11907,14984.5,224535240.25
"PR",2024-02-11,20877,737,235,1752,81,3672.4,31,7831,7,11907,20140,405619600
"PR",2024-02-18,25328,828,235,2645,72,11907,8.95,18462,3,18462,24500,600250000
"PR",2024-02-25,27235,1274,219,4326,58.8,10176,26,12760.5999999998,6.975,18462,25961,673973521
"PR",2024-03-03,33358,1223,205,4348,85,11907,33.8,16565,3,20194,32135,1032658225
"PR",2024-03-10,38947,1359,228,4421,92,11907,30,16565,2.975,20525,37588,1412857744
"PR",2024-03-17,44527,2078,236,7397,50.7,12578,30,15463,3,17899,42449,1801917601
"PR",2024-03-24,42983,2553,236,7397,43,15463,30,16812,7.95,20194,40430,1634584900
"PR",2024-03-31,47183,1706,236,5216,34,14361,26,16812,2,22097.7749999999,45477,2068157529
"PR",2024-04-07,45933,1869,236,6828,36.9,12593,21,16812,3,17899,44064,1941636096
"PR",2024-04-14,45158,2078,279.5,6488,55.1,12578,15.8,13879,2,18462,43080,1855886400
"PR",2024-04-21,35458,2976,282,6454,59,11907,8,13323.25,0,19862,32482,1055080324
"PR",2024-04-28,37950,2728,559,7831,81,11907,31.45,16117,8,17565,35222,1240589284
"PR",2024-05-05,40183,1504,518.5,6454,57,11907,29.55,12492,5.975,15847,38679,1496065041
"PR",2024-05-12,33762,1687,306,11259,76.0000000000001,11907,31,12492,2.975,15847,32075,1028805625
"PR",2024-05-19,21564,768,215,3127.75,85,7831,31,11907,3,11907,20796,432473616
"PR",2024-05-26,12512,534,137,1646,30,7652,9,11907,7,11952.625,11978,143472484
"PR",2024-06-02,7810,234,44.5,584,13,1280,1.95,2682,0.975000000000001,4365,7576,57395776
"PR",2024-06-09,8434,301,58.25,683.75,16,1493,12,4365,1.975,4683,8133,66145689
"PR",2024-06-16,6874,210,43,836,12,1328.9,12,1493,1,3907,6664,44408896
"PR",2024-06-23,4288,225,99,585.25,31.8,813.300000000001,24,1202.25,12,1493,4063,16507969
"PR",2024-06-30,2680,214,54.5,510,20,745,17,1068,12,1319,2466,6081156
"PR",2024-07-07,1343,120.5,22,308,19,741,11,1090,10,1097.25,1222.5,1494506.25
"PR",2024-07-14,1081,173,40,308,20,798,11,1090,11,1772,908,824464
"PR",2024-07-21,1141,156,28,308,20,741,17,1027.35,11,1097.97499999999,985,970225
"PR",2024-07-28,907,125.5,36,332.5,20,694,17,887,10,1090,781.5,610742.25
"PR",2024-08-04,707,121,24,147,10,354,10,415,8,694,586,343396
"PR",2024-08-11,527,110,27,147,14,331,10,366.15,8,463,417,173889
"PR",2024-08-18,533,82,27,147,19,331,14,355,10,463,451,203401
"PR",2024-08-25,417,64,27,147,19,331,11,331,10,439.3,353,124609
"PR",2024-09-01,506,66,30,101,16,166.2,10,331,7,364,440,193600
"PR",2024-09-08,555,64,30,101.75,21,166,16,331,8.975,366,491,241081
"PR",2024-09-15,500,49,30,94,20.8,166,16,302.4,7,366,451,203401
"PR",2024-09-22,551,56,30,123,24,166,16.95,331,10.975,366,495,245025
"PR",2024-09-29,544,74,36,140,17,241,13,331,10,364,470,220900
"RJ",2023-10-08,351,94,36,274,22,365,14.95,434,13,463,257,66049
"RJ",2023-10-15,451,94,66,175,23,365,19,463,14,497,357,127449
"RJ",2023-10-22,470,94,72,166,23,410,19,497,14,497,376,141376
"RJ",2023-10-29,519,94,40,151,21,410,15,497,14,497,425,180625
"RJ",2023-11-05,734,107.5,69,166.5,21,437,10.95,497,5,647,626.5,392502.25
"RJ",2023-11-12,730,119.5,73.5,211,24,514,19,648.649999999998,10.975,766,610.5,372710.25
"RJ",2023-11-19,1094,135,68.75,543,22,766,19,766,8,889,959,919681
"RJ",2023-11-26,1236,351.5,76,559,25,766,21,1090,13.975,1882,884.5,782340.25
"RJ",2023-12-03,1533,180,70,543,27,1423.9,16.95,1882,11,1882,1353,1830609
"RJ",2023-12-10,1863,167,79,618.25,26.9,1882,13,1882,4,1882,1696,2876416
"RJ",2023-12-17,1513,201,89,748.75,25,1882,14.9,1882,7.95,2611,1312,1721344
"RJ",2023-12-24,1821,178,80,628,18,1882,8,1882,6,2339.65,1643,2699449
"RJ",2023-12-31,4432,171,60,358,19.9,1558,11,1972,6,2443,4261,18156121
"RJ",2024-01-07,5147,332,128,1036,30,3650,12,4512,6,6622,4815,23184225
"RJ",2024-01-14,7409,417,114.25,1558,30,3650,23,6622,8.975,6622,6992,48888064
"RJ",2024-01-21,9524,370,137,836,41,3650,26.8,5280,7.975,6622,9154,83795716
"RJ",2024-01-28,12489,547,234.75,1752,56.5,4512,10.95,5320,4,6622,11942,142611364
"RJ",2024-02-04,17780,541,236.75,1598,48,4022,9,6622,1.975,11464,17239,297183121
"RJ",2024-02-11,24277,404,235,1831,43,4736,20.6,7996.99999999999,4,11907,23873,569920129
"RJ",2024-02-18,28482,404,192,2713.25,42,11907,8,18462,2,18462,28078,788374084
"RJ",2024-02-25,27774,857,231,4327.5,59,11202,12,14222.6999999999,6.975,18462,26917,724524889
"RJ",2024-03-03,25296,493,179,1862,40,4736,12,9657,1,12492,24803,615188809
"RJ",2024-03-10,22979,825,206.5,3082,36.9,7397,12,11265.1,0,16598.35,22154,490799716
"RJ",2024-03-17,18686,1406.5,185,4356,34,9657,30,12492,1,13324.225,17279.5,298581120.25
"RJ",2024-03-24,12834,831,219.25,4356,35,9083,27.9,11907,2.975,15463,12003,144072009
"RJ",2024-03-31,15220,1516,207,3643,34,11202,30,14361,3,17739,13704,187799616
"RJ",2024-04-07,12581,822.5,132,3305,34,11202,25.75,12624,3,16157.55,11758.5,138262322.25
"RJ",2024-04-14,10197,831,132,3082,34,11202,5,13310,1,13879,9366,87721956
"RJ",2024-04-21,8244,564,122,3082,34,9657,3,12492,0,15635,7680,58982400
"RJ",2024-04-28,7996,877.5,81,5178,56,11259,8,12492,4,16117,7118.5,50673042.25
"RJ",2024-05-05,7266,590,81,3522,40,11202,22.9,11907,3.925,12492,6676,44568976
"RJ",2024-05-12,5873,1400,196,4714,56,11907,32,11907,4.95,12492,4473,20007729
"RJ",2024-05-19,4986,319,215,2027,80.6,6461.4,32,7989,3,11907,4667,21780889
"RJ",2024-05-26,2957,697,216.5,1598,33.8,3342,9,6528,9,7831,2260,5107600
"RJ",2024-06-02,2615,303,135,1067.25,23,2299,3,3301.15,0,4796,2312,5345344
"RJ",2024-06-09,2149,688,156,1984,35,2299,4,4796,1,4796,1461,2134521
"RJ",2024-06-16,1728,364.5,99,918,12,1752,0,2303.1,0,4365,1363.5,1859132.25
"RJ",2024-06-23,1409,325,153,703,42,1286,17,1567.59999999999,0,2299,1084,1175056
"RJ",2024-06-30,1187,280,99,651,42.9,1319,20,1558,14.925,2337,907,822649
"RJ",2024-07-07,870,154,51,403,20,1018,12.95,1484,0,1772,716,512656
"RJ",2024-07-14,878,177.5,51,343,20.9,1053,11,1455,0,1882,700.5,490700.25
"RJ",2024-07-21,742,192,80.25,388.5,22,1006,15,1131,8,1882,550,302500
"RJ",2024-07-28,685,146.5,86,448,22,914,18,1026,15,1882,538.5,289982.25
"RJ",2024-08-04,570,147,57.75,249.75,18,655,12.95,694,3,775,423,178929
"RJ",2024-08-11,482,121,72,331,20,463,14,694,7,753.1,361,130321
"RJ",2024-08-18,507,94,27,331,21,463,19,463,16,514,413,170569
"RJ",2024-08-25,432,96,72,463,21,463,17,463,14.975,463,336,112896
"RJ",2024-09-01,521,82,21,274,17,463,17,463,16,463,439,192721
"RJ",2024-09-08,584,90,67,274,20,410,17,463,16,463,494,244036
"RJ",2024-09-15,425,94,66,274,23,410,19,463,17,463,331,109561
"RJ",2024-09-22,404,94,63,274,23,389,20.9,463,17,463,310,96100
"RJ",2024-09-29,368,94,37,274,22,364,17,410,15,463,274,75076
"RN",2023-10-08,91,64,39,162,18,180,6,192,4,266.125,27,729
"RN",2023-10-15,97,73,39,162,19,180,11,195,4,271,24,576
"RN",2023-10-22,81,81,39,137,19,180,11,192,4,229.225,0,0
"RN",2023-10-29,137,94,40,142,21,180,14,182,5.975,228,43,1849
"RN",2023-11-05,126,93,44,147,21.9,180,12,192,6,210,33,1089
"RN",2023-11-12,124,93,52,147,31.9,180,15,192,12,260,31,961
"RN",2023-11-19,149,98,53,165.5,34,180,18.95,192.749999999999,12,498.149999999999,51,2601
"RN",2023-11-26,104,112,74,180,30,192,22,216,13,605,8,64
"RN",2023-12-03,131,98,65,176,27,192,24,228,14,475.25,33,1089
"RN",2023-12-10,139,96,52,176,25,196,18,228,14,266,43,1849
"RN",2023-12-17,148,98,65,180,31.9,199.5,20,228,12,266,50,2500
"RN",2023-12-24,61,98,71,180,30.9,207,16,228,12,266,37,1369
"RN",2023-12-31,135,96,69.5,192.5,16,229,6,229,6,531.3,39,1521
"RN",2024-01-07,122,98,64,168,28,264,19,687,19,1690,24,576
"RN",2024-01-14,146,110,63,168,32.9,589,19,1690,19,4212,36,1296
"RN",2024-01-21,139,121,52,217,28,1690,19,1690,19,4212,18,324
"RN",2024-01-28,164,167,63,217,33,643,11,2580,11,2580,3,9
"RN",2024-02-04,216,168,86,237,28,643,28,2580,11,3701,48,2304
"RN",2024-02-11,389,195,101,306,36,643,29.9,679,14.9,2532.225,194,37636
"RN",2024-02-18,767,217,109.75,448,37,643,32,679,28,1152.25,550,302500
"RN",2024-02-25,948,203,84,371,32,643,32,759.1,28,2124.42499999999,745,555025
"RN",2024-03-03,1204,271.5,137.75,643,39,1318,21,2580,11,4512,932.5,869556.25
"RN",2024-03-10,1309,271,161,643,39,1588,21,2770,11,3532.7,1038,1077444
"RN",2024-03-17,1175,324.5,182.5,626,45,1401.5,30,2247,11,2777.07499999999,850.5,723350.25
"RN",2024-03-24,899,433,143,831.75,30,1588,16,2131,8,2580,466,217156
"RN",2024-03-31,1024,546,175.75,1252,52,2082,20,2131,11,3528,478,228484
"RN",2024-04-07,901,661,142,1597,79,2082,35,2131,18,3486.075,240,57600
"RN",2024-04-14,795,569,137,1534,79,2023,41,2114,26,2977,226,51076
"RN",2024-04-21,639,429.5,142,1065,99.1,1977,52,2114,30,2977,209.5,43890.25
"RN",2024-04-28,505,520,176,1185,107,2082,76.95,2442.99999999999,35.95,5737,15,225
"RN",2024-05-05,504,673,173.5,1185,101,2082,62.95,2695.05,32,5216,169,28561
"RN",2024-05-12,397,542,164.5,1185,101,2082,43.75,2695.05,25.875,4963.4,145,21025
"RN",2024-05-19,341,282,137,1024.25,100.6,1876.3,44,2691,20.975,4512,59,3481
"RN",2024-05-26,262,243,147.5,863,90.7,1970,41.85,2877,20.975,4291.65,19,361
"RN",2024-06-02,243,541,211,1609,108,2395,65,2524,22,2877,298,88804
"RN",2024-06-09,227,443,186,1384,82,1979.5,36.8,2470.8,16,2524,216,46656
"RN",2024-06-16,224,353,151,1062.75,68,1629,22.95,2082,16,2524,129,16641
"RN",2024-06-23,297,409,185.75,949,67.5,1436,22,1649.4,16,2299,112,12544
"RN",2024-06-30,319,240,99,475,39,648,39,927,29.975,1212,79,6241
"RN",2024-07-07,269,204,98,521,69,646,35,1015,20.975,1331,65,4225
"RN",2024-07-14,275,204,98,521,67.9,914,36,1183,20.975,1331.625,71,5041
"RN",2024-07-21,202,228,98,538,65,1015,33,1015,20,1331,26,676
"RN",2024-07-28,228,181,102,521,65,914,33,1015,22,1331,47,2209
"RN",2024-08-04,222,143,99,357,34,666.100000000001,22,914.649999999999,18,1010.125,79,6241
"RN",2024-08-11,189,120,65,210,28.9,476.1,22,755.55,15,914,69,4761
"RN",2024-08-18,154,109,59,210,27,409,21,564,14,564,45,2025
"RN",2024-08-25,141,89,44,159,24,369,18,463,11,502.05,52,2704
"RN",2024-09-01,142,88,61,132,32,292,18,383.699999999999,13,415.05,54,2916
"RN",2024-09-08,127,77,61,147.25,35,292,21,364,12.975,383,50,2500
"RN",2024-09-15,138,77,59,140,30.6,209,19,292,11,364.025,61,3721
"RN",2024-09-22,122,82,56,162,25,201,17,266,8.975,364,40,1600
"RN",2024-09-29,90,77,50,162,21,201,12.9,215,8.925,364,13,169
"RO",2023-10-08,37,14,7,25,5,34,3,55.2499999999998,3,83.05,23,529
"RO",2023-10-15,73,22,10,31,6,59.1,4,114,3,114,51,2601
"RO",2023-10-22,60,21,8,49,6,82,5,114,4,151,39,1521
"RO",2023-10-29,49,26,12,54,6,151,4,151,4,152,23,529
"RO",2023-11-05,47,26,12,76,7,151,4,158,3,202,21,441
"RO",2023-11-12,30,42,19,82,10,179,4,202,2.95,307.599999999999,12,144
"RO",2023-11-19,32,55,26,103,6,215,2,501,2,635,23,529
"RO",2023-11-26,37,45,26,111,8,227,3,706,2,1091,8,64
"RO",2023-12-03,35,77,39,139,12,307,4,635,3,1160,42,1764
"RO",2023-12-10,30,55,30,126,12,240,4,307.599999999999,3,1087.1,25,625
"RO",2023-12-17,10,91,30.75,126,12,227,5,343,3,967.025,81,6561
"RO",2023-12-24,22,91,30,133.5,11,228,4,352,3,967,69,4761
"RO",2023-12-31,89,81.5,20,165,10,340.600000000001,3,805,2,810,7.5,56.25
"RO",2024-01-07,99,264,72,607,38,864,13,938,2.975,1498,165,27225
"RO",2024-01-14,154,205,86,607,43,864,18,1066,8,1498,51,2601
"RO",2024-01-21,182,163,73,607,30,864,17.85,1428,2.975,1533.35,19,361
"RO",2024-01-28,183,143,69.5,445,29,658,18,864,9.95,1457,40,1600
"RO",2024-02-04,232,143,71,517.25,29,658,12.95,836,7.975,1013,89,7921
"RO",2024-02-11,289,220,77,574,19,658,12,810,4.975,1013,69,4761
"RO",2024-02-18,552,197,86,533.25,29,658,12,757.199999999999,4,912,355,126025
"RO",2024-02-25,540,176,57,477,17,658,12,716,4,864.799999999999,364,132496
"RO",2024-03-03,604,171,85,477,21.9,658,12,752.2,4.975,1515.925,433,187489
"RO",2024-03-10,459,173,58.75,401.25,15,658,12,777.15,8,1493,286,81796
"RO",2024-03-17,353,159,49,295,15,625,8.95,716,1,1493.025,194,37636
"RO",2024-03-24,157,163,57,249,17,514.1,9,716,3.975,2352.94999999998,6,36
"RO",2024-03-31,203,108,42,231.5,17,477,12,658,4.975,1013,95,9025
"RO",2024-04-07,134,155,58.75,249,17.9,477,9,595,4,1054.275,21,441
"RO",2024-04-14,151,149,59,204,18,477,9,595,4,1200,2,4
"RO",2024-04-21,126,128,54,239.25,13,477,10.9,595,4,1013,2,4
"RO",2024-04-28,79,102,48,159,12,477,10.9,605,3,1054.275,23,529
"RO",2024-05-05,69,102,54,170,12,477,11,717.999999999998,3,1001.425,33,1089
"RO",2024-05-12,53,114,40,211,16,477,9,636,2,955.525,61,3721
"RO",2024-05-19,32,102,39,246,16,477,11,756,3,954,70,4900
"RO",2024-05-26,28,68,32,214,14.8,276,11,567.849999999999,8,756,40,1600
"RO",2024-06-02,32,42,19,152,8,276,8,370,4,592.35,10,100
"RO",2024-06-09,34,33,8,80.25,8,196,5,289.049999999999,4,431,1,1
"RO",2024-06-16,32,34,9,101,7,196,4,334.35,4,431,2,4
"RO",2024-06-23,27,34,9,84,8,196,6,336.649999999999,4,431,7,49
"RO",2024-06-30,25,47,28,151.75,13,258.6,8.95,367,5,431,22,484
"RO",2024-07-07,22,30,13,97,10,130,5,163,5,196.275,8,64
"RO",2024-07-14,22,29,12,128,8,130,5,147,5,163.05,7,49
"RO",2024-07-21,17,18,10,85,5,128,5,130,4,130,1,1
"RO",2024-07-28,23,18,10,32.25,7,109,5,128,3.975,130,5,25
"RO",2024-08-04,22,13.5,7,23,4,62,3,96,3,130,8.5,72.25
"RO",2024-08-11,15,11,7,19.25,3,62,3,77,3,85,4,16
"RO",2024-08-18,20,11,4,23,3,62,3,62,3,62,9,81
"RO",2024-08-25,18,10,4,18,4,32,3,62,3,62,8,64
"RO",2024-09-01,7,10,6,13,4,18,4,41,4,74.0999999999999,3,9
"RO",2024-09-08,17,9,6,12,4,21,4,37,4,67,8,64
"RO",2024-09-15,9,10,8,12,4,22,4,35,4,92,1,1
"RO",2024-09-22,7,10,8,14,7,23,4,34.05,4,60,3,9
"RO",2024-09-29,4,22,10,34,7,35,7,36,5,55,18,324
"RR",2023-10-08,7,10,3,18,2,54,1,81,1,109,3,9
"RR",2023-10-15,1,12,3,24,1,54.4000000000001,1,90,1,114,11,121
"RR",2023-10-22,1,13,6,26,3,54,1,78.05,1,114,12,144
"RR",2023-10-29,2,15,4,40,3,102.2,2,127,2,151,13,169
"RR",2023-11-05,2,5,4,26,2,66,2,112.1,1,151,3,9
"RR",2023-11-12,4,4,3,24.25,2,82,2,110,0,176.05,0,0
"RR",2023-11-19,2,4,2,19,2,78.2,0,112.3,0,278,2,4
"RR",2023-11-26,7,4,2,17,2,55.4000000000001,1,159,0,299.2,3,9
"RR",2023-12-03,3,4,3,30.5,1,117,0,228.499999999999,0,436,1,1
"RR",2023-12-10,9,4,3,28,0,111,0,196,0,240,5,25
"RR",2023-12-17,13,4,2,26.25,0,91,0,160,0,227,9,81
"RR",2023-12-24,2,4,3,34,0,106,0,186.3,0,227,2,4
"RR",2023-12-31,2,10,2,32.25,0,111.4,0,228.05,0,615,8,64
"RR",2024-01-07,6,12,2,27,0.900000000000006,86,0,230.749999999998,0,534,6,36
"RR",2024-01-14,6,19,4,36,1,131,0,273.249999999999,0,650.249999999999,13,169
"RR",2024-01-21,16,19.5,6,39,1,131,0,316.999999999999,0,788.55,3.5,12.25
"RR",2024-01-28,10,18,6,21,1,131,0,224,0,786,8,64
"RR",2024-02-04,4,15,6,21,0,77,0,172,0,439.225,11,121
"RR",2024-02-11,18,14,7,21,1,59,0,161,0,308.699999999998,4,16
"RR",2024-02-18,14,13,6,19,1,56,0,153,0,228,1,1
"RR",2024-02-25,7,14,7,27,1,56,0,138,0,228.025,7,49
"RR",2024-03-03,11,12,8,15,2,21,0,22.05,0,56,1,1
"RR",2024-03-10,18,12,8,15,2,21,0,56,0,56,6,36
"RR",2024-03-17,7,12,8,15,0.900000000000006,21,0,56,0,56,5,25
"RR",2024-03-24,6,4,0,12,0,17,0,30.05,0,56,2,4
"RR",2024-03-31,9,4,0,9.5,0,17,0,37,0,56,5,25
"RR",2024-04-07,5,1.5,1,9,0,37,0,37,0,37,3.5,12.25
"RR",2024-04-14,10,6,1,9,0,17,0,37,0,37,4,16
"RR",2024-04-21,8,6,1,9,0,17,0,23,0,37,2,4
"RR",2024-04-28,5,9,2,22,0,37,0,56,0,172.149999999999,4,16
"RR",2024-05-05,7,9,1,21,0,37,0,56,0,217,2,4
"RR",2024-05-12,19,4,1,20,0,37,0,163,0,284,15,225
"RR",2024-05-19,35,3,2,20,0,35,0,86,0,284,32,1024
"RR",2024-05-26,26,11,2,20,1,35,1,107.45,0,288,15,225
"RR",2024-06-02,36,20,4,30.5,1,130.1,1,288,0,448,16,256
"RR",2024-06-09,41,21,2.75,42,1,131,1,288,1,395,20,400
"RR",2024-06-16,30,24,6,59,1,196,1,321.05,1,395,6,36
"RR",2024-06-23,30,24,9,79,2,240,1,349,1,431,6,36
"RR",2024-06-30,23,25,10,55,4,167.1,2,288,1,367,2,4
"RR",2024-07-07,25,21,7,41,4,92,2,149,1,168,4,16
"RR",2024-07-14,12,22,10,43,4,85,2,130,1,155.025,10,100
"RR",2024-07-21,17,21,7,43,4,68.1,2,121.2,1,149,4,16
"RR",2024-07-28,11,18,8,43,2,68,2,109,1,130,7,49
"RR",2024-08-04,26,18,7,39,2,77,1,149,0,214,8,64
"RR",2024-08-11,17,19,10,41,2,85,1,149,1,149,2,4
"RR",2024-08-18,13,18,10,41,2,68.2,1,113,1,257.1,5,25
"RR",2024-08-25,21,17,8,39,2,67,1,97,0,149.375,4,16
"RR",2024-09-01,10,17,7,36,2,63.4000000000001,0,97,0,113,7,49
"RR",2024-09-08,8,17,6,34,1,62,0,79,0,104,9,81
"RR",2024-09-15,9,18,7,34,2,62,0,72,0,99.05,9,81
"RR",2024-09-22,14,13,7,30,2,57,1,72,0,102.15,1,1
"RR",2024-09-29,9,10,3,17,2,48.1,2,81,1,97.1249999999999,1,1
"RS",2023-10-08,37,3,1,12,0,20,0,53,0,94,34,1156
"RS",2023-10-15,34,5,1,14,0,45,0,53,0,94,29,841
"RS",2023-10-22,41,4,1,14,0,45,0,53,0,94,37,1369
"RS",2023-10-29,57,3,0,14,0,45,0,66.2999999999997,0,166,54,2916
"RS",2023-11-05,44,3,1,12,0,45,0,66,0,166,41,1681
"RS",2023-11-12,40,4,1,9,0,35.2,0,80.2499999999998,0,166,36,1296
"RS",2023-11-19,64,3,1,9,0,35,0,117,0,366,61,3721
"RS",2023-11-26,82,5,2,11,0,63,0,165,0,514.724999999999,77,5929
"RS",2023-12-03,103,4,1,16,0,165,0,264.699999999999,0,559,99,9801
"RS",2023-12-10,190,4,2,16,0,158,0,192.1,0,559,186,34596
"RS",2023-12-17,227,6,2,91,0,165,0,192,0,591.174999999998,221,48841
"RS",2023-12-24,203,4,1,16,0,165,0,201,0,559.749999999999,199,39601
"RS",2023-12-31,344,11,4,38,1,189.1,0,401.049999999996,0,1096.45,333,110889
"RS",2024-01-07,451,14,6,75.25,1,131,0,547,0,1036,437,190969
"RS",2024-01-14,765,18,6,76,2,179.2,1,547,0.975000000000001,1755.65,747,558009
"RS",2024-01-21,1226,19,4,76,2,131,2,547.599999999999,1,1752,1207,1456849
"RS",2024-01-28,1644,18,6,82,2,348,2,1752,1,3650,1626,2643876
"RS",2024-02-04,2609,10,4,103,3,322,2,1054.3,1,2253,2599,6754801
"RS",2024-02-11,4322,21,7,125.25,3,348,2,830.799999999997,2,2253,4301,18498601
"RS",2024-02-18,5536,11,8,118,3,531,2,1066.6,2,2337.45,5525,30525625
"RS",2024-02-25,7110,44,8,258,5,657.700000000003,2,2550,2,3287,7066,49928356
"RS",2024-03-03,10051,107,8,282,5,2550,3,3287,2,5834.22499999999,9944,98883136
"RS",2024-03-10,11808,37,8,245,4,551.8,2,2911.4,2,4249.025,11771,138556441
"RS",2024-03-17,14062,43.5,10.5,258,3,1340.60000000001,2,5412,2,6848,14018.5,196518342.25
"RS",2024-03-24,15549,45,5,326.75,2,2125,2,6402,2,7397,15504,240374016
"RS",2024-03-31,18827,236,6,1312,2,6199,2,12478.7,2,28373,18591,345625281
"RS",2024-04-07,21333,256,6,2773,2,7550,2,12593,2,24590.9749999999,21077,444239929
"RS",2024-04-14,21584,277,12,2640,4,8417,2,13310,2,22023,21307,453988249
"RS",2024-04-21,18923,190,11,1602,5,6848,3,12492,2,22023,18733,350925289
"RS",2024-04-28,15905,36,8,253,3,1167,2.95,3223,1,3742.725,15869,251825161
"RS",2024-05-05,14125,38,4,108,2,1004,1,3198,1,3536,14087,198443569
"RS",2024-05-12,14415,10,1,107,1,844,0,1794.95,0,3536,14405,207504025
"RS",2024-05-19,4347,36,4,187,1,2353,1,3489,1,7222,4311,18584721
"RS",2024-05-26,3793,30,3,146,1,844,1,2054.34999999999,1,3342,3763,14160169
"RS",2024-06-02,2294,30,2,74.5,0,631,0,1151,0,1898,2264,5125696
"RS",2024-06-09,2829,17.5,2,76.75,1,718.500000000001,0,1202.65,0,1879.475,2811.5,7904532.25
"RS",2024-06-16,2835,18,1,190,0,878,0,918,0,1176,2817,7935489
"RS",2024-06-23,1663,18,2,182,0,703,0,878,0,971.949999999999,1645,2706025
"RS",2024-06-30,846,4,1,18,0,158.8,0,509,0,756.375,842,708964
"RS",2024-07-07,357,1,1,6,0,109.4,0,308,0,798,356,126736
"RS",2024-07-14,322,2,1,6,0,125.5,0,382.649999999997,0,1015,320,102400
"RS",2024-07-21,283,2,1,8,0,69.3000000000001,0,354.2,0,741,281,78961
"RS",2024-07-28,252,4,2,8,0,113,0,339.749999999999,0,742.349999999999,248,61504
"RS",2024-08-04,165,2,0,4.25,0,11,0,46.3499999999997,0,116.025,163,26569
"RS",2024-08-11,145,2,0,5,0,9,0,45.3999999999996,0,94.0749999999999,143,20449
"RS",2024-08-18,124,1,1,3,0,14,0,63.5499999999995,0,94,123,15129
"RS",2024-08-25,117,2,1,3,0,19,0,63,0,94,115,13225
"RS",2024-09-01,135,2,1,5,0,9.10000000000002,0,28.05,0,94,133,17689
"RS",2024-09-08,136,2,0,4,0,9,0,28.1999999999998,0,94,134,17956
"RS",2024-09-15,109,2,0,4,0,9,0,27.05,0,94,107,11449
"RS",2024-09-22,129,3,0,5,0,9,0,17,0,94,126,15876
"RS",2024-09-29,119,3,2,9,0,14,0,53,0,94,116,13456
"SC",2023-10-08,176,3,1,10,0,27.3000000000001,0,53,0,94,173,29929
"SC",2023-10-15,216,6,1,20,0,45,0,49.1999999999998,0,94,210,44100
"SC",2023-10-22,202,6,1,20,0,45,0,53,0,94,196,38416
"SC",2023-10-29,211,7,1,14,0,49.2,0,82.1999999999998,0,166,204,41616
"SC",2023-11-05,287,5,1,14,0,55,0,81.05,0,147.35,282,79524
"SC",2023-11-12,258,6,2,14,0,63,0,103.05,0,260.35,252,63504
"SC",2023-11-19,483,6,2,10,0,55,0,117,0,367.149999999999,477,227529
"SC",2023-11-26,687,4,1,11,0,79.1,0,165,0,514.724999999999,683,466489
"SC",2023-12-03,830,4,1,16,0,165,0,314,0,559,826,682276
"SC",2023-12-10,1071,4,1,16,0,165,0,194.45,0,738.075,1067,1138489
"SC",2023-12-17,961,7,2,91,0,165,0,192,0,597.024999999998,954,910116
"SC",2023-12-24,539,4,2,16,0,165,0,194.35,0,563.549999999996,535,286225
"SC",2023-12-31,784,11,4,28.25,1,165,0,478.4,0,919.049999999999,773,597529
"SC",2024-01-07,894,13,6,43,2,172.6,0,648.299999999995,0,1883.4,881,776161
"SC",2024-01-14,1294,8,5,76,3,226,1,625.3,1,3650,1286,1653796
"SC",2024-01-21,1687,9,5,76,2,167.6,2,686.299999999997,1,1938.9,1678,2815684
"SC",2024-01-28,2446,19,4,82,2,343,1,1391,0,2270,2427,5890329
"SC",2024-02-04,4474,13.5,3,82,2,348,1,828.799999999999,1,2043,4460.5,19896060.25
"SC",2024-02-11,7205,21,3,170,2,602,2,1172.05,1,2386.2,7184,51609856
"SC",2024-02-18,10568,22,3,162.5,2,790,2,2002.55,1,2550,10546,111218116
"SC",2024-02-25,13489,37,7,454,2,1629,2,2550,2,3027,13452,180956304
"SC",2024-03-03,15856,150,8,551,5,2550,2,3027,0.975000000000001,5446,15706,246678436
"SC",2024-03-10,19536,45,7,351,2,1065,0,3874,0,6496.49999999999,19491,379899081
"SC",2024-03-17,26824,82,7,363,3,1160.7,2,6199,0,6848,26742,715134564
"SC",2024-03-24,27959,168,5,656,2,2920.7,2,6651,2,9873,27791,772339681
"SC",2024-03-31,30640,179,6,656,3,4311,2,7083,2,12109,30461,927872521
"SC",2024-04-07,32598,72,6,535,4,7083,2,10460,2,12739.95,32526,1057940676
"SC",2024-04-14,31375,45,6,351,4,2254,2,7786,2,12109,31330,981568900
"SC",2024-04-21,27037,34,8,253,5,1790,3,7094.84999999999,2,10460,27003,729162009
"SC",2024-04-28,23414,23,8,351,5,1458,2,2013,2,7100.57499999998,23391,547138881
"SC",2024-05-05,24412,38,6,163,2,1475.1,2,5854.34999999997,1,12733,24374,594091876
"SC",2024-05-12,21083,14,2,146,1,844,1,1552.05,1,10460,21069,443902761
"SC",2024-05-19,10493,14,4,146,2,790,1,3013.99999999998,1,7222,10479,109809441
"SC",2024-05-26,6745,13.5,4,170.25,1,790,1,1068,1,3549.19999999999,6731.5,45313092.25
"SC",2024-06-02,4970,7,1,137.75,0,718.500000000001,0,1856.3,0,4641,4963,24631369
"SC",2024-06-09,4685,4,2,82,1,878,0,1415,0,2299,4681,21911761
"SC",2024-06-16,3774,24,1,322,1,878,0,1176,0,2525,3750,14062500
"SC",2024-06-23,2449,18,2,241,0,703,0,879.999999999998,0,1201,2431,5909761
"SC",2024-06-30,1371,4,1,29,0,367,0,615,0,1009,1367,1868689
"SC",2024-07-07,705,3,1,40,0,308,0,717.999999999997,0,1015,702,492804
"SC",2024-07-14,484,3,2,28,0,320,0,800.599999999998,0,1090,481,231361
"SC",2024-07-21,490,5,2,28,0,236.8,0,489,0,1015,485,235225
"SC",2024-07-28,400,7,2,25,1,244.5,0,497.799999999999,0,926.274999999998,393,154449
"SC",2024-08-04,299,2,0,5,0,12,0,75,0,116,297,88209
"SC",2024-08-11,226,2,0,7.25,0,17,0,75,0,94,224,50176
"SC",2024-08-18,204,2,0,6,0,63,0,75,0,94,202,40804
"SC",2024-08-25,115,2,0,6,0,28.1,0,63.05,0,94,113,12769
"SC",2024-09-01,99,3,1,8,0,19,0,59.1999999999998,0,94,96,9216
"SC",2024-09-08,97,3,1,9,0,20,0,59,0,94,94,8836
"SC",2024-09-15,112,3,1,8,0,19,0,59,0,94,109,11881
"SC",2024-09-22,117,4,1,9,0,14.3000000000001,0,53,0,75.4749999999996,113,12769
"SC",2024-09-29,129,4,2,10,0,20,0,53,0,94,125,15625
"SE",2023-10-08,44,31,14,82,4,265,3,265,3,330.849999999999,13,169
"SE",2023-10-15,37,38,17,82,4,265,3,265,3,365,1,1
"SE",2023-10-22,39,45,16,149.75,6,265,3,295.3,3,397.325,6,36
"SE",2023-10-29,41,45.5,10,93,5,301,4,441,3,441,4.5,20.25
"SE",2023-11-05,58,33.5,11,265,6,301,4,441,3,441,24.5,600.25
"SE",2023-11-12,78,16,9,86,6,301,4,441,4,462,62,3844
"SE",2023-11-19,82,27,12,295,8,441,5,543,3,766,55,3025
"SE",2023-11-26,83,18,11,103.5,8,543,6,719,3,1096.6,65,4225
"SE",2023-12-03,81,20.5,10,86,4,192,3,543,2,1326.1,60.5,3660.25
"SE",2023-12-10,81,14,10,82.25,3,231.400000000001,2,611.049999999994,1,1882,67,4489
"SE",2023-12-17,43,16,5,77,4,199,3,611.049999999994,2,1882,27,729
"SE",2023-12-24,10,38,7,77,3,192,3,486,3,829.474999999999,28,784
"SE",2023-12-31,19,59,10,118,3,229,2,288,0,674.624999999999,40,1600
"SE",2024-01-07,34,79,68,131,9,264,8,643,5,687,45,2025
"SE",2024-01-14,21,110,63,131,11,272,5.95,704.099999999984,4.975,4212,89,7921
"SE",2024-01-21,25,110,29,131,9,307.6,5,1428,2,4212,85,7225
"SE",2024-01-28,27,34,11,131,4,224,2,394,2,687,7,49
"SE",2024-02-04,35,16,11,86.5,5,224,4,364.5,2,643,19,361
"SE",2024-02-11,63,15,9,63,5,224,3,546,3,643,48,2304
"SE",2024-02-18,115,12,5,63,4,224,3,643,2,643,103,10609
"SE",2024-02-25,122,11,6,32,3,199,3,380,3,643.849999999999,111,12321
"SE",2024-03-03,103,21,11,30,5,131,4,245.35,3,643,82,6724
"SE",2024-03-10,102,21,11,32,6,192,4,371,3,2247,81,6561
"SE",2024-03-17,92,21,11,63,7,131,4,238.35,4,1067.375,71,5041
"SE",2024-03-24,98,11,11,32,4.90000000000001,131,4,282.249999999999,4,1056.225,87,7569
"SE",2024-03-31,131,42,12,99,7,204,4,1065,2,3528,89,7921
"SE",2024-04-07,90,63,14,90,8,201,6,908.449999999999,4,2023.375,27,729
"SE",2024-04-14,70,56,14,90,8,204,7,1096.69999999999,5,2114,14,196
"SE",2024-04-21,80,46,16,90,11,204,7,643,5,1978.525,34,1156
"SE",2024-04-28,63,69,25,113,11,206,8,1185,5,2039.9,6,36
"SE",2024-05-05,64,63,29,140,12,213.4,10,1065,5.975,2039.9,1,1
"SE",2024-05-12,54,44,26,132,12,206,10,983,5,1834,10,100
"SE",2024-05-19,56,63,26,126,10,224.1,10,643,5,1516.75,7,49
"SE",2024-05-26,59,92,30,142,10,288,5,544.299999999998,5,1204.025,33,1089
"SE",2024-06-02,78,127,43,288,16,882.900000000001,8,1629,3,2038,49,2401
"SE",2024-06-09,68,123,22,228,16,688,8,1355,3.975,1658.72499999999,55,3025
"SE",2024-06-16,51,85,21,259,10,467.3,4,1161.15,1,1384,34,1156
"SE",2024-06-23,48,87,21,353,8,610,1,1160,1,1355,39,1521
"SE",2024-06-30,46,69,18,287,3,372,1,754,1,1460.775,23,529
"SE",2024-07-07,54,41,14,192,6,454,3,955.349999999999,3,1557.9,13,169
"SE",2024-07-14,48,48,15,224,8,454,6,955.349999999999,3,1356,0,0
"SE",2024-07-21,39,48,44,228,14,454,8,914,3,1129.05,9,81
"SE",2024-07-28,39,46,38,164,10,454,6,705.899999999997,3,1015.025,7,49
"SE",2024-08-04,44,41,18,126.25,8,286,4,445,3,887,3,9
"SE",2024-08-11,30,43,24,170,9,286,6,441,3,564.025,13,169
"SE",2024-08-18,42,60,17.75,164,6,265,4.95,377,3,500.05,18,324
"SE",2024-08-25,22,66,28.75,164,9,265,3,377,1,463.924999999999,44,1936
"SE",2024-09-01,25,33,13.75,70,4,265,3,310,3,397,8,64
"SE",2024-09-08,22,36,16,84,4,301,3,310,3,377.5,14,196
"SE",2024-09-15,15,31,14,73,3,265,3,310,3,372.624999999999,16,256
"SE",2024-09-22,13,31,9,73,3,265,3,310,3,365,18,324
"SE",2024-09-29,25,31,9,82,3,265,3,305,3,310.624999999999,6,36
"SP",2023-10-08,791,412,126,418,89,612.000000000002,85,742,38,742,379,143641
"SP",2023-10-15,1001,399,126,418,89,716,85,742,38,742.125,602,362404
"SP",2023-10-22,1040,299,126,418,89,742,89,742,55.55,887,741,549081
"SP",2023-10-29,1035,227,127,469,89,742,51,748.05,25,887,808,652864
"SP",2023-11-05,1382,235,161,418,93.5,742,67.8,749,25.975,949,1147,1315609
"SP",2023-11-12,1362,227,150,418,108,742,85.95,891.649999999998,35,1321,1135,1288225
"SP",2023-11-19,2007,264,162,742,131.8,1004,89,1321,40,1321,1743,3038049
"SP",2023-11-26,2276,418,278,1321,162,1321,132,1321.3,89,1772,1858,3452164
"SP",2023-12-03,2665,471,235,1508,197,1651,89,1882,26,2090,2194,4813636
"SP",2023-12-10,3170,757,231,1581,197,1882,115.85,2090,65.85,2090,2413,5822569
"SP",2023-12-17,2937,471,213,1568,197,1714,112.85,1882,54.775,2090,2466,6081156
"SP",2023-12-24,3084,826.5,231,1508,186,1714,89.95,2759,30,2759,2257.5,5096306.25
"SP",2023-12-31,7395,506,197,1624,114.7,3556,32.9,3556,11,3967,6889,47458321
"SP",2024-01-07,9320,1965,428,3285,220,7360,197,7914,81.925,11464,7355,54096025
"SP",2024-01-14,13718,1965,428,4699.25,220,7914,220,10497,185.8,11464,11753,138133009
"SP",2024-01-21,19738,1965,487,4760,220,7914,214,11464,185.8,13792.5499999999,17773,315879529
"SP",2024-01-28,23881,1955,734.75,6667.75,280,11964,220,16154,130.45,18581,21926,480749476
"SP",2024-02-04,32307,3670,329,11464,280,15482,259,18693,143.125,26487,28637,820077769
"SP",2024-02-11,44975,3670,329,11464,282,18693,273.9,26487,143.825,40325,41305,1706103025
"SP",2024-02-18,56898,4769,603,12801,282,18693,245.95,27826,135.8,40325,52129,2717432641
"SP",2024-02-25,71633,7125,1113,13533,269.7,40325,188.8,40325,136.7,44101,64508,4161282064
"SP",2024-03-03,85211,10497,2647.25,14588,272,40325,236,52604,144,52795.4249999998,74714,5582181796
"SP",2024-03-10,101311,11533,6128,15556,497,27826,236,44101,228,60261,89778,8060089284
"SP",2024-03-17,131757,8712,6128,18452,462,27826,236,29820,223.95,52604,123045,15140072025
"SP",2024-03-24,124266,9476,1876,15646,236,27826,236,27826,224,29820,114790,13176744100
"SP",2024-03-31,141429,10430,1398,23519,296,47711,236,47711,160.225,54823,130999,17160738001
"SP",2024-04-07,156578,10955,1714,27108,497,27826,236,44101,224,54018,145623,21206058129
"SP",2024-04-14,150206,9036,1876,23519,585,27826,236,29820,124.925,44101,141170,19928968900
"SP",2024-04-21,143270,11461,2093,22296,557.3,28934,236,39129,161,44101,131809,17373612481
"SP",2024-04-28,148267,10497,1876,22296,1398,39129,510.3,39129,144,39129,137770,18980572900
"SP",2024-05-05,159561,6366,2253,14588,592,18693,144,27108,144,31058,153195,23468708025
"SP",2024-05-12,149098,10497,2112.5,13732,592,16388,296.8,22956,142,29982,138601,19210237201
"SP",2024-05-19,111943,8174,1113,13732,395,22956,305.35,22956,125,22956,103769,10768005361
"SP",2024-05-26,70482,7427,741,10226,293,16154,144,22956,89,22956,63055,3975933025
"SP",2024-06-02,45666,1075,448,2682,258,6067,89,7106,89,9527,44591,1988357281
"SP",2024-06-09,41835,674,487,1562,258,4871,185.6,7106,92,9527,41161,1694227921
"SP",2024-06-16,34116,674,487,1524,241,3879,208,7434,89,7434,33442,1118367364
"SP",2024-06-23,23046,712,367,1460,208,3610,185.55,6183,90,6183,22334,498807556
"SP",2024-06-30,14991,751,208,1460,193,3610,138,3610,43,3869,14240,202777600
"SP",2024-07-07,10192,619,193,1458.5,162,1772,87.7,2429,33.975,3610,9573,91642329
"SP",2024-07-14,7720,619,193,1772,160,1772,88.95,1772,37.9,2429,7101,50424201
"SP",2024-07-21,6532,397,162,1460,136,1772,89,1772,40,1887.2,6135,37638225
"SP",2024-07-28,5554,405,162,949,94,1772,66,1772,32.825,1772,5149,26512201
"SP",2024-08-04,4468,570.5,175,887,113,949,90,1772,36,1772,3897.5,15190506.25
"SP",2024-08-11,3877,393.5,131,742,97,887,89,887,26,1332.27499999999,3483.5,12134772.25
"SP",2024-08-18,3492,316,113,742,100,845,82,887,22,887,3176,10086976
"SP",2024-08-25,2993,333,113,742,96,742,66,887,24,887,2660,7075600
"SP",2024-09-01,3326,299,113,546,104,742,83,742,29.925,887,3027,9162729
"SP",2024-09-08,3276,318,113,546,104,742,83,742,37,887,2958,8749764
"SP",2024-09-15,3071,314.5,117,546,90,742,82,742,37,887,2756.5,7598292.25
"SP",2024-09-22,3113,314.5,113,437,85,742,62,742,33.95,887,2798.5,7831602.25
"SP",2024-09-29,3067,299,104,418,85,717.3,83,742,35,742,2768,7661824
"TO",2023-10-08,14,34,14,75,7,91,3,110,3,110,20,400
"TO",2023-10-15,34,42,18.75,85,7,97,4,110,3,110,8,64
"TO",2023-10-22,13,42,18,57.75,4,97,4,97,3,110,29,841
"TO",2023-10-29,28,31,14,54,4,74,4,82,3,97,3,9
"TO",2023-11-05,33,29,14,60,4,82,3,94,3,135.05,4,16
"TO",2023-11-12,27,38,22,75,11,95,5,95,3,130.175,11,121
"TO",2023-11-19,53,29,28.5,100,11,138,8,227,5,227.025,24,576
"TO",2023-11-26,69,38,22,138,8,227,5,227,5,227,31,961
"TO",2023-12-03,68,93,24,227,8,227,5,227,5,227,25,625
"TO",2023-12-10,84,160,29,227,23,227,6.90000000000001,227,5,227,76,5776
"TO",2023-12-17,80,111,23,227,14,227,8,227,5,805,31,961
"TO",2023-12-24,71,59.5,23,227,14,227,8,227,5,805,11.5,132.25
"TO",2023-12-31,48,72,30,161.25,13,229,10.9,565.5,3,1091,24,576
"TO",2024-01-07,53,89,51,417,21,502,13,656,11,1063.375,36,1296
"TO",2024-01-14,61,129,43,463,21,567,13,656,11,1051.675,68,4624
"TO",2024-01-21,61,162,21,464,21,502,13,656,13,938,101,10201
"TO",2024-01-28,118,94,49,224.75,21,546,21,656,13,938,24,576
"TO",2024-02-04,129,99,49,423,30,656,21,864,13,971,30,900
"TO",2024-02-11,131,240,99,546,45,656,30,656,21,864,109,11881
"TO",2024-02-18,174,175,72,423,45,656,30,656,21,747,1,1
"TO",2024-02-25,232,197,71.75,423,45,656,30,656,21,938,35,1225
"TO",2024-03-03,252,223,110,497,58,666,45,716.699999999999,21,5246.39999999997,29,841
"TO",2024-03-10,253,228,103.5,518.5,58,676,49,1013,29.925,9676.32499999998,25,625
"TO",2024-03-17,286,221.5,74,573.25,58,676,49,749,21,8528.875,64.5,4160.25
"TO",2024-03-24,232,276,116,602,58,683,51,971,27,8647.69999999996,44,1936
"TO",2024-03-31,252,322,138.5,513,58,676,38,749,21,4785.04999999999,70,4900
"TO",2024-04-07,318,322,151,455.25,60,676,50.9,808.049999999999,22.95,4817.24999999996,4,16
"TO",2024-04-14,348,319,151,451,64,683,51,973.099999999998,24,8528.875,29,841
"TO",2024-04-21,272,239,149,383.25,64,656,58,973.099999999998,24,8528.875,33,1089
"TO",2024-04-28,247,236,119.5,349,64,636,44.9,749,21.975,1813.74999999999,11,121
"TO",2024-05-05,198,255,149,428,98.6,636,48,939.799999999999,26.925,4774,57,3249
"TO",2024-05-12,208,236,143,496,95,636,42.95,823.25,28.95,4439.57499999999,28,784
"TO",2024-05-19,164,176,104,513,48,636,35.95,757.199999999999,27,1150,12,144
"TO",2024-05-26,133,176,110,412,42,546,32,756,21,939.4,43,1849
"TO",2024-06-02,77,118,60,176,35,395,27,513,16,606.749999999999,41,1681
"TO",2024-06-09,63,89,53,179,27,341,21,395,12,567.624999999999,26,676
"TO",2024-06-16,51,98,53,200,30,288,21,395,16,449.124999999999,47,2209
"TO",2024-06-23,40,68,33,166,24.9,288,16,379,9,431,28,784
"TO",2024-06-30,39,47.5,34,97,21,189,17,278,8,349,8.5,72.25
"TO",2024-07-07,19,47,27,92,13.9,109,8,155.699999999999,8,189,28,784
"TO",2024-07-14,15,44,24,85,9,109,8,147,8,147,29,841
"TO",2024-07-21,15,30,17,78,8,97,8,109,8,135,15,225
"TO",2024-07-28,18,32,18,78,9,109,8,109,8,135,14,196
"TO",2024-08-04,10,26,14,31,11,69.1,8,102.15,7,109,16,256
"TO",2024-08-11,9,22,13,28,11,73,8,97,7,110,13,169
"TO",2024-08-18,12,17,13,20,10,62,7,80,6,98,5,25
"TO",2024-08-25,14,17,11,21.5,7,70.6000000000001,6,74,4,93,3,9
"TO",2024-09-01,11,12,10,19,7,41,6,66,3,75.1499999999999,1,1
"TO",2024-09-08,14,12,11,19.5,7,62.0000000000002,7,66,3,92,2,4
"TO",2024-09-15,15,12,10,14,7,35,7,37,3,61,3,9
"TO",2024-09-22,4,12,10,16,7,37,7,37,3,46.025,8,64
"TO",2024-09-29,7,17,7,37,7,75,7,85,4,91,10,100
