date,uf,Actual_Cases,Best_Prediction,CI_Low,CI_High
2024/11/24,AC,193,148.5,13.715625,1160.710938
2024/12/01,AC,265,154.75,16.9046875,1138.96875
2024/12/08,AC,375,162.4375,16.4671875,1194.9375
2024/12/15,AC,419,171.5625,18.8421875,1516.5
2024/12/22,AC,436,174.3125,18.0296875,1537.75
2024/12/29,AC,505,432.8142005,-7779.132383,8644.760785
2025/01/05,AC,540,571.6174119,-7640.329172,8783.563996
2025/01/12,AC,536,610.89771,-7601.048874,8822.844294
2025/01/19,AC,629,204.048885,-8007.897699,8415.995469
2025/01/26,AC,664,162.625,17.4109375,1759.654688
2025/02/02,AC,670,149.875,17.6,1745.279688
2025/02/09,AC,601,741.5622337,-7470.38435,8953.508818
2025/02/16,AC,665,161.536318,-8050.410266,8373.482902
2025/02/23,AC,580,144.4375,21.7203125,1705.23125
2025/03/02,AC,370,140.9375,21.6765625,1608.23125
2025/03/09,AC,382,135.3125,20.5515625,1558.364063
2025/03/16,AC,422,132.1875,18.6203125,1460.7625
2025/03/23,AC,305,127.125,16.1828125,1401.45
2025/03/30,AC,235,122.125,17.3703125,1341.1375
2025/04/06,AC,179,118.9375,15.6828125,1036.95
2025/04/13,AC,215,115.3125,16.3703125,1005.7625
2025/04/20,AC,207,143.76778,-8068.178804,8355.714364
2024/10/06,AL,137,109.53125,15.7453125,805.45
2024/10/06,AL,137,108.25,16.4328125,765.9203125
2024/10/13,AL,120,105.1875,17.3703125,766.7953125
2024/10/13,AL,120,103.375,18.1203125,787.2328125
2024/10/20,AL,100,103.1875,18.8703125,813.6078125
2024/10/20,AL,100,106.625,18.6828125,848.1078125
2024/10/27,AL,106,103.4375,17.4953125,784.0453125
2024/10/27,AL,106,100.75,16.5,796.90625
2024/11/03,AL,90,101.96875,16.75,819.09375
2024/11/03,AL,90,99.09375,16.5625,851.4609375
2024/11/10,AL,77,93.59375,16.5625,876.8125
2024/11/10,AL,77,87.90625,16.3109375,898.25
2024/11/17,AL,64,77.24730311,-8134.699281,8289.193887
2024/11/17,AL,64,76.46875,14.8109375,924.5625
2024/11/24,AL,54,73.59375,14.0609375,935
2024/11/24,AL,54,69.84375,13.3109375,954.378125
2024/12/01,AL,60,70.4375,12.4359375,938.378125
2024/12/01,AL,60,67.03125,11.5609375,936.05625
2024/12/08,AL,65,67.84375,11.4984375,925.05625
2024/12/08,AL,65,68.34375,11.4359375,890.49375
2024/12/15,AL,63,67.65625,11.36875,855.778125
2024/12/15,AL,63,65.03125,11.30625,840.840625
2024/12/22,AL,61,66.84375,11.36875,815.690625
2024/12/22,AL,61,68.28125,11.49375,802.065625
2024/12/29,AL,68,66.3125,10.74375,798.253125
2024/12/29,AL,68,65.8125,10.68125,783.440625
2025/01/05,AL,72,71.25,10.11875,790.0546875
2025/01/05,AL,72,82.8125,9.8078125,806.38125
2025/01/12,AL,61,115.125,11.24375,1145.296875
2025/01/12,AL,61,141.125,12.68125,1330.854688
2025/01/19,AL,43,-35.71956813,-8247.666152,8176.227016
2025/01/19,AL,43,-35.71956813,-8247.666152,8176.227016
2025/01/26,AL,59,161.6875,14.74375,1475.471875
2025/01/26,AL,59,181.75,16.68125,1536.04375
2025/02/02,AL,81,196.875,16.93125,1712.426563
2025/02/02,AL,81,211.8125,18.05625,1840.835938
2025/02/09,AL,85,218.75,18.121875,2066.926563
2025/02/09,AL,85,229.3125,18.371875,2116.989063
2025/02/16,AL,74,179.8321674,-8032.114417,8391.778751
2025/02/16,AL,74,179.8321674,-8032.114417,8391.778751
2025/02/23,AL,70,-61.09162392,-8273.038208,8150.85496
2025/02/23,AL,70,-61.09162392,-8273.038208,8150.85496
2025/03/02,AL,63,-49.83381159,-8261.780396,8162.112772
2025/03/02,AL,63,-49.83381159,-8261.780396,8162.112772
2025/03/09,AL,78,71.17953199,-8140.767052,8283.126116
2025/03/09,AL,78,71.17953199,-8140.767052,8283.126116
2025/03/16,AL,115,91.05041994,-8120.896164,8302.997004
2025/03/16,AL,115,91.05041994,-8120.896164,8302.997004
2025/03/23,AL,172,285.9375,19.490625,2452.21875
2025/03/23,AL,172,279.25,18.990625,2475.90625
2025/03/30,AL,149,264.1875,18.615625,2274.585938
2025/03/30,AL,149,250.0625,17.3015625,2115.364063
2025/04/06,AL,132,192.3391372,-8019.607447,8404.285721
2025/04/06,AL,132,192.3391372,-8019.607447,8404.285721
2025/04/13,AL,147,221.84375,16.1140625,1690.051563
2025/04/13,AL,147,210.65625,15.434375,1619.426563
2025/04/20,AL,224,206.21875,16.246875,1553.926563
2025/04/20,AL,224,195.46875,16.684375,1477.301563
2024/10/06,AM,87,183.03125,15.684375,1288.00625
2024/10/13,AM,77,174.46875,15.309375,1195.38125
2024/10/20,AM,92,166.90625,14.1203125,1124.56875
2024/10/27,AM,122,159.28125,12.4953125,1025.25625
2024/11/03,AM,89,141.59375,10.9953125,1062.25625
2024/11/10,AM,70,138.21875,9.9328125,998.284375
2024/11/17,AM,132,129.78125,8.4953125,949.471875
2024/11/24,AM,96,87.06511236,-8124.881472,8299.011696
2024/12/01,AM,141,133.21875,8.74375,982.471875
2024/12/08,AM,128,141.53125,11.0578125,1262.034375
2024/12/15,AM,102,148.78125,13.6828125,1316.26875
2024/12/22,AM,108,153.6875,15.996875,1349.01875
2024/12/29,AM,145,158.375,18.184375,1579.33125
2025/01/05,AM,160,161.75,20.059375,1860.83125
2025/01/12,AM,170,166.8125,20.93125,1881.08125
2025/01/19,AM,193,171.40625,22.55625,1880.95625
2025/01/26,AM,173,174.65625,24.24375,1889.917188
2025/02/02,AM,177,176.15625,25.74375,1938.854688
2025/02/09,AM,219,174.21875,26.7453125,1954.229688
2025/02/16,AM,199,172.46875,28.6203125,1963.042188
2025/02/23,AM,174,161.125,30.2453125,1831.895313
2025/03/02,AM,221,152.28125,29.6828125,1793.554688
2025/03/09,AM,276,147.21875,29.5578125,1770.242188
2025/03/16,AM,200,150.5474537,-8061.39913,8362.494038
2025/03/23,AM,250,182.8100021,-8029.136582,8394.756586
2025/03/30,AM,281,408.1644717,-7803.782112,8620.111056
2025/04/06,AM,242,117.4375,20.8078125,1497.757813
2025/04/13,AM,207,112.125,18.11875,1514.882813
2025/04/20,AM,202,108.125,15.61875,1347.070313
2024/10/06,AP,74,102.3125,13.55625,1124.357813
2024/10/13,AP,70,91.75,11.496875,1205.295313
2024/10/20,AP,56,82.65625,9.184375,1304.857813
2024/10/27,AP,56,77.84375,7.621875,1493.192188
2024/11/03,AP,29,74.03125,6.121875,1605.192188
2024/11/10,AP,47,76.34375,4.746875,2073.754688
2024/11/17,AP,31,81.28125,3.246875,2577.379688
2024/11/24,AP,22,85.25,2.059375,3742.0375
2024/12/01,AP,26,97.65625,2.121875,4503.975
2024/12/08,AP,21,106.78125,2.121875,5349.6625
2024/12/15,AP,27,112.53125,2.121875,6314.85
2024/12/22,AP,31,120.15625,2.121875,7280.107813
2024/12/29,AP,47,132.21875,2.0609375,8004.751563
2025/01/05,AP,96,144.5,2.2484375,9139.251563
2025/01/12,AP,84,159.375,1.875,10030.25156
2025/01/19,AP,110,167.3125,2.1234375,11062.75156
2025/01/26,AP,140,179.6875,2.1859375,11640.90156
2025/02/02,AP,132,190.3125,2.3109375,12150.69219
2025/02/09,AP,137,194.0625,2.1859375,13105.87969
2025/02/16,AP,146,197.25,2.0609375,13565.87969
2025/02/23,AP,99,63.49646839,-8148.450116,8275.443052
2025/03/02,AP,70,-41.1102379,-8253.056822,8170.836346
2025/03/09,AP,70,213.5,8.1234375,13398.87969
2025/03/16,AP,69,74.04205734,-8137.904527,8285.988641
2025/03/23,AP,61,207.5625,14.3109375,11447.56719
2025/03/30,AP,53,194.0150512,-8017.931533,8405.961635
2025/04/06,AP,41,201.375,18.8109375,9583.754688
2025/04/13,AP,55,200.75,22.8734375,8581.559375
2025/04/20,AP,33,195.125,24.6859375,7823.790625
2024/10/06,BA,278,210.5208,-8001.425784,8422.467384
2024/10/06,BA,278,210.5208,-8001.425784,8422.467384
2024/10/06,BA,278,210.5208,-8001.425784,8422.467384
2024/10/13,BA,310,382.6876913,-7829.258893,8594.634275
2024/10/13,BA,310,382.6876913,-7829.258893,8594.634275
2024/10/13,BA,310,382.6876913,-7829.258893,8594.634275
2024/10/20,BA,291,198.5625,42.6203125,1599.526563
2024/10/20,BA,291,183.75,45.99375,562.7921875
2024/10/20,BA,291,184.25,44.55625,586.2921875
2024/10/27,BA,307,187.125,44.11875,585.3546875
2024/10/27,BA,307,190.1875,45.0515625,608.6046875
2024/10/27,BA,307,190.125,44.6703125,606.7921875
2024/11/03,BA,331,194.6875,44.73125,612.9171875
2024/11/03,BA,331,203.8125,43.35625,643.1671875
2024/11/03,BA,331,205.25,41.23125,650.3546875
2024/11/10,BA,306,202.9375,41.35625,662.6046875
2024/11/10,BA,306,205.875,42.10625,669.6953125
2024/11/10,BA,306,196,41.41875,661.2375
2024/11/17,BA,366,196.875,40.35625,694.028125
2024/11/17,BA,366,200.1875,40.975,707.778125
2024/11/17,BA,366,200.875,39.0421875,718.6453125
2024/11/24,BA,412,612.1316318,-7599.814952,8824.078216
2024/11/24,BA,412,612.1316318,-7599.814952,8824.078216
2024/11/24,BA,412,612.1316318,-7599.814952,8824.078216
2024/12/01,BA,434,207.5,37.6671875,746.9625
2024/12/01,BA,434,201.8125,36.2921875,753.5375
2024/12/01,BA,434,195.4375,33.109375,748.3921875
2024/12/08,BA,451,594.7320355,-7617.214549,8806.67862
2024/12/08,BA,451,594.7320355,-7617.214549,8806.67862
2024/12/08,BA,451,594.7320355,-7617.214549,8806.67862
2024/12/15,BA,437,178.0625,26.1140625,830.984375
2024/12/15,BA,437,207.4375,27.5515625,986.609375
2024/12/15,BA,437,224.5,26.671875,1190.721875
2024/12/22,BA,365,253,27.9203125,1260.846875
2024/12/22,BA,365,280.6875,30.7953125,1321.771875
2024/12/22,BA,365,303.625,31.1765625,1397.459375
2024/12/29,BA,477,575.2054717,-7636.741112,8787.152056
2024/12/29,BA,477,394.9375,35.54375,1653.354688
2024/12/29,BA,477,404.5,35.66875,1809.482813
2025/01/05,BA,589,443.8125,38.10625,2062.264063
2025/01/05,BA,589,486.0625,42.1078125,2387.139063
2025/01/05,BA,589,549.9375,46.5375,2820.001563
2025/01/12,BA,683,613.03125,46.7859375,3848.392187
2025/01/12,BA,683,758.28125,50.3515625,4482.960937
2025/01/12,BA,683,938.9116983,-7273.034886,9150.858282
2025/01/19,BA,909,1037.65625,62.4671875,5277.2
2025/01/19,BA,909,1084.71875,70.01875,5758.496875
2025/01/19,BA,909,1108.96875,72.83125,5960.684375
2025/01/26,BA,821,1142.71875,73.3984375,5996.939062
2025/01/26,BA,821,1189.28125,79.7109375,6802.064062
2025/01/26,BA,821,1211.71875,80.9609375,7340.826562
2025/02/02,BA,968,838.2542153,-7373.692369,9050.200799
2025/02/02,BA,968,838.2542153,-7373.692369,9050.200799
2025/02/02,BA,968,838.2542153,-7373.692369,9050.200799
2025/02/09,BA,1070,1265.84375,110.39375,8665.49375
2025/02/09,BA,1070,1307.59375,119.39375,8735.4625
2025/02/09,BA,1070,1325.40625,123.20625,9248.9625
2025/02/16,BA,1103,1394.65625,125.89375,9109.65
2025/02/16,BA,1103,1570.9375,141.86875,8362.717187
2025/02/16,BA,1103,1498.6875,151.86875,8581.35625
2025/02/23,BA,924,1330.5625,159.628125,8333.359375
2025/02/23,BA,924,1369.5625,165.378125,8455.114062
2025/02/23,BA,924,1383.977338,-6827.969246,9595.923922
2025/03/02,BA,969,1057.170368,-7154.776216,9269.116952
2025/03/02,BA,969,1057.170368,-7154.776216,9269.116952
2025/03/02,BA,969,1057.170368,-7154.776216,9269.116952
2025/03/09,BA,1177,1485.946163,-6726.000421,9697.892747
2025/03/09,BA,1177,1485.946163,-6726.000421,9697.892747
2025/03/09,BA,1177,1485.946163,-6726.000421,9697.892747
2025/03/16,BA,1184,714.7987683,-7497.147816,8926.745352
2025/03/16,BA,1184,714.7987683,-7497.147816,8926.745352
2025/03/16,BA,1184,714.7987683,-7497.147816,8926.745352
2025/03/23,BA,1202,1348.146456,-6863.800128,9560.09304
2025/03/23,BA,1202,1348.146456,-6863.800128,9560.09304
2025/03/23,BA,1202,1348.146456,-6863.800128,9560.09304
2025/03/30,BA,1240,1788.9375,194.475,14419.08594
2025/03/30,BA,1240,1834.3125,208.4125,14273.83281
2025/03/30,BA,1240,1851.9375,203.2875,14190.01563
2025/04/06,BA,1158,1868.375,211.275,14095.26563
2025/04/06,BA,1158,1803.3125,200.0875,12913.70313
2025/04/06,BA,1158,1655.15625,182.525,11941.01563
2025/04/13,BA,960,1530.396135,-6681.550449,9742.342719
2025/04/13,BA,960,1443.84375,162.525,10655.43281
2025/04/13,BA,960,1320.09375,151.925,9436.057812
2025/04/20,BA,1369,1199.40625,140.175,8216.682812
2025/04/20,BA,1369,1097.53125,137.26875,7008.057812
2025/04/20,BA,1369,984.21875,123.1484375,6059.279687
2024/10/06,CE,60,874.53125,112.0203125,4968.229687
2024/10/13,CE,64,754.96875,102.9578125,4219.714063
2024/10/20,CE,61,657.34375,91.1453125,3271.134375
2024/10/27,CE,37,547.40625,84.6453125,2301.134375
2024/11/03,CE,46,443.03125,67.3625,2109.446875
2024/11/10,CE,53,320.96875,42.9875,1928.009375
2024/11/17,CE,83,233.625,38.1109375,1722.071875
2024/11/24,CE,55,130,26.68125,812.696875
2024/12/01,CE,47,202.8125,29.43125,1005.173437
2024/12/08,CE,32,224.59375,32.178125,1065.339062
2024/12/15,CE,45,243.15625,35.865625,1175.089062
2024/12/22,CE,18,267.21875,40.615625,1290.203125
2024/12/29,CE,35,313.53125,44.990625,1443.453125
2025/01/05,CE,64,340.71875,49.865625,1549.390625
2025/01/12,CE,78,408.6875,51.990625,2639.390625
2025/01/19,CE,82,480.78125,55.7390625,2917.278125
2025/01/26,CE,104,517.34375,57.9265625,3172.515625
2025/02/02,CE,72,483.8867592,-7728.059825,8695.833343
2025/02/09,CE,89,-4.213025405,-8216.159609,8207.733559
2025/02/16,CE,106,268.9891914,-7942.957393,8480.935775
2025/02/23,CE,78,451.1315402,-7760.815044,8663.078124
2025/03/02,CE,99,533.3089033,-7678.637681,8745.255487
2025/03/09,CE,166,218.7492974,-7993.197287,8430.695881
2025/03/16,CE,196,729.40625,66.5515625,4673.345312
2025/03/23,CE,237,650.53125,62.4890625,4476.93125
2025/03/30,CE,287,629.15625,58.6171875,4422.265625
2025/04/06,CE,258,612.5625,54.303125,4320.328125
2025/04/13,CE,280,513.6651058,-7698.281478,8725.61169
2025/04/20,CE,343,554.4375,44.428125,4373.796875
2024/10/06,DF,179,544.5625,39.865625,4572.046875
2024/10/13,DF,158,483.96875,37.928125,3596.671875
2024/10/20,DF,203,416.875,33.8046875,3360.348437
2024/10/27,DF,261,387.5,31.4921875,3162.660937
2024/11/03,DF,325,338.25,24.365625,2228.285937
2024/11/10,DF,323,350.8125,24.115625,2245.35
2024/11/17,DF,469,633.1281887,-7578.818395,8845.074773
2024/11/24,DF,377,291.875,20.6796875,3127.228125
2024/12/01,DF,422,337.21875,21.6796875,7811.603125
2024/12/08,DF,359,399.21875,23.6578125,9142.790625
2024/12/15,DF,335,516.96875,24.771875,15540.04063
2024/12/22,DF,287,585.21875,27.45625,16712.66563
2024/12/29,DF,353,642.40625,29.08125,19208.22813
2025/01/05,DF,402,769.0625,31.2703125,20586.97813
2025/01/12,DF,344,923.75,32.39375,29015.97813
2025/01/19,DF,384,1014.3125,33.64375,31215.94844
2025/01/26,DF,394,1073.625,35.83125,32791.82344
2025/02/02,DF,476,1232.90625,37.01875,34922.19844
2025/02/09,DF,431,1330.78125,38.9484375,37341.475
2025/02/16,DF,455,1395.84375,42.6359375,39280.7875
2025/02/23,DF,397,1448.09375,45.95,42897.5375
2025/03/02,DF,355,1404.90625,43.2625,42657.28906
2025/03/09,DF,413,1364.15625,40.075,42397.47344
2025/03/16,DF,379,1324.78125,37.7671875,41355.01406
2025/03/23,DF,346,1279.46875,35.8296875,36695.88906
2025/03/30,DF,291,1219.96875,33.2265625,35392.38906
2025/04/06,DF,278,1105.28125,31.73125,29021.38906
2025/04/13,DF,277,1057.34375,29.296875,28093.51406
2025/04/20,DF,352,1006.90625,26.984375,25647.70156
2024/10/06,ES,516,890.21875,24.546875,24296.51406
2024/10/13,ES,649,745.40625,22.7984375,15973.32656
2024/10/20,ES,748,786.7372588,-7425.209325,8998.683843
2024/10/27,ES,647,591.71875,19.1078125,11812.29375
2024/11/03,ES,925,1348.755077,-6863.191507,9560.701661
2024/11/10,ES,973,363.75,17.7375,7627.91875
2024/11/17,ES,1342,849.7864285,-7362.160155,9061.733013
2024/11/24,ES,1640,1259.119375,-6952.827209,9471.065959
2024/12/01,ES,2106,1485.611702,-6726.334882,9697.558286
2024/12/08,ES,2687,1539.913282,-6672.033302,9751.859866
2024/12/15,ES,3252,938.6345711,-7273.312013,9150.581155
2024/12/22,ES,2781,875.9939555,-7335.952628,9087.94054
2024/12/29,ES,1836,966.2817804,-7245.664804,9178.228364
2025/01/05,ES,1962,1158.53125,13.353125,39136.375
2025/01/12,ES,1982,1275.65625,13.165625,47319.75
2025/01/19,ES,2053,1523.75,16.353125,55879.75
2025/01/26,ES,1954,1810.5625,25.1921875,64451.5625
2025/02/02,ES,1614,1992.3125,24.7546875,72774.75
2025/02/09,ES,1339,915.1758639,-7296.77072,9127.122448
2025/02/16,ES,1430,1517.999904,-6693.94668,9729.946488
2025/02/23,ES,978,829.3708284,-7382.575756,9041.317412
2025/03/02,ES,909,1094.154424,-7117.79216,9306.101008
2025/03/09,ES,964,1698.910496,-6513.036088,9910.85708
2025/03/16,ES,975,950.4945899,-7261.451994,9162.441174
2025/03/23,ES,928,368.3548574,-7843.591727,8580.301441
2025/03/30,ES,947,811.8425315,-7400.104052,9023.789116
2025/04/06,ES,882,449.6750185,-7762.271565,8661.621603
2025/04/13,ES,922,904.3800104,-7307.566574,9116.326594
2025/04/20,ES,1004,695.2697187,-7516.676865,8907.216303
2024/10/06,GO,720,723.0785054,-7488.868079,8935.025089
2024/10/06,GO,720,723.0785054,-7488.868079,8935.025089
2024/10/13,GO,728,865.3151755,-7346.631408,9077.26176
2024/10/13,GO,728,865.3151755,-7346.631408,9077.26176
2024/10/20,GO,863,1246.96875,141.59375,24663.9375
2024/10/20,GO,863,1060.15625,129.46875,16149.1125
2024/10/27,GO,970,818.46875,124.76875,7765.1125
2024/10/27,GO,970,1345.836661,-6866.109923,9557.783245
2024/11/03,GO,1089,644.3796663,-7567.566918,8856.32625
2024/11/03,GO,1089,649.65625,118.565625,1464.9875
2024/11/10,GO,1219,767.3838995,-7444.562684,8979.330484
2024/11/10,GO,1219,767.3838995,-7444.562684,8979.330484
2024/11/17,GO,1612,2024.495051,-6187.451533,10236.44163
2024/11/17,GO,1612,2024.495051,-6187.451533,10236.44163
2024/11/24,GO,1678,1172.921342,-7039.025242,9384.867926
2024/11/24,GO,1678,1172.921342,-7039.025242,9384.867926
2024/12/01,GO,1959,2395.87119,-5816.075394,10607.81777
2024/12/01,GO,1959,2395.87119,-5816.075394,10607.81777
2024/12/08,GO,1771,1042.855416,-7169.091168,9254.802
2024/12/08,GO,1771,1042.855416,-7169.091168,9254.802
2024/12/15,GO,1595,1076.09375,121.1,3749.853125
2024/12/15,GO,1595,1143.65625,122.7734375,4145.053125
2024/12/22,GO,1540,1765.362253,-6446.584332,9977.308837
2024/12/22,GO,1540,1765.362253,-6446.584332,9977.308837
2024/12/29,GO,1803,2117.591355,-6094.355229,10329.53794
2024/12/29,GO,1803,2117.591355,-6094.355229,10329.53794
2025/01/05,GO,2650,1537.15625,106.3640625,6615.135938
2025/01/05,GO,2650,1598.46875,97.9359375,7511.198438
2025/01/12,GO,2648,2757.650516,-5454.296068,10969.5971
2025/01/12,GO,2648,2757.650516,-5454.296068,10969.5971
2025/01/19,GO,3405,3677.314208,-4534.632377,11889.26079
2025/01/19,GO,3405,3677.314208,-4534.632377,11889.26079
2025/01/26,GO,3880,3494.704848,-4717.241736,11706.65143
2025/01/26,GO,3880,3494.704848,-4717.241736,11706.65143
2025/02/02,GO,4075,2899.945402,-5312.001182,11111.89199
2025/02/02,GO,4075,2899.945402,-5312.001182,11111.89199
2025/02/09,GO,4253,2911.964192,-5299.982392,11123.91078
2025/02/09,GO,4253,2911.964192,-5299.982392,11123.91078
2025/02/16,GO,4128,2881.6875,197.3,16128.82344
2025/02/16,GO,4128,3246.5625,205.996875,16932.63594
2025/02/23,GO,3612,3271.6875,227.746875,16861.76094
2025/02/23,GO,3612,3274.25,253.059375,17160.52813
2025/03/02,GO,3562,3756.557839,-4455.388745,11968.50442
2025/03/02,GO,3562,3373.0625,280.684375,17773.03906
2025/03/09,GO,3957,4115.258295,-4096.688289,12327.20488
2025/03/09,GO,3957,4115.258295,-4096.688289,12327.20488
2025/03/16,GO,3734,3437.90625,318.5890625,18480.97656
2025/03/16,GO,3734,3498.09375,336.3703125,18523.10156
2025/03/23,GO,3841,3427.5,344.6203125,18404.85156
2025/03/23,GO,3841,3498.125,362.68125,18269.66406
2025/03/30,GO,4012,3536.398061,-4675.548523,11748.34465
2025/03/30,GO,4012,3536.398061,-4675.548523,11748.34465
2025/04/06,GO,3753,2945.75,310.1546875,14914.32969
2025/04/06,GO,3753,2705.5,275.4671875,13711.33125
2025/04/13,GO,3712,2784.117449,-5427.829135,10996.06403
2025/04/13,GO,3712,2784.117449,-5427.829135,10996.06403
2025/04/20,GO,4397,2569.098638,-5642.847946,10781.04522
2025/04/20,GO,4397,2569.098638,-5642.847946,10781.04522
2024/10/06,MA,14,-10.61421522,-8222.560799,8201.332369
2024/10/06,MA,14,-10.61421522,-8222.560799,8201.332369
2024/10/13,MA,15,320.8908865,-7891.055698,8532.83747
2024/10/13,MA,15,320.8908865,-7891.055698,8532.83747
2024/10/20,MA,16,421.5429167,-7790.403667,8633.489501
2024/10/20,MA,16,396.34375,54.1859375,2277.4625
2024/10/27,MA,25,245.125,34.8109375,1208.275
2024/10/27,MA,25,30.125,5.5625,161.775
2024/11/03,MA,20,29.75,5.625,204.65
2024/11/03,MA,20,32.625,6.1234375,262.7125
2024/11/10,MA,24,32.125,6.1234375,265.275
2024/11/10,MA,24,32.125,5.8734375,323.340625
2024/11/17,MA,24,32.625,6.1859375,329.778125
2024/11/17,MA,24,36.125,6.4359375,336.215625
2024/11/24,MA,17,37.5,6.4984375,341.590625
2024/11/24,MA,17,39.1875,6.7484375,346.840625
2024/12/01,MA,15,39.875,6.4359375,571.5140625
2024/12/01,MA,15,41.625,6.3109375,796.2640625
2024/12/08,MA,22,44.0625,7.9984375,890.0140625
2024/12/08,MA,22,49.78125,9.6859375,932.60625
2024/12/15,MA,9,56.15625,10.8734375,1010.54375
2024/12/15,MA,9,62.46875,13.4984375,1251.79375
2024/12/22,MA,12,68.90625,15.5609375,1311.60625
2024/12/22,MA,12,75.34375,17.7484375,1405.18125
2024/12/29,MA,23,85.21875,18.3734375,1515.36875
2024/12/29,MA,23,93.28125,19.0625,1771.30625
2025/01/05,MA,41,105.34375,21.3125,1856.43125
2025/01/05,MA,41,113.96875,22.6859375,1970.36875
2025/01/12,MA,69,140.90625,24.1234375,2504.61875
2025/01/12,MA,69,158.34375,25.4359375,2911.80625
2025/01/19,MA,90,174.21875,27.2484375,3023.11875
2025/01/19,MA,90,181.15625,28.9984375,3093.460937
2025/01/26,MA,123,191.78125,31.3109375,2983.773437
2025/01/26,MA,123,198.78125,33.6140625,2871.5875
2025/02/02,MA,168,205.03125,33.8015625,2874.457812
2025/02/02,MA,168,211.5,33.9890625,2918.66875
2025/02/09,MA,209,212.78125,34.1140625,2915.2625
2025/02/09,MA,209,217.90625,32.8640625,2776.065625
2025/02/16,MA,333,220.40625,31.4890625,2763.878125
2025/02/16,MA,333,222.90625,31.3015625,2740.371875
2025/02/23,MA,207,227.53125,32.3546875,2659.746875
2025/02/23,MA,207,228.34375,31.9171875,2405.621875
2025/03/02,MA,212,227.46875,31.3546875,2390.371875
2025/03/02,MA,212,231.28125,31.16875,2259.229687
2025/03/09,MA,304,218.28125,30.66875,1790.479687
2025/03/09,MA,304,204.46875,31.35625,1476.7625
2025/03/16,MA,374,199.78125,33.41875,1437.575
2025/03/16,MA,374,202.71875,32.48125,1398.295312
2025/03/23,MA,335,299.6325983,-7912.313986,8511.579182
2025/03/23,MA,335,299.6325983,-7912.313986,8511.579182
2025/03/30,MA,343,198.03125,34.4265625,1373.3375
2025/03/30,MA,343,193.34375,37.6765625,1337.775
2025/04/06,MA,250,199.25,41.8640625,1332.93125
2025/04/06,MA,250,196.5,45.9890625,1295.378125
2025/04/13,MA,179,198.375,50.7390625,1333.753125
2025/04/13,MA,179,201.5625,54.2390625,1259.309375
2025/04/20,MA,273,197.375,57.6234375,1254.621875
2025/04/20,MA,273,195.375,61.9359375,1252.434375
2024/10/06,MG,852,1012.026857,-7199.919727,9223.973441
2024/10/06,MG,852,1012.026857,-7199.919727,9223.973441
2024/10/06,MG,852,1012.026857,-7199.919727,9223.973441
2024/10/13,MG,842,923.1852897,-7288.761294,9135.131874
2024/10/13,MG,842,923.1852897,-7288.761294,9135.131874
2024/10/13,MG,842,923.1852897,-7288.761294,9135.131874
2024/10/20,MG,1011,1121.324118,-7090.622466,9333.270702
2024/10/20,MG,1011,1121.324118,-7090.622466,9333.270702
2024/10/20,MG,1011,1121.324118,-7090.622466,9333.270702
2024/10/27,MG,1130,904.3038325,-7307.642751,9116.250417
2024/10/27,MG,1130,904.3038325,-7307.642751,9116.250417
2024/10/27,MG,1130,904.3038325,-7307.642751,9116.250417
2024/11/03,MG,1339,1118.68756,-7093.259024,9330.634144
2024/11/03,MG,1339,1118.68756,-7093.259024,9330.634144
2024/11/03,MG,1339,1118.68756,-7093.259024,9330.634144
2024/11/10,MG,1539,1472.000794,-6739.94579,9683.947378
2024/11/10,MG,1539,1472.000794,-6739.94579,9683.947378
2024/11/10,MG,1539,1472.000794,-6739.94579,9683.947378
2024/11/17,MG,2002,1000.05618,-7211.890404,9212.002764
2024/11/17,MG,2002,1000.05618,-7211.890404,9212.002764
2024/11/17,MG,2002,1000.05618,-7211.890404,9212.002764
2024/11/24,MG,2223,855.7481921,-7356.198392,9067.694776
2024/11/24,MG,2223,855.7481921,-7356.198392,9067.694776
2024/11/24,MG,2223,855.7481921,-7356.198392,9067.694776
2024/12/01,MG,2462,1496.87617,-6715.070414,9708.822754
2024/12/01,MG,2462,1496.87617,-6715.070414,9708.822754
2024/12/01,MG,2462,1496.87617,-6715.070414,9708.822754
2024/12/08,MG,2613,976.0331946,-7235.913389,9187.979779
2024/12/08,MG,2613,976.0331946,-7235.913389,9187.979779
2024/12/08,MG,2613,976.0331946,-7235.913389,9187.979779
2024/12/15,MG,2297,471.34375,65.2609375,5131.1875
2024/12/15,MG,2297,488.71875,64.509375,6314.125
2024/12/15,MG,2297,504.65625,62.134375,7334
2024/12/22,MG,1788,601.3125,65.953125,8743.1875
2024/12/22,MG,1788,622.9375,65.2125,9296.8125
2024/12/22,MG,1788,651.25,71.790625,9810.910937
2024/12/29,MG,2635,823.4375,76.6921875,11877.66094
2024/12/29,MG,2635,866,83.5875,12579.70625
2024/12/29,MG,2635,912.1875,88.4140625,13307.64375
2025/01/05,MG,3752,987.125,89.48125,16510.51875
2025/01/05,MG,3752,1043.3125,96.3859375,19521.76875
2025/01/05,MG,3752,1097.25,98.9921875,24001.51875
2025/01/12,MG,4881,1432.6875,96.3671875,28481.26875
2025/01/12,MG,4881,2055.09375,102.8296875,33746.33125
2025/01/12,MG,4881,2679.71875,105.4546875,38892.51875
2025/01/19,MG,6260,2767.84375,115.96875,41186.39375
2025/01/19,MG,6260,2931.90625,132.584375,48439.58125
2025/01/19,MG,6260,3107.71875,148.43125,54968.14375
2025/01/26,MG,6651,3285.34375,159.971875,56718.03594
2025/01/26,MG,6651,3363.625,159.525,63246.59844
2025/01/26,MG,6651,3506.5,161.7765625,68777.53594
2025/02/02,MG,7524,4028.125,186.9640625,70753.5625
2025/02/02,MG,7524,4467.3125,216.1109375,76924.375
2025/02/02,MG,7524,4587.3125,238.1234375,83836.49531
2025/02/09,MG,8539,5114.75,271.2421875,85233.49531
2025/02/09,MG,8539,5151.25,314.9296875,84495.18281
2025/02/09,MG,8539,5157.0625,342.4640625,84548.43281
2025/02/16,MG,9394,5711.125,388.55,82229.18281
2025/02/16,MG,9394,5489.875,431.9484375,79909.93281
2025/02/16,MG,9394,4951.5625,466.0578125,76813.20469
2025/02/23,MG,7792,4571.3125,511.73125,73673.07969
2025/02/23,MG,7792,4509.875,548.9671875,73200.14219
2025/02/23,MG,7792,4555.8125,578.4140625,67211.76719
2025/03/02,MG,8021,4414.25,610.38125,61640.01719
2025/03/02,MG,8021,4261.75,641.840625,60961.0625
2025/03/02,MG,8021,4326.3125,681.2875,55123.4375
2025/03/09,MG,9433,5666.375,726.85,50705.3125
2025/03/09,MG,9433,5516.84375,726.85,54724.4375
2025/03/09,MG,9433,5118.03125,739.559375,52996.125
2025/03/16,MG,9635,6700.53125,759.0265625,51674.02188
2025/03/16,MG,9635,6892.90625,769.7765625,55281.83438
2025/03/16,MG,9635,7583.21875,774.9640625,58708.89688
2025/03/23,MG,9621,8319.15625,780.1515625,61936.45938
2025/03/23,MG,9621,8083.28125,784.11875,64308.89688
2025/03/23,MG,9621,8208.90625,795.4875,66681.33438
2025/03/30,MG,9456,8470.96875,807.103125,66392
2025/03/30,MG,9456,8334.03125,800.8671875,67696.9375
2025/03/30,MG,9456,9510.09375,820.2421875,69294.0625
2025/04/06,MG,8716,10526.59375,816.0546875,70326.5625
2025/04/06,MG,8716,10454.90625,764.553125,67947.25
2025/04/06,MG,8716,10393.84375,717.678125,65817.39219
2025/04/13,MG,7362,10133.46875,672.553125,63685.53125
2025/04/13,MG,7362,8608.15625,621.303125,61706.03281
2025/04/13,MG,7362,8190.6875,582.4890625,55084.75938
2025/04/20,MG,9002,7959.6875,534.04375,48435.95625
2025/04/20,MG,9002,6191.625,481.48125,41785.87344
2025/04/20,MG,9002,5404.8125,432.23125,35725.68594
2024/10/06,MS,31,855.5762706,-7356.370313,9067.522855
2024/10/06,MS,31,855.5762706,-7356.370313,9067.522855
2024/10/06,MS,31,855.5762706,-7356.370313,9067.522855
2024/10/13,MS,26,476.2296763,-7735.716908,8688.17626
2024/10/13,MS,26,476.2296763,-7735.716908,8688.17626
2024/10/13,MS,26,476.2296763,-7735.716908,8688.17626
2024/10/20,MS,28,759.3578749,-7452.588709,8971.304459
2024/10/20,MS,28,95.3125,23.11875,463.775
2024/10/20,MS,28,99.3125,23.4328125,474.275
2024/10/27,MS,36,101.5,23.8078125,486.6953125
2024/10/27,MS,36,108.1875,23.7453125,529.61875
2024/10/27,MS,36,116.4375,24.18125,544.2421875
2024/11/03,MS,41,123.125,25.6203125,560.765625
2024/11/03,MS,41,134.375,25.8078125,605.971875
2024/11/03,MS,41,139.375,25.6828125,651.5546875
2024/11/10,MS,31,147.5625,25.2453125,759.3046875
2024/11/10,MS,31,154.0625,25.4328125,840.4296875
2024/11/10,MS,31,155.6875,25.4953125,912.903125
2024/11/17,MS,41,160.75,25.6828125,960.153125
2024/11/17,MS,41,165.6875,25.5546875,1046.590625
2024/11/17,MS,41,169.71875,25.4921875,1114.715625
2024/11/24,MS,35,97.26862239,-8114.677962,8309.215206
2024/11/24,MS,35,97.26862239,-8114.677962,8309.215206
2024/11/24,MS,35,97.26862239,-8114.677962,8309.215206
2024/12/01,MS,39,-59.13649777,-8271.083082,8152.810086
2024/12/01,MS,39,-59.13649777,-8271.083082,8152.810086
2024/12/01,MS,39,-59.13649777,-8271.083082,8152.810086
2024/12/08,MS,70,40.96801376,-8170.97857,8252.914598
2024/12/08,MS,70,40.96801376,-8170.97857,8252.914598
2024/12/08,MS,70,40.96801376,-8170.97857,8252.914598
2024/12/15,MS,56,182.9375,14.865625,2362.203125
2024/12/15,MS,56,209.5,16.6046875,3689.828125
2024/12/15,MS,56,222.1875,18.35625,4378.203125
2024/12/22,MS,92,245.3125,19.73125,5458.96875
2024/12/22,MS,92,289.625,22.0375,5979.46875
2024/12/22,MS,92,310.3125,25.103125,7319.34375
2024/12/29,MS,137,339.28125,27.228125,7765.345313
2024/12/29,MS,137,353.15625,29.915625,8207.234375
2024/12/29,MS,137,374.09375,33.103125,8711.925
2025/01/05,MS,206,329.1363836,-7882.8102,8541.082968
2025/01/05,MS,206,329.1363836,-7882.8102,8541.082968
2025/01/05,MS,206,329.1363836,-7882.8102,8541.082968
2025/01/12,MS,255,484.84375,43.978125,11498.59219
2025/01/12,MS,255,544.03125,48.478125,13596.77969
2025/01/12,MS,255,625.625,52.9703125,13856.4125
2025/01/19,MS,278,632.8759998,-7579.070584,8844.822584
2025/01/19,MS,278,632.8759998,-7579.070584,8844.822584
2025/01/19,MS,278,632.8759998,-7579.070584,8844.822584
2025/01/26,MS,340,415.8988552,-7796.047729,8627.845439
2025/01/26,MS,340,415.8988552,-7796.047729,8627.845439
2025/01/26,MS,340,415.8988552,-7796.047729,8627.845439
2025/02/02,MS,347,860.125,73.209375,23700.82031
2025/02/02,MS,347,877.7332977,-7334.213286,9089.679882
2025/02/02,MS,347,877.7332977,-7334.213286,9089.679882
2025/02/09,MS,416,982.25,75.5109375,31722.42656
2025/02/09,MS,416,1029.3125,79.6984375,32392.23906
2025/02/09,MS,416,1055.8125,84.3234375,32806.48906
2025/02/16,MS,445,463.2204135,-7748.726171,8675.166997
2025/02/16,MS,445,463.2204135,-7748.726171,8675.166997
2025/02/16,MS,445,463.2204135,-7748.726171,8675.166997
2025/02/23,MS,491,802.0495803,-7409.897004,9013.996164
2025/02/23,MS,491,802.0495803,-7409.897004,9013.996164
2025/02/23,MS,491,802.0495803,-7409.897004,9013.996164
2025/03/02,MS,592,528.7324552,-7683.214129,8740.679039
2025/03/02,MS,592,528.7324552,-7683.214129,8740.679039
2025/03/02,MS,592,528.7324552,-7683.214129,8740.679039
2025/03/09,MS,631,1283.5625,110.184375,47641.71875
2025/03/09,MS,631,1285.25,109.44375,48679.6875
2025/03/09,MS,631,1284.5,108.1421875,50551.4375
2025/03/16,MS,823,1230.19791,-6981.748674,9442.144494
2025/03/16,MS,823,1230.19791,-6981.748674,9442.144494
2025/03/16,MS,823,1230.19791,-6981.748674,9442.144494
2025/03/23,MS,809,500.7368321,-7711.209752,8712.683416
2025/03/23,MS,809,500.7368321,-7711.209752,8712.683416
2025/03/23,MS,809,500.7368321,-7711.209752,8712.683416
2025/03/30,MS,717,316.8625985,-7895.083985,8528.809183
2025/03/30,MS,717,316.8625985,-7895.083985,8528.809183
2025/03/30,MS,717,316.8625985,-7895.083985,8528.809183
2025/04/06,MS,774,1101.4375,99.759375,59996.97031
2025/04/06,MS,774,1019.6875,93.715625,57598.84531
2025/04/06,MS,774,943.5625,88.40625,55601.20625
2025/04/13,MS,802,865.25,82.771875,53203.08125
2025/04/13,MS,802,806.4375,78.284375,50707.13906
2025/04/13,MS,802,741.75,76.9171875,44048.95156
2025/04/20,MS,940,682.9375,75.5421875,37390.76406
2025/04/20,MS,940,621.625,69.5421875,34519.85
2025/04/20,MS,940,556,61.8609375,32613.5375
2024/10/06,MT,80,491.0625,56.7359375,27864.4125
2024/10/06,MT,80,418.3125,53.678125,21802.7875
2024/10/06,MT,80,361.4375,50.1125,17054.91719
2024/10/13,MT,94,183.0340454,-8028.912539,8394.980629
2024/10/13,MT,94,183.0340454,-8028.912539,8394.980629
2024/10/13,MT,94,183.0340454,-8028.912539,8394.980629
2024/10/20,MT,100,145.90625,40.3,1554.265625
2024/10/20,MT,100,111.25,38.6125,300.0671875
2024/10/20,MT,100,118.4375,38.5484375,318.3796875
2024/10/27,MT,113,120.8125,38.8609375,340.0671875
2024/10/27,MT,113,126.0625,39.8609375,370.2546875
2024/10/27,MT,113,126.5,39.3,400.4421875
2024/11/03,MT,132,136.125,40.4890625,430.7546875
2024/11/03,MT,132,123.1057644,-8088.84082,8335.052348
2024/11/03,MT,132,123.1057644,-8088.84082,8335.052348
2024/11/10,MT,173,160.4375,39.4265625,556.5828125
2024/11/10,MT,173,163.375,40.5515625,585.7875
2024/11/10,MT,173,162.75,40.3640625,634.975
2024/11/17,MT,226,165.5625,42.171875,678.5953125
2024/11/17,MT,226,170.6875,44.9,729.8453125
2024/11/17,MT,226,177.375,44.21875,777.2203125
2024/11/24,MT,305,184.25,45.403125,818.1578125
2024/11/24,MT,305,183.875,46.525,859.0953125
2024/11/24,MT,305,184.4375,43.775,920.2203125
2024/12/01,MT,455,184.875,43.7140625,948.0953125
2024/12/01,MT,455,188.8125,43.3390625,1001.979688
2024/12/01,MT,455,188.78125,42.2640625,1017.979688
2024/12/08,MT,555,242.372148,-7969.574436,8454.318732
2024/12/08,MT,555,242.372148,-7969.574436,8454.318732
2024/12/08,MT,555,242.372148,-7969.574436,8454.318732
2024/12/15,MT,641,342.7326173,-7869.213967,8554.679201
2024/12/15,MT,641,342.7326173,-7869.213967,8554.679201
2024/12/15,MT,641,342.7326173,-7869.213967,8554.679201
2024/12/22,MT,648,214.25,37.50625,1569.5625
2024/12/22,MT,648,226.9375,43.3265625,1641.5
2024/12/22,MT,648,242.6875,41.0359375,1788.375
2024/12/29,MT,1007,252.3125,43.4078125,1865.5625
2024/12/29,MT,1007,282.03125,45.0953125,1996.875
2024/12/29,MT,1007,300.09375,45.9109375,2050.8125
2025/01/05,MT,1612,822.701332,-7389.245252,9034.647916
2025/01/05,MT,1612,822.701332,-7389.245252,9034.647916
2025/01/05,MT,1612,822.701332,-7389.245252,9034.647916
2025/01/12,MT,2060,1004.55661,-7207.389974,9216.503194
2025/01/12,MT,2060,1004.55661,-7207.389974,9216.503194
2025/01/12,MT,2060,1004.55661,-7207.389974,9216.503194
2025/01/19,MT,2198,466.8125,88.8453125,2714.678125
2025/01/19,MT,2198,474.28125,93.2203125,2692.189063
2025/01/19,MT,2198,497.96875,100.6484375,2694.189063
2025/01/26,MT,1991,504.96875,101.5203125,2605.4375
2025/01/26,MT,1991,525.40625,107.8359375,2692.3125
2025/01/26,MT,1991,566.28125,109.3359375,2676.8125
2025/02/02,MT,1810,755.0241537,-7456.92243,8966.970738
2025/02/02,MT,1810,755.0241537,-7456.92243,8966.970738
2025/02/02,MT,1810,755.0241537,-7456.92243,8966.970738
2025/02/09,MT,1768,607.5,120.2796875,2513.395313
2025/02/09,MT,1768,617.46875,116.4875,2597.665625
2025/02/09,MT,1768,654.09375,118.321875,2555.090625
2025/02/16,MT,1651,683.59375,118.071875,2525.028125
2025/02/16,MT,1651,726.78125,123.2171875,2497.83125
2025/02/16,MT,1651,788.40625,127.16875,2304.70625
2025/02/23,MT,1138,789.28125,123.54375,2271.45625
2025/02/23,MT,1138,793.21875,128.4015625,2244.59375
2025/02/23,MT,1138,815.65625,134.2140625,2226.03125
2025/03/02,MT,1146,805.28125,127.9109375,2207.84375
2025/03/02,MT,1146,830.78125,134.3265625,2449.815625
2025/03/02,MT,1146,871.59375,133.88125,2388.190625
2025/03/09,MT,1116,847.71875,128.94375,2378.378125
2025/03/09,MT,1116,879.34375,129.753125,2420.834375
2025/03/09,MT,1116,907.65625,127.003125,2357.65625
2025/03/16,MT,1014,879.84375,129.128125,2356.46875
2025/03/16,MT,1014,895.53125,130.1234375,2364.040625
2025/03/16,MT,1014,933,136.3734375,2263.207813
2025/03/23,MT,1043,883.875,131.5609375,2215.720313
2025/03/23,MT,1043,850.625,127.8109375,2228.407813
2025/03/23,MT,1043,848.4375,130.3171875,2205.729688
2025/03/30,MT,992,871.1746201,-7340.771964,9083.121204
2025/03/30,MT,992,871.1746201,-7340.771964,9083.121204
2025/03/30,MT,992,871.1746201,-7340.771964,9083.121204
2025/04/06,MT,1240,806.25,110.459375,2241.904688
2025/04/06,MT,1240,777.875,108.084375,2149.592188
2025/04/06,MT,1240,712.1875,98.046875,1794.807813
2025/04/13,MT,1071,638.25,88.4296875,1692.307813
2025/04/13,MT,1071,599.625,82.8046875,1600.059375
2025/04/13,MT,1071,534.5,71.3703125,1470.439063
2025/04/20,MT,1253,470.625,66.55625,1387.689063
2025/04/20,MT,1253,437.8125,61.4296875,1308.501563
2025/04/20,MT,1253,403.9375,56.8703125,1227.876563
2024/10/06,PA,83,342.625,46.5578125,1136.939063
2024/10/13,PA,102,331.6875,41.24375,1079.189063
2024/10/20,PA,114,307,36.86875,989.3296875
2024/10/27,PA,122,244.1875,26.36875,891.3921875
2024/11/03,PA,138,237.09375,21.1796875,816.8296875
2024/11/10,PA,157,184.71875,19.115625,742.0875
2024/11/17,PA,194,139.78125,16.303125,653.7828125
2024/11/24,PA,150,117.09375,17.678125,580.0328125
2024/12/01,PA,185,143.59375,20.053125,643.0328125
2024/12/08,PA,195,154.46875,23.803125,745.0953125
2024/12/15,PA,206,185.15625,27.55,806.4078125
2024/12/22,PA,181,215.71875,30.734375,900.96875
2024/12/29,PA,289,260.09375,36.234375,954.78125
2025/01/05,PA,491,273.90625,39.5484375,989.84375
2025/01/12,PA,678,284.34375,42.1125,1005.59375
2025/01/19,PA,682,298.46875,44.8015625,1014.65625
2025/01/26,PA,755,522.7480788,-7689.198505,8734.694663
2025/02/02,PA,862,310.34375,49.428125,1026.989063
2025/02/09,PA,930,480.2866713,-7731.659913,8692.233255
2025/02/16,PA,782,321.875,54.053125,1044.535938
2025/02/23,PA,681,504.8845991,-7707.061985,8716.831183
2025/03/02,PA,684,929.7262459,-7282.220338,9141.67283
2025/03/09,PA,674,292.65625,52.6078125,958.5828125
2025/03/16,PA,681,617.9816945,-7593.96489,8829.928278
2025/03/23,PA,634,246.71875,47.7953125,859.0203125
2025/03/30,PA,617,237.46875,44.7328125,759.3953125
2025/04/06,PA,555,423.9361862,-7788.010398,8635.88277
2025/04/13,PA,522,179.15625,39.1734375,599.9578125
2025/04/20,PA,604,664.440999,-7547.505585,8876.387583
2024/10/06,PB,118,123.21875,31.8609375,480.2703125
2024/10/06,PB,118,112.59375,29.7359375,443.1453125
2024/10/13,PB,114,99.28125,27.1109375,412.3328125
2024/10/13,PB,114,93.34375,24.7359375,390.625
2024/10/20,PB,139,87.53125,22.6703125,393.134375
2024/10/20,PB,139,83.28125,20.6078125,366.196875
2024/10/27,PB,125,79.25,18.1078125,354.946875
2024/10/27,PB,125,76.25,16.24375,343.696875
2024/11/03,PB,111,77.0625,16.36875,369.196875
2024/11/03,PB,111,76.5625,16.1765625,390.071875
2024/11/10,PB,109,78.5625,16.6703125,423.259375
2024/11/10,PB,109,79.375,16.4828125,456.446875
2024/11/17,PB,128,80.3125,16.4828125,489.696875
2024/11/17,PB,128,79.6875,16.1109375,523.509375
2024/11/24,PB,111,79.1875,15.2359375,558.571875
2024/11/24,PB,111,79.5,14.8609375,600.759375
2024/12/01,PB,126,77.125,14.046875,628.571875
2024/12/01,PB,126,76.0625,13.234375,707.134375
2024/12/08,PB,135,74.9375,13.859375,747.446875
2024/12/08,PB,135,74.0625,14.484375,791.946875
2024/12/15,PB,100,75.375,14.9875,762.1140625
2024/12/15,PB,100,79.875,15.3625,798.0515625
2024/12/22,PB,105,78.3125,15.7375,801.4515625
2024/12/22,PB,105,78.3125,17.1671875,798.8265625
2024/12/29,PB,92,78.4375,18.478125,787.5171875
2024/12/29,PB,92,83.5625,19.10625,807.915625
2025/01/05,PB,100,84,19.4875,796.759375
2025/01/05,PB,100,88.5,21.3625,801.6078125
2025/01/12,PB,143,98.125,21.671875,1086.857813
2025/01/12,PB,143,106.625,23.04375,1158.357813
2025/01/19,PB,190,112.25,24.23125,1222.835938
2025/01/19,PB,190,117.875,25.66875,1286.835938
2025/01/26,PB,175,134.9375,27.728125,1472.585938
2025/01/26,PB,175,160.1875,30.665625,1607.085938
2025/02/02,PB,211,221.0126634,-7990.933921,8432.959247
2025/02/02,PB,211,201.9375,36.853125,1896.960938
2025/02/09,PB,300,216.5625,36.7234375,2082.471875
2025/02/09,PB,300,227.75,39.03125,2206.034375
2025/02/16,PB,360,333.9622142,-7877.98437,8545.908798
2025/02/16,PB,360,333.9622142,-7877.98437,8545.908798
2025/02/23,PB,161,270.125,40.040625,2491.63125
2025/02/23,PB,161,302,40.6046875,2552.170313
2025/03/02,PB,173,315,43.159375,2662.139063
2025/03/02,PB,173,347.3125,43.26875,2749.353125
2025/03/09,PB,223,225.3073335,-7986.63925,8437.253918
2025/03/09,PB,223,225.3073335,-7986.63925,8437.253918
2025/03/16,PB,199,405.0625,48.3375,2771.0625
2025/03/16,PB,199,421.4375,49.4625,2791.25
2025/03/23,PB,199,411.6393071,-7800.307277,8623.585891
2025/03/23,PB,199,411.6393071,-7800.307277,8623.585891
2025/03/30,PB,219,392,50.0296875,2517.9375
2025/03/30,PB,219,386.375,51.6546875,2355.4375
2025/04/06,PB,248,373.625,51.659375,2210.0625
2025/04/06,PB,248,361.75,51.4765625,2092.3125
2025/04/13,PB,271,355.3125,52.3515625,2048.6875
2025/04/13,PB,271,348.4375,53.5390625,2015.9375
2025/04/20,PB,311,330.9375,53.6,1972.5
2025/04/20,PB,311,297.875,53.596875,1962.1875
2024/10/06,PE,231,289.0625,50.4796875,2073.9375
2024/10/06,PE,231,255.75,49.5578125,2115.9375
2024/10/13,PE,240,242.0625,47.4328125,2179.5
2024/10/13,PE,240,207.9375,46.7453125,2086.040625
2024/10/20,PE,247,188.625,44.0578125,2003.415625
2024/10/20,PE,247,171.6875,42.1828125,2128.353125
2024/10/27,PE,245,149.3125,39.6203125,2143.915625
2024/10/27,PE,245,143.6875,37.1828125,2256.165625
2024/11/03,PE,255,144.25,35.1828125,2496.978125
2024/11/03,PE,255,142.125,31.6828125,2728.790625
2024/11/10,PE,229,144.25,31.7453125,2718.853125
2024/11/10,PE,229,146.6875,29.671875,2940.165625
2024/11/17,PE,264,143.25,27.984375,3122.728125
2024/11/17,PE,264,141.1875,25.728125,3305.290625
2024/11/24,PE,282,135.375,23.7296875,3226.439063
2024/11/24,PE,282,132.5,22.7328125,3299.501563
2024/12/01,PE,209,125.84375,21.9203125,3082.546875
2024/12/01,PE,209,121.28125,20.5453125,2946.498438
2024/12/08,PE,239,118.875,21.1078125,2827.785938
2024/12/08,PE,239,115.25,21.1703125,2905.182813
2024/12/15,PE,259,352.7387063,-7859.207878,8564.68529
2024/12/15,PE,259,352.7387063,-7859.207878,8564.68529
2024/12/22,PE,206,109.5,21.0453125,2345.810938
2024/12/22,PE,206,110.6875,22.8578125,2404.810938
2024/12/29,PE,215,106.5,23.2328125,2177.310938
2024/12/29,PE,215,107.875,23.1671875,2018.604688
2025/01/05,PE,253,239.0081314,-7972.938453,8450.954715
2025/01/05,PE,253,239.0081314,-7972.938453,8450.954715
2025/01/12,PE,237,129.9375,25.240625,1923.226563
2025/01/12,PE,237,135.6875,25.996875,1961.726563
2025/01/19,PE,254,152.625,27.9296875,2264.453125
2025/01/19,PE,254,160.75,28.3,2406.015625
2025/01/26,PE,279,183.34375,31.3,2630.595313
2025/01/26,PE,279,203.78125,32.9859375,2861.370313
2025/02/02,PE,364,222.3125,34.2984375,3051.746875
2025/02/02,PE,364,238.875,35.5484375,3085.559375
2025/02/09,PE,394,345.125,39.503125,3326.246875
2025/02/09,PE,394,363.8125,45.565625,3534.954688
2025/02/16,PE,475,381.1875,50.253125,3716.767188
2025/02/16,PE,475,396.875,53.253125,3585.992188
2025/02/23,PE,339,413.125,58.128125,3682.176563
2025/02/23,PE,339,452.5625,59.75625,3828.195313
2025/03/02,PE,354,478,65.25625,4108.135938
2025/03/02,PE,354,519.75,71.128125,4404.385938
2025/03/09,PE,530,528.875,77.565625,4332.010938
2025/03/09,PE,530,556.625,79.8140625,4380.198438
2025/03/16,PE,608,570.5679208,-7641.378663,8782.514505
2025/03/16,PE,608,598.25,88.5015625,4399.135938
2025/03/23,PE,673,601.4375,91.8140625,4474.135938
2025/03/23,PE,673,611.4375,96.246875,4538.534375
2025/03/30,PE,839,589.0625,93.121875,4284.370313
2025/03/30,PE,839,567.8125,90.059375,4143.870313
2025/04/06,PE,860,804.2641123,-7407.682472,9016.210696
2025/04/06,PE,860,804.2641123,-7407.682472,9016.210696
2025/04/13,PE,838,877.4561705,-7334.490414,9089.402755
2025/04/13,PE,838,877.4561705,-7334.490414,9089.402755
2025/04/20,PE,831,674.3028311,-7537.643753,8886.249415
2025/04/20,PE,831,674.3028311,-7537.643753,8886.249415
2024/10/06,PI,37,285.75,49.8546875,2422.251563
2024/10/06,PI,37,235.25,42.9203125,2079.13125
2024/10/13,PI,43,195,34.0453125,1763.285938
2024/10/13,PI,43,156.53125,30.484375,1431.035938
2024/10/20,PI,36,128.84375,23.93125,1106.910938
2024/10/20,PI,36,82.71875,19.68125,773.7390625
2024/10/27,PI,26,54.96875,13.80625,434.5546875
2024/10/27,PI,26,22.15625,7.9375,95.1171875
2024/11/03,PI,32,22.53125,7.875,99.5234375
2024/11/03,PI,32,22.71875,8.3734375,102.965625
2024/11/10,PI,33,22.53125,8.3109375,110.778125
2024/11/10,PI,33,22.21875,8.3734375,113.465625
2024/11/17,PI,29,22.65625,8.9984375,116.1515625
2024/11/17,PI,29,23.125,9.3109375,118.2140625
2024/11/24,PI,46,23.125,8.7484375,120.9140625
2024/11/24,PI,46,22.625,8.3734375,122.1640625
2024/12/01,PI,25,22.9375,7.9984375,144.6640625
2024/12/01,PI,25,23.53125,7.6234375,182.5390625
2024/12/08,PI,38,26.53125,8.1859375,180.0203125
2024/12/08,PI,38,28.875,8.7484375,206.9578125
2024/12/15,PI,26,30.375,9.2484375,211.5328125
2024/12/15,PI,26,33.6875,9.9984375,209.2046875
2024/12/22,PI,24,36.84375,10.3734375,212.0140625
2024/12/22,PI,24,40.96875,11.6828125,220.5765625
2024/12/29,PI,40,41.84375,12.9328125,226.96875
2024/12/29,PI,40,44.28125,14.11875,245.1515625
2025/01/05,PI,71,46.65625,15.2390625,329.9640625
2025/01/05,PI,71,52.34375,16.4265625,469.85625
2025/01/12,PI,103,60.84375,15.6765625,839.04375
2025/01/12,PI,103,69.21875,15.0515625,1207.91875
2025/01/19,PI,130,80.90625,15.9265625,1384.404688
2025/01/19,PI,130,92.46875,16.60625,1537.546875
2025/01/26,PI,144,107.625,19.04375,1655.796875
2025/01/26,PI,144,118.40625,21.10625,1914.196875
2025/02/02,PI,172,133.03125,23.04375,2035.810938
2025/02/02,PI,172,143.90625,24.54375,2076.060938
2025/02/09,PI,230,159.84375,26.48125,2175.821875
2025/02/09,PI,230,169.46875,27.48125,2277.571875
2025/02/16,PI,236,175.125,29.23125,2351.009375
2025/02/16,PI,236,180,29.546875,2527.384375
2025/02/23,PI,234,192,31.734375,2665.085938
2025/02/23,PI,234,217.125,31.8,2773.059375
2025/03/02,PI,255,227.875,32.6765625,2787.934375
2025/03/02,PI,255,251.25,33.1140625,2779.729688
2025/03/09,PI,266,270.4375,37.9875,2506.86875
2025/03/09,PI,266,281.90625,39.8609375,2231.74375
2025/03/16,PI,359,295,43.9234375,2150.620313
2025/03/16,PI,359,302.5625,46.43125,2171.353125
2025/03/23,PI,327,313.59375,49.0484375,2142.665625
2025/03/23,PI,327,323.96875,51.2953125,1939.573438
2025/03/30,PI,397,307.71875,48.9828125,1821.448438
2025/03/30,PI,397,297.65625,47.1078125,1774.764063
2025/04/06,PI,364,283.03125,44.2328125,1700.115625
2025/04/06,PI,364,272.375,42.4828125,1623.365625
2025/04/13,PI,324,266.25,40.3578125,1582.553125
2025/04/13,PI,324,263.8125,39.0421875,1433.990625
2025/04/20,PI,384,253.5625,36.3546875,1314.865625
2025/04/20,PI,384,232.75,35.4171875,1223.829688
2024/10/06,PR,489,646.8646699,-7565.081914,8858.811254
2024/10/06,PR,489,646.8646699,-7565.081914,8858.811254
2024/10/13,PR,540,176.375,28.546875,1054.565625
2024/10/13,PR,540,164.125,27.7984375,1022.690625
2024/10/20,PR,599,701.8893386,-7510.057245,8913.835923
2024/10/20,PR,599,701.8893386,-7510.057245,8913.835923
2024/10/27,PR,668,392.9224744,-7819.02411,8604.869058
2024/10/27,PR,668,392.9224744,-7819.02411,8604.869058
2024/11/03,PR,623,579.4776092,-7632.468975,8791.424193
2024/11/03,PR,623,579.4776092,-7632.468975,8791.424193
2024/11/10,PR,667,484.7438008,-7727.202783,8696.690385
2024/11/10,PR,667,484.7438008,-7727.202783,8696.690385
2024/11/17,PR,766,548.0264759,-7663.920108,8759.97306
2024/11/17,PR,766,548.0264759,-7663.920108,8759.97306
2024/11/24,PR,756,746.9196257,-7465.026958,8958.86621
2024/11/24,PR,756,746.9196257,-7465.026958,8958.86621
2024/12/01,PR,776,855.4636074,-7356.482977,9067.410191
2024/12/01,PR,776,855.4636074,-7356.482977,9067.410191
2024/12/08,PR,832,877.6805345,-7334.26605,9089.627119
2024/12/08,PR,832,877.6805345,-7334.26605,9089.627119
2024/12/15,PR,823,1015.409317,-7196.537267,9227.355901
2024/12/15,PR,823,1015.409317,-7196.537267,9227.355901
2024/12/22,PR,855,1010.948899,-7200.997685,9222.895483
2024/12/22,PR,855,1010.948899,-7200.997685,9222.895483
2024/12/29,PR,1153,1422.105625,-6789.840959,9634.052209
2024/12/29,PR,1153,1422.105625,-6789.840959,9634.052209
2025/01/05,PR,1434,1373.666256,-6838.280328,9585.612841
2025/01/05,PR,1434,1373.666256,-6838.280328,9585.612841
2025/01/12,PR,1712,1323.439513,-6888.507071,9535.386097
2025/01/12,PR,1712,1323.439513,-6888.507071,9535.386097
2025/01/19,PR,2084,1810.202816,-6401.743768,10022.1494
2025/01/19,PR,2084,1810.202816,-6401.743768,10022.1494
2025/01/26,PR,2331,1048.056203,-7163.890381,9260.002787
2025/01/26,PR,2331,1048.056203,-7163.890381,9260.002787
2025/02/02,PR,2526,2796.355631,-5415.590953,11008.30222
2025/02/02,PR,2526,2796.355631,-5415.590953,11008.30222
2025/02/09,PR,3664,1377.0625,12.1734375,20305.14219
2025/02/09,PR,3664,1557.1875,14.7359375,22358.45469
2025/02/16,PR,4810,3162.158114,-5049.78847,11374.1047
2025/02/16,PR,4810,3162.158114,-5049.78847,11374.1047
2025/02/23,PR,5328,8476.564654,264.6180704,16688.51124
2025/02/23,PR,5328,2196.21875,19.9875,31349.01719
2025/03/02,PR,6381,7157.731593,-1054.214991,15369.67818
2025/03/02,PR,6381,7157.731593,-1054.214991,15369.67818
2025/03/09,PR,7466,11814.22592,3602.279333,20026.1725
2025/03/09,PR,7466,11814.22592,3602.279333,20026.1725
2025/03/16,PR,8128,2762.40625,21.175,42034.01719
2025/03/16,PR,8128,2787.53125,22.425,43430.0625
2025/03/23,PR,8780,12105.0966,3893.150014,20317.04318
2025/03/23,PR,8780,12105.0966,3893.150014,20317.04318
2025/03/30,PR,9467,15445.0262,7233.079615,23656.97278
2025/03/30,PR,9467,15445.0262,7233.079615,23656.97278
2025/04/06,PR,8537,12457.96167,4246.015082,20669.90825
2025/04/06,PR,8537,12457.96167,4246.015082,20669.90825
2025/04/13,PR,6849,3349.297894,-4862.64869,11561.24448
2025/04/13,PR,6849,3349.297894,-4862.64869,11561.24448
2025/04/20,PR,7716,12838.5138,4626.567211,21050.46038
2025/04/20,PR,7716,12838.5138,4626.567211,21050.46038
2024/10/06,RJ,364,461.0298575,-7750.916727,8672.976441
2024/10/13,RJ,333,583.101192,-7628.845392,8795.047776
2024/10/20,RJ,412,656.72995,-7555.216634,8868.676534
2024/10/27,RJ,388,744.9375,15.421875,11793.5375
2024/11/03,RJ,421,659.75,14.109375,9923.975
2024/11/10,RJ,333,611.3125,12.859375,7378.1
2024/11/17,RJ,312,447.1875,11.734375,4856.4125
2024/11/24,RJ,377,282.875,9.734375,2688.9125
2024/12/01,RJ,392,314.4375,9.2390625,3436.39375
2024/12/08,RJ,426,364.0625,8.553125,4506.08125
2024/12/15,RJ,330,386.90625,8.115625,5793.20625
2024/12/22,RJ,335,398.78125,7.871875,6733.634375
2024/12/29,RJ,585,422.0625,7.246875,7724.759375
2025/01/05,RJ,720,582.125,7.371875,9103.726563
2025/01/12,RJ,762,655.25,7.0609375,10368.57656
2025/01/19,RJ,955,964.7649579,-7247.181626,9176.711542
2025/01/26,RJ,1256,794.03125,5.9375,13342.76719
2025/02/02,RJ,1832,853.1875,5.25,19898.76719
2025/02/09,RJ,2164,897.3125,5,22574.01719
2025/02/16,RJ,1824,959.5625,5.5625,25315.64219
2025/02/23,RJ,1273,975.1875,6.5625,27340.95469
2025/03/02,RJ,1409,953.5625,9.0625,27081.07969
2025/03/09,RJ,1429,936.8125,10.5625,26797.01719
2025/03/16,RJ,1397,863.5,11.5625,26034.51719
2025/03/23,RJ,1243,833.625,13.25,25284.62031
2025/03/30,RJ,1469,955.6690747,-7256.277509,9167.615659
2025/04/06,RJ,1516,761.65625,16.5625,22882.12813
2025/04/13,RJ,1232,750.53125,17.375,21915.3875
2025/04/20,RJ,1369,726.875,18.1234375,20828.95
2024/10/06,RN,125,500.5414959,-7711.405088,8712.48808
2024/10/06,RN,125,478.125,18.9359375,18100.88281
2024/10/13,RN,116,421.3125,19.6765625,16147.88281
2024/10/13,RN,116,327.90625,20.6765625,14978.32031
2024/10/20,RN,102,262.34375,21.4890625,8323.257813
2024/10/20,RN,102,200.59375,21.7390625,5466.945313
2024/10/27,RN,140,132.84375,21.6765625,2609.695313
2024/10/27,RN,140,103.84375,21.3640625,251.3828125
2024/11/03,RN,117,106.21875,19.7390625,248.3203125
2024/11/03,RN,117,106.34375,17.9890625,245.6953125
2024/11/10,RN,97,109.21875,18.2390625,239.146875
2024/11/10,RN,97,109.96875,16.921875,221.8484375
2024/11/17,RN,94,111.65625,16.109375,220.465625
2024/11/17,RN,94,111.53125,14.421875,220.840625
2024/11/24,RN,115,110.78125,13.734375,224.778125
2024/11/24,RN,115,110.03125,12.9859375,225.590625
2024/12/01,RN,111,107.625,12.1734375,252.715625
2024/12/01,RN,111,105.46875,11.5484375,262.6546875
2024/12/08,RN,120,107.40625,11.6203125,291.8421875
2024/12/08,RN,120,107.3125,11.6203125,318.0296875
2024/12/15,RN,133,106.375,12.1203125,343.5921875
2024/12/15,RN,133,107.8125,11.8703125,393.4046875
2024/12/22,RN,102,109.3125,12.3703125,406.9046875
2024/12/22,RN,102,109.75,13.1203125,498.9671875
2024/12/29,RN,67,108.3125,13.5578125,517.7796875
2024/12/29,RN,67,111.625,14.5578125,665.0296875
2025/01/05,RN,87,116.5625,13.6828125,686.765625
2025/01/05,RN,87,117.875,14.25,898.3765625
2025/01/12,RN,102,129.75,15.5,1208.814063
2025/01/12,RN,102,134.9375,17.25,1496.439063
2025/01/19,RN,129,143.25,17.3125,1805.564063
2025/01/19,RN,129,148.75,18.9375,2114.689063
2025/01/26,RN,125,159.5,20.8125,2147.876563
2025/01/26,RN,125,167.1875,23.25,2178.375
2025/02/02,RN,127,174.375,23.9375,2326.25
2025/02/02,RN,127,189.75,24.875,2648.6875
2025/02/09,RN,149,202.5,24.125,2813.1875
2025/02/09,RN,149,215.4375,26.3125,2956.3125
2025/02/16,RN,164,228.96875,28.125,3081.4375
2025/02/16,RN,164,235.46875,28.9375,3128
2025/02/23,RN,166,246.78125,29.246875,3247.8125
2025/02/23,RN,166,278.34375,29.871875,3238.75
2025/03/02,RN,159,290.78125,31.246875,3356.8125
2025/03/02,RN,159,330.40625,31.996875,3284
2025/03/09,RN,254,337.78125,31.9953125,3087.0625
2025/03/09,RN,254,356.84375,33.5578125,2924.125
2025/03/16,RN,244,388.0625,36.4328125,2738.125
2025/03/16,RN,244,407.125,39.3078125,2556.625
2025/03/23,RN,255,426.75,39.5578125,2611.5
2025/03/23,RN,255,437.4375,40.9921875,2693.089063
2025/03/30,RN,307,424,39.0546875,2509.401563
2025/03/30,RN,307,403.9375,37.3046875,2156.026563
2025/04/06,RN,338,387.625,36.8671875,1958.026563
2025/04/06,RN,338,368.125,34.803125,1760.026563
2025/04/13,RN,295,350.28125,32.053125,1620.776563
2025/04/13,RN,295,338.78125,30.178125,1492.589063
2025/04/20,RN,432,324.28125,28.61875,1381.795313
2025/04/20,RN,432,286.28125,27.24375,1251.075
2024/10/06,RO,6,263.6875,25.68125,1166.825
2024/10/13,RO,13,217,23.86875,1056.08125
2024/10/20,RO,7,193.625,21.8078125,980.0984375
2024/10/27,RO,12,165.25,18.3078125,861.8484375
2024/11/03,RO,10,123.09375,15.1828125,821.3484375
2024/11/10,RO,20,97.78125,10.6828125,773.4640625
2024/11/17,RO,14,71.46875,9.0578125,709.784375
2024/11/24,RO,14,65.90625,5.5609375,664.2765625
2024/12/01,RO,23,73.53125,6.1203125,779.5890625
2024/12/08,RO,18,85.34375,7.2453125,935.5265625
2024/12/15,RO,20,101.09375,7.6203125,1031.125
2024/12/22,RO,7,111.53125,7.996875,1086.15625
2024/12/29,RO,33,119.34375,8.496875,1125.46875
2025/01/05,RO,26,123.34375,8.371875,1146.21875
2025/01/12,RO,32,123.59375,8.5578125,1139.45
2025/01/19,RO,60,144.90625,8.8703125,1206.170313
2025/01/26,RO,96,158.25,8.99375,1251.567188
2025/02/02,RO,127,89.05600203,-8122.890582,8301.002586
2025/02/09,RO,72,167.625,10.1171875,1293.789063
2025/02/16,RO,59,175.375,10.7421875,1352.660938
2025/02/23,RO,109,180.375,11.2421875,1302.9875
2025/03/02,RO,161,175.5,10.8671875,1212.371875
2025/03/09,RO,232,165.9375,10.3046875,1153.059375
2025/03/16,RO,369,148.875,9.8046875,1062.790625
2025/03/23,RO,328,405.7392878,-7806.207296,8617.685872
2025/03/30,RO,167,133.674768,-8078.271816,8345.621352
2025/04/06,RO,90,108.75,6.8703125,702.946875
2025/04/13,RO,115,96.5625,6.1203125,650.540625
2025/04/20,RO,133,87.0625,5.3703125,611.8671875
2024/10/06,RR,13,81.9375,5.1203125,576.6921875
2024/10/13,RR,5,78.625,4.496875,553.6921875
2024/10/20,RR,5,54.0625,3.684375,475.5671875
2024/10/27,RR,6,38.75,3.3109375,375.1703125
2024/11/03,RR,5,27.375,2.5,324.4203125
2024/11/10,RR,4,23.71875,1.8125,283.4953125
2024/11/17,RR,2,14.03125,1.0625,219.7484375
2024/11/24,RR,3,6.03125,0.3125,181.234375
2024/12/01,RR,4,5.96875,0.25,197.984375
2024/12/08,RR,4,6.09375,0.1875,210.9140625
2024/12/15,RR,3,6.28125,0.1875,220.396875
2024/12/22,RR,2,6.53125,0.1875,225.0171875
2024/12/29,RR,3,7.40625,0.125,238.2890625
2025/01/05,RR,3,7.90625,0.0625,249.9140625
2025/01/12,RR,4,8.46875,0.0625,273.1296875
2025/01/19,RR,6,9.65625,0.0625,309.996875
2025/01/26,RR,7,10.28125,0.0625,338.9984375
2025/02/02,RR,5,10.78125,0.0625,350.4171875
2025/02/09,RR,9,11.03125,0.0625,371.00625
2025/02/16,RR,5,10.46875,1.29E-13,375.8703125
2025/02/23,RR,10,10.40625,1.29E-13,365.3203125
2025/03/02,RR,11,10.1875,1.29E-13,361.5
2025/03/09,RR,10,10.0625,1.29E-13,352.0625
2025/03/16,RR,9,10,1.29E-13,345.6875
2025/03/23,RR,5,10,1.29E-13,327.875
2025/03/30,RR,10,9.9375,1.29E-13,317.3859375
2025/04/06,RR,14,9.6875,1.29E-13,308.715625
2025/04/13,RR,21,9.25,1.29E-13,302.159375
2025/04/20,RR,19,8.3125,1.29E-13,283.0125
2024/10/06,RS,99,7.6875,1.29E-13,275.0125
2024/10/06,RS,99,7.0625,1.29E-13,246.75
2024/10/13,RS,122,5.9375,1.29E-13,212.43125
2024/10/13,RS,122,4.9375,1.29E-13,180.6078125
2024/10/20,RS,123,4.1875,1.29E-13,183.4765625
2024/10/20,RS,123,3.875,1.29E-13,182.646875
2024/10/27,RS,134,3.6875,1.29E-13,198.7828125
2024/10/27,RS,134,3.375,1.29E-13,217.3328125
2024/11/03,RS,144,3.9375,1.29E-13,250.3953125
2024/11/03,RS,144,4.5,1.29E-13,324.1875
2024/11/10,RS,126,4.5,0.0625,340.2109375
2024/11/10,RS,126,4.5625,0.125,353.5109375
2024/11/17,RS,99,4.5,0.125,389.6875
2024/11/17,RS,99,4.4375,0.125,398
2024/11/24,RS,155,5.25,0.1875,560.30625
2024/11/24,RS,155,5.9375,0.1875,692.74375
2024/12/01,RS,130,6,0.1875,830.628125
2024/12/01,RS,130,6.125,0.1875,991.8421875
2024/12/08,RS,99,6.625,0.1875,1059.342188
2024/12/08,RS,99,6.875,0.1875,1133.464063
2024/12/15,RS,95,7,0.1875,1188.426563
2024/12/15,RS,95,7.6875,0.25,1240.303125
2024/12/22,RS,84,8.125,0.375,1283.64375
2024/12/22,RS,84,8.5625,0.5,1326.33125
2024/12/29,RS,149,11.4375,0.625,1562.278125
2024/12/29,RS,149,11.8125,0.75,2238.235938
2025/01/05,RS,205,12.375,0.75,2557.525
2025/01/05,RS,205,15.75,0.8125,2888.65
2025/01/12,RS,222,351.4935582,-7860.453026,8563.440142
2025/01/12,RS,222,351.4935582,-7860.453026,8563.440142
2025/01/19,RS,262,31.625,1.0625,7055.9
2025/01/19,RS,262,41.125,1.1875,8222.9625
2025/01/26,RS,267,420.3519753,-7791.594609,8632.298559
2025/01/26,RS,267,420.3519753,-7791.594609,8632.298559
2025/02/02,RS,319,139.1326347,-8072.813949,8351.079219
2025/02/02,RS,319,139.1326347,-8072.813949,8351.079219
2025/02/09,RS,471,227.2619786,-7984.684605,8439.208563
2025/02/09,RS,471,227.2619786,-7984.684605,8439.208563
2025/02/16,RS,736,277.3278662,-7934.618718,8489.27445
2025/02/16,RS,736,277.3278662,-7934.618718,8489.27445
2025/02/23,RS,943,423.9857419,-7787.960842,8635.932326
2025/02/23,RS,943,423.9857419,-7787.960842,8635.932326
2025/03/02,RS,1266,389.3125,2.7484375,26360.33281
2025/03/02,RS,1266,418.5,2.8734375,28884.40781
2025/03/09,RS,2282,425.625,2.8734375,28911.90781
2025/03/09,RS,2282,421.6875,2.8734375,27881.22031
2025/03/16,RS,2930,422.875,2.8109375,26644.40781
2025/03/16,RS,2930,431.4375,2.8109375,27300.53281
2025/03/23,RS,5033,780.3808937,-7431.56569,8992.327478
2025/03/23,RS,5033,780.3808937,-7431.56569,8992.327478
2025/03/30,RS,7336,512.15625,2.6875,27434.01406
2025/03/30,RS,7336,507.09375,2.375,26681.1375
2025/04/06,RS,7368,603.9713737,-7607.97521,8815.917958
2025/04/06,RS,7368,603.9713737,-7607.97521,8815.917958
2025/04/13,RS,7517,437,1.8125,22077.06406
2025/04/13,RS,7517,417.8125,1.75,21094.00156
2025/04/20,RS,9441,291.71875,1.5,19209.18906
2025/04/20,RS,9441,229.21875,1.25,12554.35781
2024/10/06,SC,139,198.21875,1,9747.170313
2024/10/13,SC,141,165.53125,0.75,6889.045313
2024/10/20,SC,143,158.09375,0.6875,6477.232813
2024/10/27,SC,176,155.78125,0.625,6016.857813
2024/11/03,SC,179,146.40625,0.5625,4980.232813
2024/11/10,SC,185,128.21875,0.5625,3367.828125
2024/11/17,SC,187,108.25,0.4375,2350.957813
2024/11/24,SC,164,10.3125,0.375,1132.225
2024/12/01,SC,283,14.125,0.4375,1516.975
2024/12/08,SC,393,68.7293296,-8143.217254,8280.675914
2024/12/15,SC,310,23.75,0.5625,2846.9125
2024/12/22,SC,390,33.5625,0.625,4416.4125
2024/12/29,SC,476,164.6624991,-8047.284085,8376.609083
2025/01/05,SC,459,55.25,0.75,6353.65625
2025/01/12,SC,467,253.8855973,-7958.060987,8465.832181
2025/01/19,SC,513,621.264321,-7590.682263,8833.210905
2025/01/26,SC,511,461.9306813,-7750.015903,8673.877265
2025/02/02,SC,476,82.875,0.875,12290.925
2025/02/09,SC,492,134.125,0.9375,14145.8625
2025/02/16,SC,644,151.375,1.0625,15834.97188
2025/02/23,SC,669,211.8125,1.1875,17589.22188
2025/03/02,SC,851,212.3125,1.25,17251.25156
2025/03/09,SC,1138,211.875,1.375,17083.87656
2025/03/16,SC,1335,211.625,1.4375,16980.67188
2025/03/23,SC,1495,209.1875,1.5625,16599.67188
2025/03/30,SC,2027,2347.354601,-5864.591983,10559.30118
2025/04/06,SC,2125,201.8125,1.875,15272.92188
2025/04/13,SC,2023,192.96875,2.0625,13708.73438
2025/04/20,SC,2443,2636.535977,-5575.410608,10848.48256
2024/10/06,SE,13,173.59375,2.3125,11770.67188
2024/10/06,SE,13,173.46875,2.5625,10054.85625
2024/10/13,SE,18,168.96875,2.75,8969.35625
2024/10/13,SE,18,163.90625,2.9375,7824.16875
2024/10/20,SE,10,147.84375,2.9375,5814.173438
2024/10/20,SE,10,96.65625,3.0625,3926.735938
2024/10/27,SE,11,79.90625,3.0625,2238.751563
2024/10/27,SE,11,18.59375,3,336.703125
2024/11/03,SE,17,18.71875,2.9375,353.515625
2024/11/03,SE,17,18.03125,2.8125,367.015625
2024/11/10,SE,7,17.59375,2.6875,358.265625
2024/11/10,SE,7,17.15625,2.5625,360.015625
2024/11/17,SE,9,20.09375,2.5625,357.390625
2024/11/17,SE,9,19.78125,2.375,353.265625
2024/11/24,SE,11,19.1875,2.125,339.834375
2024/11/24,SE,11,17.9375,1.875,328.9015625
2024/12/01,SE,10,16.9375,1.8125,343.5890625
2024/12/01,SE,10,16.1875,1.625,337.975
2024/12/08,SE,7,16.1875,1.75,340.1
2024/12/08,SE,7,16.1875,1.6875,316.7875
2024/12/15,SE,4,16.1875,1.5625,298.2828125
2024/12/15,SE,4,16.1875,1.375,284.7203125
2024/12/22,SE,7,16,1.375,265.6578125
2024/12/22,SE,7,15.90625,1.375,261.01875
2024/12/29,SE,12,14.96875,1.25,247.2171875
2024/12/29,SE,12,14.8125,1.25,233.8421875
2025/01/05,SE,9,14.125,1.1875,233.3421875
2025/01/05,SE,9,15.0625,1.125,256.0078125
2025/01/12,SE,6,14.625,0.9375,279.5078125
2025/01/12,SE,6,20.625,0.875,304.5078125
2025/01/19,SE,9,23.375,1,311.6265625
2025/01/19,SE,9,31.5,1.0625,415.13125
2025/01/26,SE,13,32.6875,1.1875,385.56875
2025/01/26,SE,13,33.1875,1.3125,377.3734375
2025/02/02,SE,14,33.75,1.125,379.5046875
2025/02/02,SE,14,36.8125,1.125,403.45625
2025/02/09,SE,18,37.75,1.3125,412.14375
2025/02/09,SE,18,40.8125,1.5625,419.3984375
2025/02/16,SE,12,44.0625,1.5,428.3984375
2025/02/16,SE,12,45.21875,1.625,437.3984375
2025/02/23,SE,12,46.875,1.809375,441.1375
2025/02/23,SE,12,49.15625,1.996875,454.325
2025/03/02,SE,11,52.90625,2.1828125,471.2578125
2025/03/02,SE,11,55.03125,2.1828125,469.1875
2025/03/09,SE,14,58.28125,2.4953125,449.3125
2025/03/09,SE,14,55.03125,2.8078125,429.4375
2025/03/16,SE,18,53.59375,2.7453125,432.8484375
2025/03/16,SE,18,50.21875,3.05625,339.0890625
2025/03/23,SE,19,50.34375,2.93125,341.9640625
2025/03/23,SE,19,51.15625,3.05625,336.9015625
2025/03/30,SE,42,68.40625,3.61875,383.2703125
2025/03/30,SE,42,85.21875,4.18125,416.13125
2025/04/06,SE,43,92.09375,9.55625,451.44375
2025/04/06,SE,43,96.40625,14.86875,479.6265625
2025/04/13,SE,45,127.84375,16.5546875,527.3140625
2025/04/13,SE,45,161.34375,21.9296875,575.0015625
2025/04/20,SE,71,176.5,28.1828125,622.6890625
2025/04/20,SE,71,194.5,33.4953125,660.5015625
2024/10/06,SP,2801,704.3087491,-7507.637835,8916.255333
2024/10/06,SP,2801,704.3087491,-7507.637835,8916.255333
2024/10/13,SP,3148,606.7888338,-7605.15775,8818.735418
2024/10/13,SP,3148,606.7888338,-7605.15775,8818.735418
2024/10/20,SP,3066,1195.930279,-7016.016305,9407.876863
2024/10/20,SP,3066,1195.930279,-7016.016305,9407.876863
2024/10/27,SP,3388,1522.111386,-6689.835198,9734.05797
2024/10/27,SP,3388,1522.111386,-6689.835198,9734.05797
2024/11/03,SP,3410,1889.795263,-6322.151321,10101.74185
2024/11/03,SP,3410,1889.795263,-6322.151321,10101.74185
2024/11/10,SP,3854,3161.924287,-5050.022297,11373.87087
2024/11/10,SP,3854,3161.924287,-5050.022297,11373.87087
2024/11/17,SP,4800,3966.199131,-4245.747453,12178.14571
2024/11/17,SP,4800,3966.199131,-4245.747453,12178.14571
2024/11/24,SP,5494,4773.788275,-3438.158309,12985.73486
2024/11/24,SP,5494,4773.788275,-3438.158309,12985.73486
2024/12/01,SP,7020,4940.78437,-3271.162214,13152.73095
2024/12/01,SP,7020,4940.78437,-3271.162214,13152.73095
2024/12/08,SP,8914,7225.693838,-986.2527464,15437.64042
2024/12/08,SP,8914,7225.693838,-986.2527464,15437.64042
2024/12/15,SP,9136,2952.658593,-5259.287991,11164.60518
2024/12/15,SP,9136,2952.658593,-5259.287991,11164.60518
2024/12/22,SP,10964,9984.715382,1772.768798,18196.66197
2024/12/22,SP,10964,9984.715382,1772.768798,18196.66197
2024/12/29,SP,19615,7927.591021,-284.3555635,16139.5376
2024/12/29,SP,19615,7927.591021,-284.3555635,16139.5376
2025/01/05,SP,24071,11457.30273,3245.356148,19669.24932
2025/01/05,SP,24071,11457.30273,3245.356148,19669.24932
2025/01/12,SP,28033,12675.86834,4463.921757,20887.81493
2025/01/12,SP,28033,12675.86834,4463.921757,20887.81493
2025/01/19,SP,33655,12423.87373,4211.92715,20635.82032
2025/01/19,SP,33655,12423.87373,4211.92715,20635.82032
2025/01/26,SP,37750,10388.33194,2176.385354,18600.27852
2025/01/26,SP,37750,10388.33194,2176.385354,18600.27852
2025/02/02,SP,36926,17851.44633,9639.499747,26063.39292
2025/02/02,SP,36926,17851.44633,9639.499747,26063.39292
2025/02/09,SP,42357,17030.27988,8818.333294,25242.22646
2025/02/09,SP,42357,17030.27988,8818.333294,25242.22646
2025/02/16,SP,47113,22463.36294,14251.41636,30675.30953
2025/02/16,SP,47113,22463.36294,14251.41636,30675.30953
2025/02/23,SP,49131,25839.31395,17627.36737,34051.26054
2025/02/23,SP,49131,25839.31395,17627.36737,34051.26054
2025/03/02,SP,54900,14346.39253,6134.445944,22558.33911
2025/03/02,SP,54900,14346.39253,6134.445944,22558.33911
2025/03/09,SP,58979,34625.99695,26414.05036,42837.94353
2025/03/09,SP,58979,34625.99695,26414.05036,42837.94353
2025/03/16,SP,60474,35946.60567,27734.65909,44158.55226
2025/03/16,SP,60474,35946.60567,27734.65909,44158.55226
2025/03/23,SP,54648,52572.35565,44360.40907,60784.30223
2025/03/23,SP,54648,52572.35565,44360.40907,60784.30223
2025/03/30,SP,52158,56856.14208,48644.1955,65068.08867
2025/03/30,SP,52158,56856.14208,48644.1955,65068.08867
2025/04/06,SP,46191,55661.69809,47449.75151,63873.64467
2025/04/06,SP,46191,55661.69809,47449.75151,63873.64467
2025/04/13,SP,38213,50685.25782,42473.31124,58897.2044
2025/04/13,SP,38213,50685.25782,42473.31124,58897.2044
2025/04/20,SP,39231,56830.9389,48618.99232,65042.88549
2025/04/20,SP,39231,56830.9389,48618.99232,65042.88549
2024/10/06,TO,5,3470.293596,-4741.652988,11682.24018
2024/10/06,TO,5,3470.293596,-4741.652988,11682.24018
2024/10/13,TO,7,729.9200036,-7482.02658,8941.866588
2024/10/13,TO,7,729.9200036,-7482.02658,8941.866588
2024/10/20,TO,14,563.8418122,-7648.104772,8775.788396
2024/10/20,TO,14,563.8418122,-7648.104772,8775.788396
2024/10/27,TO,10,499.3353189,-7712.611265,8711.281903
2024/10/27,TO,10,43.125,5.8125,268.3828125
2024/11/03,TO,14,48.0625,6.125,294.56875
2024/11/03,TO,14,51.5,6.6875,302.03125
2024/11/10,TO,13,55.375,7.25,314.434375
2024/11/10,TO,13,60.34375,7.75,399.871875
2024/11/17,TO,29,64.40625,7.75,425.434375
2024/11/17,TO,29,68.09375,7.9375,463.5984375
2024/11/24,TO,18,70.25,8.125,479.4375
2024/11/24,TO,18,71.9375,8.5625,487.625
2024/12/01,TO,21,72.875,8.5,576.4859375
2024/12/01,TO,21,73.3125,8.5625,605.9859375
2024/12/08,TO,30,74.4375,8.1875,630.675
2024/12/08,TO,30,75.8125,7.8125,637.9875
2024/12/15,TO,16,0.586824522,-8211.359759,8212.533409
2024/12/15,TO,16,0.586824522,-8211.359759,8212.533409
2024/12/22,TO,18,102.5,8.875,756.584375
2024/12/22,TO,18,108.875,9.0625,785.521875
2024/12/29,TO,31,111.96875,11.625,800.5546875
2024/12/29,TO,31,122.09375,12.5625,834.1546875
2025/01/05,TO,60,140.53125,14.934375,885.6890625
2025/01/05,TO,60,157.90625,17.871875,860.2515625
2025/01/12,TO,57,180.84375,19.559375,898.2515625
2025/01/12,TO,57,211.34375,20.309375,1531.5875
2025/01/19,TO,98,220.84375,22.925,1561.284375
2025/01/19,TO,98,226.21875,24.3625,1600.096875
2025/01/26,TO,85,157.6656782,-8054.280906,8369.612262
2025/01/26,TO,85,157.6656782,-8054.280906,8369.612262
2025/02/02,TO,99,282.09375,32.9875,1541.970313
2025/02/02,TO,99,295.78125,35.4875,1595.020313
2025/02/09,TO,159,225.439001,-7986.507583,8437.385585
2025/02/09,TO,159,225.439001,-7986.507583,8437.385585
2025/02/16,TO,129,313.84375,42.6578125,1514.582813
2025/02/16,TO,129,321.96875,46.1578125,1488.271875
2025/02/23,TO,95,326.03125,46.2828125,1483.625
2025/02/23,TO,95,326.90625,47.7828125,1479.6375
2025/03/02,TO,99,319.1875,48.8484375,1456.2625
2025/03/02,TO,99,311.25,51.0984375,2557.804688
2025/03/09,TO,99,303.5,55.1609375,2533.867188
2025/03/09,TO,99,287.5,59.284375,1943.807813
2025/03/16,TO,112,286.6875,59.9703125,1937.495313
2025/03/16,TO,112,293.6875,62.0953125,1931.245313
2025/03/23,TO,85,282.4375,62.5953125,1933.557813
2025/03/23,TO,85,282.1875,63.7828125,1936.557813
2024/10/06,AC,NA,302.7834771,-7909.163107,8514.730061
2024/10/13,AC,NA,379.3389104,-7832.607674,8591.285494
2024/10/20,AC,NA,18.87192892,-8193.074655,8230.818513
2024/10/27,AC,NA,335.605893,-7876.340691,8547.552477
2024/11/03,AC,NA,299.779341,-7912.167243,8511.725925
2024/11/10,AC,NA,-8.356301921,-8220.302886,8203.590282
2024/11/17,AC,NA,270.9906658,-7940.955918,8482.93725
2025/03/30,TO,NA,876.9788958,-7334.967688,9088.92548
2025/04/06,TO,NA,1308.906612,-6903.039972,9520.853196
2025/04/13,TO,NA,1510.463623,-6701.482961,9722.410207
2025/04/20,TO,NA,1304.777448,-6907.169136,9516.724032